id,timestamp,latitude,longitude
8ddcf727-e402-4816-9d22-38431b8ea315,2026-02-03T08:43:01.764684,-26.19558107681603,28.0595775805367
7f51d41d-6155-4fd5-9526-1be11d4646aa,2026-02-03T08:43:02.764684,-26.200245866475218,28.035471845041464
4ec72592-31a0-4ee0-8b0a-15d8b19a9288,2026-02-03T08:43:03.764684,-26.221211065991184,28.062313158063617
40bcbf17-2c81-4d1a-81e1-a22abb6e66eb,2026-02-03T08:43:04.764684,-26.20912786835199,28.0372916461476
6f41bd7e-bdc4-4b7d-914d-048c7cb4bcb0,2026-02-03T08:43:05.764684,-26.210428549194024,28.05447741178925
706d4a03-e7a2-4792-9ce3-4fd65830b029,2026-02-03T08:43:06.764684,-26.19249150970819,28.05802215049152
ba346135-5028-432f-9ac9-dba22af55650,2026-02-03T08:43:07.764684,-26.213824864201964,28.03168046118179
a0ee4f2f-87bb-4973-bbb4-4cf997efcb1f,2026-02-03T08:43:08.764684,-26.186698585981823,28.04887094078524
72bda1da-f2e3-4933-a563-1378ead40e27,2026-02-03T08:43:09.764684,-26.21057400901283,28.034734063453186
f580f678-af0f-48c4-abe6-583e23acd1e7,2026-02-03T08:43:10.764684,-26.188143720995434,28.035720500981014
7a0dcc0b-a2e5-41e2-a642-bb0bc4ea3d06,2026-02-03T08:43:11.764684,-26.21171235446612,28.027609953303834
36c5dd70-e682-44b9-81cc-5d0bf084447c,2026-02-03T08:43:12.764684,-26.21344768608448,28.063017326494855
8cb2b88d-a057-4b76-807a-ca77a50c37e0,2026-02-03T08:43:13.764684,-26.202844055201087,28.03267397309339
188bc765-7566-41f2-93bf-438ef3250ff6,2026-02-03T08:43:14.764684,-26.19245640263736,28.030210102909567
43b92eb6-373f-4b86-a548-5032f2c59959,2026-02-03T08:43:15.764684,-26.209367758084486,28.027421206741025
fb122986-5696-44c6-b702-31e84c8004d2,2026-02-03T08:43:16.764684,-26.21409534978724,28.04875432667596
d544f654-c7de-40fc-ad03-47119e545df8,2026-02-03T08:43:17.764684,-26.195379638006532,28.060697267324816
375683dd-51f1-4845-a0cd-cda9d61dbffe,2026-02-03T08:43:18.764684,-26.18795664210504,28.060895023015217
18498aaa-487e-4286-9472-19920f621604,2026-02-03T08:43:19.764684,-26.214401872645244,28.061996980054843
508ca276-b368-4d8a-8379-98e31ad0f750,2026-02-03T08:43:20.764684,-26.213948492213028,28.061534031779296
0a204a76-46cf-415b-9c1a-50260e0d6f81,2026-02-03T08:43:21.764684,-26.202653921159776,28.02750246521238
05856a0c-180c-4927-a755-12111ccb9d5b,2026-02-03T08:43:22.764684,-26.20553137552384,28.057245310985678
0776d550-c73e-4d8d-946a-c633b8e9cf92,2026-02-03T08:43:23.764684,-26.208526383272535,28.043931864505755
24bddc8e-d630-4f37-84c1-1cbc0b3b9a81,2026-02-03T08:43:24.764684,-26.186482696432705,28.049464602328356
b5d37309-ef83-4d2b-b82a-4e0ebab67d97,2026-02-03T08:43:25.764684,-26.19519571884993,28.03933794742398
d410426d-02a6-4bbb-b3ca-344100b8f157,2026-02-03T08:43:26.764684,-26.19429920409665,28.031677058979085
ef13e7d2-e0a7-4baa-bc8d-489d68af0263,2026-02-03T08:43:27.764684,-26.20239653189307,28.061443960630935
06b29a7a-4254-4d35-b583-6849628b76d1,2026-02-03T08:43:28.764684,-26.210797192924865,28.03170670483787
81a2db66-1386-4601-9da2-f30a5037fad2,2026-02-03T08:43:29.764684,-26.18506677718765,28.045417944831804
b217f27b-1097-43d2-9919-529519a1df20,2026-02-03T08:43:30.764684,-26.209625500156413,28.04248284409325
e58b39f4-3d1d-4226-b049-8159ab3a04e4,2026-02-03T08:43:31.764684,-26.20370871673436,28.028488875115
4d66056e-acbd-42c5-8b15-493b6ff03123,2026-02-03T08:43:32.764684,-26.208004441832866,28.047794470711814
d92629f9-b186-42d7-a1f2-82c9fd6a130c,2026-02-03T08:43:33.764684,-26.210501264103574,28.02857526706685
2f2ed42d-2782-444d-8790-40cbe9112bc8,2026-02-03T08:43:34.764684,-26.18475457082697,28.051411243565617
40bdec3c-72cc-4cb8-825a-5de2174d0b69,2026-02-03T08:43:35.764684,-26.2236924587638,28.05561391502982
406201bb-9ae6-4eb3-a647-6c67fea8e9d0,2026-02-03T08:43:36.764684,-26.190819850945434,28.058067157829317
5d6d48ce-e9a0-4bd9-afcb-30eb2f4122e8,2026-02-03T08:43:37.764684,-26.22136476651701,28.040155788578343
76cae2d5-77a8-4cfe-b893-d39a2193af80,2026-02-03T08:43:38.764684,-26.210708344729586,28.06617463319085
b6411e99-1299-4ca4-b345-38063e2c03e4,2026-02-03T08:43:39.764684,-26.221898737909843,28.031742892016982
0a513a75-a65c-4745-bfb6-a2ea1e90cd22,2026-02-03T08:43:40.764684,-26.208414296503094,28.037287210298114
24759213-e8e6-410e-9f0d-c0821c915eff,2026-02-03T08:43:41.764684,-26.1886621873813,28.05682943230013
508a6996-bfbb-4064-a8cc-874307d59dcb,2026-02-03T08:43:42.764684,-26.215259149627695,28.054870997952822
c96ca859-62ba-4678-bbe3-82af4354f75f,2026-02-03T08:43:43.764684,-26.190510048415412,28.037352836734033
2736da9f-b682-4756-8042-2b4fa82e6ccb,2026-02-03T08:43:44.764684,-26.185639691945322,28.058760002151637
05c8c371-c5d3-4762-b35d-79b6a4002246,2026-02-03T08:43:45.764684,-26.20137380629493,28.06290505644313
28d2864c-89aa-4bd1-b63c-b6825a8bfd03,2026-02-03T08:43:46.764684,-26.186807200347225,28.03205076690731
ce1f7d48-6bc9-4c2a-8aba-f0a842ae9416,2026-02-03T08:43:47.764684,-26.21694388073466,28.046624928916174
82f4345e-83dc-4471-b4d3-ae82528ddad8,2026-02-03T08:43:48.764684,-26.194875557161627,28.039082218231716
2ea87d96-de54-49c8-9b6f-466757cc46e5,2026-02-03T08:43:49.764684,-26.19394074992631,28.0573896575014
789eb03a-e31c-491e-a892-c1d93837f5a8,2026-02-03T08:43:50.764684,-26.203784612102982,28.03977102649538
fc44043b-b7eb-4c8e-90c1-1880db86d68d,2026-02-03T08:43:51.764684,-26.18666690469624,28.036989633108085
81a5c164-bf00-41e2-8e4f-4468989b3f5d,2026-02-03T08:43:52.764684,-26.210454823053798,28.040530830569324
a1a63b11-5f69-4e27-8382-305b67b2d706,2026-02-03T08:43:53.764684,-26.221985018841373,28.049836885838612
4f22d70a-3c4b-439f-b0b3-7fd120456081,2026-02-03T08:43:54.764684,-26.205765107995326,28.0426083821789
a4fc084c-392f-4c48-b76b-26bb64427cd3,2026-02-03T08:43:55.764684,-26.184128196270173,28.038897435166863
aa0b9035-043c-4cf2-9e49-d5152aa04e24,2026-02-03T08:43:56.764684,-26.186801392616545,28.047306473325666
97415637-093d-42a7-8cd9-36251a9b9ec7,2026-02-03T08:43:57.764684,-26.193920078683128,28.031043857686818
3add6462-16a4-4ee5-aa30-c867dc09861d,2026-02-03T08:43:58.764684,-26.204089893278045,28.060269579447322
2b66d027-30f5-4a05-8ffb-5a24e8c06fc2,2026-02-03T08:43:59.764684,-26.216010584918035,28.065101165216724
d199472a-91ef-4484-9ac4-4dfbe33d5a00,2026-02-03T08:44:00.764684,-26.21262162726985,28.047749524029545
ee0db86f-35ca-4d3a-bcdb-185479c725a1,2026-02-03T08:44:01.764684,-26.19572831881485,28.051283509902884
b6baabce-88f5-4082-982b-5fdb72588d48,2026-02-03T08:44:02.764684,-26.220885851209854,28.040056955872465
1b3538eb-6680-428f-9a83-0168aec82a0a,2026-02-03T08:44:03.764684,-26.19910518390101,28.0605741426487
bafdb39a-12ea-4323-8c25-7b3274721a7f,2026-02-03T08:44:04.764684,-26.214175322654956,28.052658667633672
63476ea3-7aa0-4edd-9ac0-5f3df743f354,2026-02-03T08:44:05.764684,-26.191049645444497,28.039228697200752
51ca2acd-25dd-43c8-8993-2db4a2b8db86,2026-02-03T08:44:06.764684,-26.195271056766348,28.061229751399477
0950bae5-6da4-4cb9-b3d4-1101706b5e51,2026-02-03T08:44:07.764684,-26.217706403398385,28.029718501208365
6c55e3dc-9194-4749-9e45-c2851fa24c64,2026-02-03T08:44:08.764684,-26.217968745943075,28.040296561704732
b9f5d226-353b-4af5-b557-f4120d3703e4,2026-02-03T08:44:09.764684,-26.201920599996487,28.063116953529143
e18f87db-7ba0-4bf9-9da9-cf281d397776,2026-02-03T08:44:10.764684,-26.184313617369675,28.061080364584797
a580b9c2-a598-4fd0-a44c-c68c85ca18e5,2026-02-03T08:44:11.764684,-26.191250501997853,28.028384122018053
0e857264-0fd0-47f9-bdf2-59b7c7cafc7b,2026-02-03T08:44:12.764684,-26.22253515991735,28.064607153243223
e526fb05-3144-4691-9179-d7555e187186,2026-02-03T08:44:13.764684,-26.209906947825722,28.064100429788684
2695307b-2057-4aaa-82dc-82aedfb5efc7,2026-02-03T08:44:14.764684,-26.193948190905786,28.03742624415454
dae37070-01a9-4500-b763-5b3e9c7bac61,2026-02-03T08:44:15.764684,-26.20697312690897,28.028882990222773
1ce69597-2f76-4af7-897a-f987c2c67052,2026-02-03T08:44:16.764684,-26.205947696037814,28.040833729015993
3cd88366-7cd0-4ea3-93db-70185b0fc00c,2026-02-03T08:44:17.764684,-26.21187396156297,28.034030665481737
b00ffa20-b0e2-4ab2-8fcb-a202ca9bf9cf,2026-02-03T08:44:18.764684,-26.19597988185174,28.038139338516356
ec82fb26-75b2-4cdc-8d66-c6b9cd4ec91f,2026-02-03T08:44:19.764684,-26.20026578242746,28.059821049836916
71caf62f-b674-4833-9d4f-3b6ff7c73d20,2026-02-03T08:44:20.764684,-26.1954136282484,28.064856517205495
bfb17a2f-a9cd-4fad-81fc-734b0d3f0981,2026-02-03T08:44:21.764684,-26.20405465418218,28.049668678023018
cf998236-9d7e-4e0b-9c67-f0d73f2140f8,2026-02-03T08:44:22.764684,-26.199030086888115,28.03372607680753
5312a775-a61c-4d74-a746-69a74c348c37,2026-02-03T08:44:23.764684,-26.20662704818359,28.045417078667278
f08fec18-abf9-48f2-9553-8a694f348912,2026-02-03T08:44:24.764684,-26.189265568307896,28.02880954531946
3f435cef-6524-4688-887a-e0406a226ae3,2026-02-03T08:44:25.764684,-26.2086283647364,28.057591903260704
9faf40dd-76f0-4373-9404-3fc88569c152,2026-02-03T08:44:26.764684,-26.192291550214033,28.03560227130705
78e55036-d20f-47dc-ae26-fa41b349a36e,2026-02-03T08:44:27.764684,-26.21677239503954,28.061524394209098
53147dd0-6b25-429c-8f0b-db6918f80f6d,2026-02-03T08:44:28.764684,-26.195377586140147,28.06220524631436
dab13fde-a890-43e7-b469-5c62c299ad43,2026-02-03T08:44:29.764684,-26.2068993658216,28.055638378877692
1feade92-cd52-46b2-9c82-cc10cc598830,2026-02-03T08:44:30.764684,-26.212915042265518,28.035952465751585
56dab260-b9c1-40e1-8414-463c5b1fcb13,2026-02-03T08:44:31.764684,-26.21108030190423,28.033138979866838
61a8c59d-5b06-402e-8a3e-4274149cb331,2026-02-03T08:44:32.764684,-26.21062237375773,28.042857487835544
85cde1b1-7e95-41fb-bcfd-b82f7f85d653,2026-02-03T08:44:33.764684,-26.216572177791026,28.05576704852555
38ad983b-fec2-46ac-bd89-2810db0ab867,2026-02-03T08:44:34.764684,-26.197806421862825,28.053048735663708
6295eca1-6a58-4ef7-99d7-25e267256332,2026-02-03T08:44:35.764684,-26.212586182615638,28.04226473304143
ec7205e5-bbb9-438b-94d9-f35ed2ec6862,2026-02-03T08:44:36.764684,-26.200873990396026,28.046917376495667
362862f8-5118-4ccc-8f39-c6f16855e47d,2026-02-03T08:44:37.764684,-26.203023541756263,28.056565509734998
947bd601-f596-4e7a-91c8-2f75c5f0678a,2026-02-03T08:44:38.764684,-26.18685275592016,28.030145613258696
f3e55d0f-7067-44fd-ba95-18188e097d14,2026-02-03T08:44:39.764684,-26.222462974513245,28.04111527710108
6fc28552-3adc-4f02-be9d-b39b803b3965,2026-02-03T08:44:40.764684,-26.194388961371494,28.02932426355011
f53cef1a-3fb1-4d0f-9d3e-f2e3393aea57,2026-02-03T08:44:41.764684,-26.191099553373455,28.047697261452864
c265181a-25d2-4e4c-8b5a-2b5665151dc4,2026-02-03T08:44:42.764684,-26.211119663562748,28.049019512215136
7f7d0a6e-b81f-4f7d-8a98-90dc65286ed9,2026-02-03T08:44:43.764684,-26.213513679163633,28.041027607784958
82c836c3-157c-45a9-942f-9ea7aebeaf79,2026-02-03T08:44:44.764684,-26.216277706582776,28.038693530178968
a1d07f42-0a87-4029-a62f-df74f0a79b63,2026-02-03T08:44:45.764684,-26.197644403956733,28.05017517033339
0d3bb970-2ada-4b4c-bbb2-a24c0ca3e7e5,2026-02-03T08:44:46.764684,-26.212744627454583,28.03671184175481
f2c57e1e-169f-40e3-b908-a60d0a511d76,2026-02-03T08:44:47.764684,-26.188227628423284,28.047066271684137
e51c2317-3cae-43a0-887e-28c743b4f204,2026-02-03T08:44:48.764684,-26.217628617423294,28.05529085809404
5480390d-4c91-46f9-af68-63bf88e9b80d,2026-02-03T08:44:49.764684,-26.20409173197552,28.034421383391752
87d9edac-d678-466d-a018-126d97ebf5a0,2026-02-03T08:44:50.764684,-26.188824958415815,28.06544403014275
04966f17-80d7-4c5e-b608-c67d277d0110,2026-02-03T08:44:51.764684,-26.201651347282063,28.055590021580343
7343ceed-0bce-4bf4-97dd-0d272a222da2,2026-02-03T08:44:52.764684,-26.2038017508317,28.049126702717935
74219997-d1f6-47c6-8858-fc7271d410ad,2026-02-03T08:44:53.764684,-26.203377132940478,28.03322122882183
2bfa0848-b90e-424e-8fa3-9367ec933570,2026-02-03T08:44:54.764684,-26.19397858816755,28.050591606166947
364d81b3-ff49-4795-917e-50e29af81790,2026-02-03T08:44:55.764684,-26.215032469704767,28.055475452600607
1c9fe4e8-1288-437f-84af-3fde11a00f25,2026-02-03T08:44:56.764684,-26.196801259743747,28.027667651285736
c975f904-81e3-4c61-a534-609f855b73a0,2026-02-03T08:44:57.764684,-26.1924750852473,28.0541257962656
a0740162-aa7c-46b5-8ade-d782b1c31a83,2026-02-03T08:44:58.764684,-26.21518562386273,28.028203438460803
2f7bfcd6-258f-4777-8739-3219ce09a4e7,2026-02-03T08:44:59.764684,-26.198358643879217,28.066172619967684
aa325901-2ee7-40a2-b0fa-c4eaf2d8dd1a,2026-02-03T08:45:00.764684,-26.20662311152592,28.053277673452683
5f5638ee-ab2e-409c-9dbe-9986e1358fe7,2026-02-03T08:45:01.764684,-26.21041193436609,28.038458946865664
14268880-2cb2-4e36-baa3-1f1455615de3,2026-02-03T08:45:02.764684,-26.211553421051587,28.053397004192252
1e7452b2-8077-44ba-abd9-965c43d6a46f,2026-02-03T08:45:03.764684,-26.19825940149069,28.045435270969527
038afb25-5ef7-4b2f-89a0-8f0d7b4fe7a6,2026-02-03T08:45:04.764684,-26.220511924852467,28.028897181616294
5e804472-cd5b-4973-b962-5b9f8588715f,2026-02-03T08:45:05.764684,-26.201616010595586,28.056222439578903
c8c99f89-5b0b-477c-b33e-8d4062adacb3,2026-02-03T08:45:06.764684,-26.217450840530702,28.0447860541526
89fbb00d-7106-4110-8c0f-9cb7821f04cc,2026-02-03T08:45:07.764684,-26.210209292125004,28.056409873844956
410731cc-244c-4b03-b746-55f6e9e078bb,2026-02-03T08:45:08.764684,-26.198924740998137,28.035081115599457
08558233-f471-460f-83ea-ea848f7adabc,2026-02-03T08:45:09.764684,-26.20755598715727,28.03696690078789
28b9574a-e3f7-4731-b726-c87f19a9040c,2026-02-03T08:45:10.764684,-26.222979093443055,28.066851379634777
8982ea12-f432-4093-a6c0-0b15483dde91,2026-02-03T08:45:11.764684,-26.199702788271196,28.054646283284466
eeaeea58-bd8e-4f88-9f79-b4763e206296,2026-02-03T08:45:12.764684,-26.21313547911707,28.04115791848018
a63e9bbd-cf8f-49ee-afa3-bab019e931eb,2026-02-03T08:45:13.764684,-26.189918385737982,28.044176607189566
939a397d-b539-4b7b-b0d5-99347a9e1f59,2026-02-03T08:45:14.764684,-26.21473403965614,28.03878454525023
819335ac-c8d7-4c8f-acc7-315a2648a342,2026-02-03T08:45:15.764684,-26.22052591154619,28.04789356416492
a5ce058d-09dc-4955-baf2-127b4814044a,2026-02-03T08:45:16.764684,-26.194199146822257,28.028064391732524
8f50116c-107d-4ce2-982b-b96d96a9dd2a,2026-02-03T08:45:17.764684,-26.21952935849229,28.029989958185837
ba9e60e2-ee1e-40d5-847d-1c4e7f724593,2026-02-03T08:45:18.764684,-26.208288140603592,28.045900592268598
b07c8287-e9d9-4b38-a41a-f2b90953f4c5,2026-02-03T08:45:19.764684,-26.190676833335402,28.053632167529322
90ac9658-271b-483d-8454-e58f16fb0772,2026-02-03T08:45:20.764684,-26.18496297823517,28.06495927021052
76ab1464-75e4-4389-b684-c033990c0f97,2026-02-03T08:45:21.764684,-26.190129052874404,28.036004011631704
89febc7a-213c-4361-88dd-028c054f9baa,2026-02-03T08:45:22.764684,-26.18462541715895,28.04229258604285
3b5b7480-5135-49de-85c9-5df316f5bce9,2026-02-03T08:45:23.764684,-26.19892409813733,28.066320378294517
83051227-1151-4eff-9473-13d366f6cf19,2026-02-03T08:45:24.764684,-26.202286510571813,28.05500908178678
d945afdf-ce8e-49bc-a93b-65feaef42f22,2026-02-03T08:45:25.764684,-26.193603399239013,28.03884614117741
00c1140d-356a-4e75-b693-a899f8915f3e,2026-02-03T08:45:26.764684,-26.21870767051905,28.040558202558703
c6bbcf7b-f339-40ab-ae7c-a4734116abfc,2026-02-03T08:45:27.764684,-26.19772692477834,28.03997001254722
5acdf6ba-3f87-42da-b2a5-bc535c47999e,2026-02-03T08:45:28.764684,-26.198235227006872,28.045975006164536
12e1d094-2127-4a2b-bdb6-6fb5e1bbe71c,2026-02-03T08:45:29.764684,-26.195403609908077,28.05534981299718
e40d7e61-9b94-4c12-a642-de4a05d0ee7c,2026-02-03T08:45:30.764684,-26.2044643497171,28.057424576337965
7b259c5f-48ec-43e1-be2b-fd26fb151878,2026-02-03T08:45:31.764684,-26.192752992256025,28.056182472757595
79e87e31-bb6d-4ee2-bba4-26288e9c32cf,2026-02-03T08:45:32.764684,-26.221183688247624,28.049514441191587
6f196de8-1f6e-4596-b06d-5255ddcbac53,2026-02-03T08:45:33.764684,-26.195124568810062,28.049889052653885
fbbe1335-86a1-41fe-b661-202a1ae66430,2026-02-03T08:45:34.764684,-26.212899508048103,28.03195575264336
9ea8aa65-be73-4904-a01c-c9a1721212f4,2026-02-03T08:45:35.764684,-26.19903864410768,28.050364202471265
026bbed8-2ed5-49db-b233-53c6a246980a,2026-02-03T08:45:36.764684,-26.19498970994052,28.03127923948884
2fc6a626-ff17-4873-a74e-284c441e5974,2026-02-03T08:45:37.764684,-26.211911152412192,28.050527717413622
a9ce2262-0c1f-4aa2-ad69-be4f22301815,2026-02-03T08:45:38.764684,-26.218639443849227,28.044252867202516
62eb3111-6cd7-4049-8c98-7cec028807ae,2026-02-03T08:45:39.764684,-26.223230670030368,28.03757379325304
639206a8-a4c2-40ce-a13b-e174b9cf7ede,2026-02-03T08:45:40.764684,-26.192788682708215,28.045406158417748
b7353586-5149-4078-902b-f80c82991b8c,2026-02-03T08:45:41.764684,-26.220857932035265,28.053080664563797
efff4b3c-a5dc-42e5-81c1-b4c017db95fd,2026-02-03T08:45:42.764684,-26.200309998476182,28.028705619659927
90dd01b5-a21a-402e-aa3b-13046268d491,2026-02-03T08:45:43.764684,-26.217344528577314,28.06420746506195
0f30c7dd-7062-409c-9752-9d618899fc36,2026-02-03T08:45:44.764684,-26.214732141388943,28.04158362367385
504e6e25-9687-421c-af00-a988dfd77f08,2026-02-03T08:45:45.764684,-26.193431377516276,28.05466591311934
049c7f35-c50c-4a7e-ab8f-1827995a96cd,2026-02-03T08:45:46.764684,-26.206622111460653,28.05950974216435
2b046ed6-e2f7-4f0b-a84c-9d4b28ee284c,2026-02-03T08:45:47.764684,-26.211679094170186,28.055717736868445
f11313d8-9762-4dd4-821d-c69641eb83f7,2026-02-03T08:45:48.764684,-26.189327430884944,28.031139786223935
ad16d552-1657-4947-870a-2174c411b30c,2026-02-03T08:45:49.764684,-26.20267464547308,28.037163652736254
70355b5f-17a9-474d-89a7-2b34cccac65f,2026-02-03T08:45:50.764684,-26.19499517099777,28.03471822894034
81e93b4c-e605-43fa-b3ca-1307fd06a9cb,2026-02-03T08:45:51.764684,-26.213416004148392,28.049496958194503
ecc706bc-a50f-47fb-b2e5-f4c4ee9beae7,2026-02-03T08:45:52.764684,-26.207094657335254,28.062973478071136
7f884b84-daf7-4f88-acd4-e1b4e95df6ae,2026-02-03T08:45:53.764684,-26.207251952279403,28.038376889137563
506c0427-7ecc-4f2c-8795-59b2e21fcb6d,2026-02-03T08:45:54.764684,-26.223359427572632,28.032697409468938
b4f116d4-949d-4677-a905-e68b420702fc,2026-02-03T08:45:55.764684,-26.217164424565972,28.054026138582664
8e452697-fc2a-40af-b0b4-5c276d7a4757,2026-02-03T08:45:56.764684,-26.19569831674032,28.05581179756631
e2f5de11-3642-4993-abc0-221df5a4eb6f,2026-02-03T08:45:57.764684,-26.189623734678534,28.052308151506786
4a5d41c2-36a1-4107-8540-d2a6a53cf083,2026-02-03T08:45:58.764684,-26.21349076474344,28.060783336903533
1dc982f5-65e2-47fa-9751-0e183433fbb6,2026-02-03T08:45:59.764684,-26.21347129450514,28.06525835275511
28ef4645-6f8f-4247-8c92-bfb3351f413a,2026-02-03T08:46:00.764684,-26.202191614886203,28.036788936144294
15addc69-ac30-4b28-93a4-8983840c6613,2026-02-03T08:46:01.764684,-26.20928230072619,28.038295466452002
e1267742-3f76-474e-8f89-3eeec105a8e9,2026-02-03T08:46:02.764684,-26.202499482581008,28.043151289496898
1c713117-2336-4e74-a8f1-fd99554386ac,2026-02-03T08:46:03.764684,-26.20640978441297,28.066503272455826
082ab606-8390-4d70-94cb-b15de8d3f7a3,2026-02-03T08:46:04.764684,-26.220771722294984,28.052922389461123
19ce2ef1-c55e-4a8d-aa4a-634f00a15e11,2026-02-03T08:46:05.764684,-26.20508027602341,28.030806527608206
56fd66ba-c04c-499e-9132-7cd55d94fb86,2026-02-03T08:46:06.764684,-26.18821193186389,28.05386158741219
2ad41a90-e0df-486a-96ed-c111f572bbd3,2026-02-03T08:46:07.764684,-26.19615411966699,28.03699341658539
56ace74d-19e3-44b3-ac6d-66f1ceb82b9e,2026-02-03T08:46:08.764684,-26.214911344595023,28.04163516964792
a59ef82d-f773-4481-b506-703f67f5e7e3,2026-02-03T08:46:09.764684,-26.19517054613489,28.056955989037984
80bd6ea4-2fec-4c9a-9232-62039003ee4d,2026-02-03T08:46:10.764684,-26.202855675759068,28.036571350281132
d9c72355-9a21-4067-b1f4-afb80c081a1f,2026-02-03T08:46:11.764684,-26.20618569248119,28.03968778276481
d43dd811-3365-4d2c-b5de-4b8ea7a0247f,2026-02-03T08:46:12.764684,-26.200424934903772,28.058261898892557
c9e4abf3-4c7a-4fba-bb31-9ab5530d16b8,2026-02-03T08:46:13.764684,-26.185982547402386,28.03421998372568
9394fdde-cba3-4bf2-931d-0d04d7560d4f,2026-02-03T08:46:14.764684,-26.184243956885776,28.033856298409333
04a172f6-bce7-496a-bf81-89cfa02af454,2026-02-03T08:46:15.764684,-26.193878160668955,28.046725317968917
e52f949b-d330-4b62-896d-16b435c5e4d3,2026-02-03T08:46:16.764684,-26.20532019385291,28.042637214816036
0a106d79-0df4-4f04-b2cf-f146441f22b6,2026-02-03T08:46:17.764684,-26.202452176580735,28.037922884856805
54edc614-3a30-4b72-b644-13f6c0af4d14,2026-02-03T08:46:18.764684,-26.20439036214754,28.06572094427644
d3faecf6-9455-4430-bb62-7f6aceb9ac49,2026-02-03T08:46:19.764684,-26.190255084968914,28.054955820036035
fee9b9ec-3729-4bd6-ab75-ca9afa7352fe,2026-02-03T08:46:20.764684,-26.218103978635003,28.061971309959866
a50d58e4-66f3-46d5-8a70-3e9e25c765d6,2026-02-03T08:46:21.764684,-26.21162188750772,28.03548190061576
ae0130d7-d27f-40c8-ad79-09a61c353b77,2026-02-03T08:46:22.764684,-26.205331440106548,28.032765719538514
9a3cb719-f5e1-4738-b161-76aaace12e28,2026-02-03T08:46:23.764684,-26.207769057405038,28.041235459921545
43f64b34-3a3f-410c-9d4a-eab6f196e89d,2026-02-03T08:46:24.764684,-26.202553883740748,28.042672397278746
9db9e6c5-1678-47e8-b32a-cdc51b2cf710,2026-02-03T08:46:25.764684,-26.199435192725815,28.053385533713012
827c54ff-55e8-45be-9fb3-0f6249268a90,2026-02-03T08:46:26.764684,-26.18704285440483,28.029507144463324
ec9e7be8-05bd-4d43-8450-d068c78530fa,2026-02-03T08:46:27.764684,-26.203285969346915,28.034017424437607
3cecaead-faef-4d16-90d3-f557662e6ed9,2026-02-03T08:46:28.764684,-26.193905100114378,28.030179949477457
8eb9295d-7f56-4d68-8b6f-26642950626d,2026-02-03T08:46:29.764684,-26.194056665200364,28.066944105574894
17eea9e3-06ae-4a37-a9f6-33ad0609b784,2026-02-03T08:46:30.764684,-26.18895745602361,28.03964437837549
97d37cae-0fc4-448d-b256-59a564380853,2026-02-03T08:46:31.764684,-26.22157699938098,28.03483370483696
cd751e4d-ad81-4f05-b5e9-90e0ffc1464c,2026-02-03T08:46:32.764684,-26.1992697544842,28.05377271164367
127be80a-3bf1-40ff-86db-21378c420a7b,2026-02-03T08:46:33.764684,-26.194718096912233,28.027343066627964
8413bfad-bec6-4a7a-b9a2-6442fe9e56b9,2026-02-03T08:46:34.764684,-26.198823220384714,28.04451675860458
0140d189-d53e-4e0c-a114-0959afa81609,2026-02-03T08:46:35.764684,-26.22360928059012,28.02918059485594
8043ae67-f433-4744-8438-f0fe4085ed5c,2026-02-03T08:46:36.764684,-26.200859496393058,28.049981319649017
13653e9c-71ab-42cd-813a-764d2b56a1fa,2026-02-03T08:46:37.764684,-26.20582028994898,28.062490621304548
71fdf3bb-d428-4a1e-9f3b-06b10da636ff,2026-02-03T08:46:38.764684,-26.197230165554444,28.03567147138988
524f916f-4039-48ff-be23-39d61aec4cbd,2026-02-03T08:46:39.764684,-26.185366927969184,28.045786750679362
40621938-d519-440d-a5d2-87ea93c05587,2026-02-03T08:46:40.764684,-26.195976971643287,28.042163002111597
751b0efb-29c7-4c3c-b240-07efd9e824bb,2026-02-03T08:46:41.764684,-26.220726239514185,28.062894960044027
d9e0c3ed-d07c-4472-9a41-dae1dcca8a07,2026-02-03T08:46:42.764684,-26.18678433768813,28.044576043399008
c7b80e5f-ce3f-4d10-ba54-c4694f8459b7,2026-02-03T08:46:43.764684,-26.223299176025865,28.047383690491458
1b491c09-0246-44bf-97b3-38d24d842e59,2026-02-03T08:46:44.764684,-26.2050969890443,28.04122422108555
f94ff620-1557-478e-af2d-111aa7f296cf,2026-02-03T08:46:45.764684,-26.207194108687524,28.051695961088868
2e00de7a-cf4d-4201-9d2e-a25e42cc25be,2026-02-03T08:46:46.764684,-26.22311448230007,28.049211261471747
2443c2d4-62da-4170-8e65-a74480bea621,2026-02-03T08:46:47.764684,-26.208509757470058,28.039002329572963
198ebd10-e6df-4c9d-8e22-b8456f72660e,2026-02-03T08:46:48.764684,-26.215969749176132,28.039913062730896
67952876-ef1f-4e5b-9ce8-1a770c478071,2026-02-03T08:46:49.764684,-26.19385801511361,28.03345700797761
00d7e817-ccd2-4879-a2ea-7c4efd2f3481,2026-02-03T08:46:50.764684,-26.187892435015467,28.0644610814456
10ac1b65-2ccd-402a-b16e-03246d50019b,2026-02-03T08:46:51.764684,-26.204640484552815,28.065369785914665
3a12cd91-c4f3-4990-b199-6abbef1c5bc2,2026-02-03T08:46:52.764684,-26.21456258891253,28.054194171709398
866a26f1-19ac-4780-a864-1b5eece3d540,2026-02-03T08:46:53.764684,-26.18694075090368,28.044086343593815
e91bab48-67bf-42c1-951f-94f419da1057,2026-02-03T08:46:54.764684,-26.219452252735298,28.062084767171086
88b9432d-7313-4013-b53a-43d9191ee866,2026-02-03T08:46:55.764684,-26.21815353115524,28.038127313278896
c79b27e0-1cab-4abb-bac8-134f75dc2b4c,2026-02-03T08:46:56.764684,-26.188956606508885,28.029734451159854
fb316041-35e2-4327-9fbf-b43e084740dd,2026-02-03T08:46:57.764684,-26.202932632102588,28.02864796310471
0c683379-0d51-4be7-b5b6-a90225462a1e,2026-02-03T08:46:58.764684,-26.210298984980913,28.040438061606185
31134224-b213-4468-95c0-24d0f7e23287,2026-02-03T08:46:59.764684,-26.193792144647393,28.034763754130775
edb4f2fc-6eec-4738-9376-8e68fec5ebf7,2026-02-03T08:47:00.764684,-26.202227600209962,28.044825752321263
6d832815-78af-4cb9-8e69-32acd31eda0b,2026-02-03T08:47:01.764684,-26.19025833435517,28.043019151811833
ffab8384-4536-40a9-8d36-f9e8ce384486,2026-02-03T08:47:02.764684,-26.189040568174022,28.064103314058666
798340f5-9b13-4324-9f99-161802650718,2026-02-03T08:47:03.764684,-26.209766246103598,28.032791413420938
96b4c08b-d34a-4250-b738-4dc9b6c407e3,2026-02-03T08:47:04.764684,-26.199482202257187,28.04741604193712
a7f058c8-3e2f-451a-b28f-a8c179e82442,2026-02-03T08:47:05.764684,-26.214973737475756,28.046633463784744
d5f14a9f-73cb-40a0-8790-3a83d1c48b93,2026-02-03T08:47:06.764684,-26.193671390862328,28.050523597890358
364fb615-a231-4efe-be29-d91e59fa9bb2,2026-02-03T08:47:07.764684,-26.21336822077721,28.06467170009381
07ad1475-4bf7-487a-a5c3-fce468dce155,2026-02-03T08:47:08.764684,-26.19250315182706,28.038214341618055
cbcd5bd1-8b86-4009-867a-d6983a8b9f59,2026-02-03T08:47:09.764684,-26.191862898495245,28.030898509168292
fadd880f-8fdd-48a9-911f-318480907797,2026-02-03T08:47:10.764684,-26.193068513089848,28.065691990430967
7f57d688-0e72-4562-bcd4-173a5a54e9d7,2026-02-03T08:47:11.764684,-26.223517524969573,28.040526239962077
3d6f2360-c39f-4375-830d-236a0c8a0df3,2026-02-03T08:47:12.764684,-26.187450270264126,28.052931421869072
3c1899f4-a26d-4309-885d-56eada35ff95,2026-02-03T08:47:13.764684,-26.217104621433105,28.027663740842343
1606d35d-c070-4dea-b7d3-3027daa08964,2026-02-03T08:47:14.764684,-26.203028505963758,28.058068431041736
76c28142-bd73-4ce2-a196-37bfb3651a70,2026-02-03T08:47:15.764684,-26.188124425905094,28.034986701230398
bf825366-8f72-4a46-8a65-963993945ebb,2026-02-03T08:47:16.764684,-26.18876535897717,28.040065761516857
1225c79d-740a-47f3-9894-228df934295e,2026-02-03T08:47:17.764684,-26.20841795719744,28.032061175909053
e0c4896d-6d27-44bd-8a05-077cd5adb1db,2026-02-03T08:47:18.764684,-26.19156661860989,28.064231010700375
5c6f227c-df9a-49de-8032-50d4d9c88051,2026-02-03T08:47:19.764684,-26.202370888243326,28.045702720046933
51adbdcb-d076-41ef-ad24-ac5a1db70a23,2026-02-03T08:47:20.764684,-26.197665946078175,28.060824188333704
64e024da-44e4-4d5d-8112-eec5cbe9229a,2026-02-03T08:47:21.764684,-26.212413183238798,28.05241171542477
72dba056-2564-4c6a-94f8-ec94ef6e90a1,2026-02-03T08:47:22.764684,-26.20492449514292,28.051000667929014
a286fed5-3832-42c8-b5eb-873f570512de,2026-02-03T08:47:23.764684,-26.21066598176075,28.033111019115275
9dee5e86-f8e5-4a8e-a5b9-00f77820f11d,2026-02-03T08:47:24.764684,-26.193488035970187,28.061113870710916
2842474d-b165-49ca-ae79-20ec56b93967,2026-02-03T08:47:25.764684,-26.208867466840708,28.05781466958442
5321ed3d-5447-449a-bbba-6a963e431a3a,2026-02-03T08:47:26.764684,-26.207032407885546,28.043474744244772
10dc146f-1c9b-4546-845c-05c3c97951e3,2026-02-03T08:47:27.764684,-26.18742405611746,28.0431381490637
d5dab939-f810-4c91-915e-cd8ac8b593cd,2026-02-03T08:47:28.764684,-26.19827806501556,28.045999144896207
ea0664eb-eecf-4394-9c86-981d0caea329,2026-02-03T08:47:29.764684,-26.191466863705653,28.065496104282662
578cd2c6-69f6-491e-b62b-302c19b2f942,2026-02-03T08:47:30.764684,-26.209420836386975,28.04637637122497
0545fe2a-a0ed-4a1d-8932-59bffb420589,2026-02-03T08:47:31.764684,-26.207110015953393,28.04021331080893
2aa4171d-f037-4165-a1a6-c6037abaeb9e,2026-02-03T08:47:32.764684,-26.203456418957337,28.05128519530459
eb57ce3d-4475-4a9e-b587-e312bff82437,2026-02-03T08:47:33.764684,-26.18731888133902,28.066423648558704
633fb0c9-b300-4d43-9bcc-8492a009f588,2026-02-03T08:47:34.764684,-26.219656735658994,28.04780250581393
b11f0336-0017-4fbd-9045-77825b899898,2026-02-03T08:47:35.764684,-26.208952553490604,28.044261882238875
ad118830-1e3e-44ad-90c1-24083f583eaf,2026-02-03T08:47:36.764684,-26.189538823148432,28.049268097094295
ee0837af-267e-4afa-9b66-7afd1f74a436,2026-02-03T08:47:37.764684,-26.213775421472924,28.030781923464936
07af5954-53c1-4394-98ee-9df22da3dc95,2026-02-03T08:47:38.764684,-26.206830604126406,28.03307076317756
dfebd579-7eac-496f-a697-9f44b554b785,2026-02-03T08:47:39.764684,-26.19134841852224,28.03210415228397
3eb6298f-618b-415a-a129-f43dc39c1247,2026-02-03T08:47:40.764684,-26.186920419642806,28.0672355171179
83ea0da8-f8f9-4d25-8556-4e4a7badb80b,2026-02-03T08:47:41.764684,-26.22331901622099,28.028231906099208
d5b8c002-ef44-4c81-9afa-84b8e80d6404,2026-02-03T08:47:42.764684,-26.19846904389665,28.064972467871296
21ef304a-e0e1-42bf-aee4-675b19bffe05,2026-02-03T08:47:43.764684,-26.18968076407348,28.0317058208563
9a5540d7-c74f-4736-8b21-08b13af0bf99,2026-02-03T08:47:44.764684,-26.20814592349494,28.05662137427587
8b8543fe-7651-4933-acbe-8ee71fae5864,2026-02-03T08:47:45.764684,-26.19938924342041,28.0547086957916
4aa72d1d-b58e-4cfe-bfe1-576f8d41f9d3,2026-02-03T08:47:46.764684,-26.191656714637464,28.06284975653531
64b0e4c9-5f2f-4ee3-b599-d5eedbb95176,2026-02-03T08:47:47.764684,-26.21316572902981,28.040040040170204
0890efa6-35ed-4af5-bfee-3379048848e2,2026-02-03T08:47:48.764684,-26.200348133482834,28.051842814294712
ac67e1d1-e0c3-4b4c-9533-b63c200afb48,2026-02-03T08:47:49.764684,-26.19539845292434,28.03528181869501
22ff608f-3d8b-4d58-9445-bd77bdc853ae,2026-02-03T08:47:50.764684,-26.200782042473453,28.060282483939016
415f16fa-ff78-4707-a409-da7f8f9c5416,2026-02-03T08:47:51.764684,-26.22305784977893,28.05110725778971
9189f6da-5f9f-445d-9aa1-12501faff561,2026-02-03T08:47:52.764684,-26.20845649699244,28.03702252408571
2146db66-e2bb-44f5-b807-37e532ac0d90,2026-02-03T08:47:53.764684,-26.222542114001232,28.037373815889314
43a96662-f4cd-45a1-9269-14b04e10e2ed,2026-02-03T08:47:54.764684,-26.204327491626007,28.06414037469976
2a9b17a9-604d-4b1d-a1b4-fe77731588be,2026-02-03T08:47:55.764684,-26.22162701773995,28.03836620195889
a02dafeb-8244-485a-b703-abb7060e81a6,2026-02-03T08:47:56.764684,-26.187619946086432,28.05838993227281
d74a04bc-98d0-40eb-92ab-52c115ebcf21,2026-02-03T08:47:57.764684,-26.214915897738035,28.059033194442968
f068b228-480e-412b-9be7-15a8a3e142f5,2026-02-03T08:47:58.764684,-26.220345834387405,28.02912110374769
724554ca-89fe-41e9-8b2b-88d67968d96c,2026-02-03T08:47:59.764684,-26.21838301940525,28.0403426142893
64bd1c6b-300c-4f13-a79f-fb2ed91b21e6,2026-02-03T08:48:00.764684,-26.20645939360312,28.050800260022214
bda6852a-1674-46e2-b64d-9f5d846b6861,2026-02-03T08:48:01.764684,-26.219563713150592,28.05845238533597
44e6edd2-4a70-48b7-88de-477525f57e91,2026-02-03T08:48:02.764684,-26.22184592743534,28.05875730529992
cebc2b65-c241-4f68-9d24-bb7087de98b8,2026-02-03T08:48:03.764684,-26.208292091744234,28.062395988027838
1d1d2d74-8b28-4044-b6d2-c92cee68f85f,2026-02-03T08:48:04.764684,-26.19964943388462,28.062970178796572
4a96fcb7-7422-47f0-b80a-61c3935486ea,2026-02-03T08:48:05.764684,-26.21539030192869,28.03313826220552
70953c0a-5bd9-4efc-8930-fc1f15de5fe1,2026-02-03T08:48:06.764684,-26.20316004799949,28.061481708456686
9a44a5ae-1d4f-4859-bc60-4233906cda9d,2026-02-03T08:48:07.764684,-26.18901597639712,28.065196764755335
1d423587-3fa8-4200-a28f-ccc7b6496dc8,2026-02-03T08:48:08.764684,-26.200930414051985,28.053108639122787
c2936d91-a520-4c0f-8a1c-6d84bb855568,2026-02-03T08:48:09.764684,-26.197534707397875,28.057053846691954
3b61fc5b-5859-403f-880f-6909858b10bc,2026-02-03T08:48:10.764684,-26.22133664877842,28.036555225256095
439eefa7-ba91-4524-8d9c-285ff8d2e272,2026-02-03T08:48:11.764684,-26.20173432755054,28.044747491751625
c0b4557c-9a95-4cfb-8936-f6a68910a034,2026-02-03T08:48:12.764684,-26.190232290104067,28.053651829207002
5b770f6e-baa9-42dc-976b-f0a790e5e016,2026-02-03T08:48:13.764684,-26.206676750657426,28.028791313469767
94d9bd41-fe56-4ff2-af88-d0c16b8c10b6,2026-02-03T08:48:14.764684,-26.218099652074667,28.066609877463332
2f21a4c5-cbf9-4707-98d0-ac6fa463b8df,2026-02-03T08:48:15.764684,-26.19608337943461,28.047913293687834
bf2849db-56c7-4de7-9004-b1bc55836c14,2026-02-03T08:48:16.764684,-26.22154139250501,28.059100009777616
bab94e8f-4bde-443a-83a2-bde15e97a1be,2026-02-03T08:48:17.764684,-26.205653791373848,28.052628912407425
56ef4062-37ba-4362-a94e-7b59285c07c7,2026-02-03T08:48:18.764684,-26.206006783609,28.03659236181261
af69e5c2-199d-4a94-932f-33149d7ee40e,2026-02-03T08:48:19.764684,-26.20770543052753,28.028169000553824
039e1977-6beb-4bc3-8beb-c49db1b81efd,2026-02-03T08:48:20.764684,-26.191676931067658,28.048687025068336
cf4745cd-2bf4-468b-b41d-fb8b2be5400d,2026-02-03T08:48:21.764684,-26.214995121152413,28.03446125709778
f7595834-d082-426a-8bd4-8ebc8b8e1550,2026-02-03T08:48:22.764684,-26.205565121548815,28.063416812537778
a76fc9d6-d035-4f34-82f7-91de6ebe271d,2026-02-03T08:48:23.764684,-26.220887872351746,28.059940935940325
aeae3189-ae92-4c7c-b973-391bb0777376,2026-02-03T08:48:24.764684,-26.21858651215668,28.034303048409882
33148b38-0c85-4786-9a16-e488315aa4b5,2026-02-03T08:48:25.764684,-26.191784638627293,28.028614450747853
8704bb55-4f24-4267-84f5-c6c4a8145500,2026-02-03T08:48:26.764684,-26.194334316479114,28.062505752977685
7b738c3b-f067-4828-8fe6-137fb8693c41,2026-02-03T08:48:27.764684,-26.211625523460963,28.062381524669664
c240f2ab-1afc-4ca5-bb51-c70948b6fe68,2026-02-03T08:48:28.764684,-26.190049724354097,28.061859671652854
0a28674b-cac2-4fbb-b610-2a79c10416e9,2026-02-03T08:48:29.764684,-26.207395001830182,28.058899536705013
22bcf8bf-6198-4de0-be18-3667ea56cf11,2026-02-03T08:48:30.764684,-26.20339212963572,28.030433377379033
5714a87b-9cea-4930-92d3-b4546ec009e5,2026-02-03T08:48:31.764684,-26.1890891961777,28.050796861744537
41c2d54d-d491-4884-8695-12a4118857cb,2026-02-03T08:48:32.764684,-26.216629874590964,28.03865770528858
3586715e-663b-4f33-b375-045a49d41d28,2026-02-03T08:48:33.764684,-26.21733786799253,28.04641640447319
d762fbcd-7ee1-443c-a0c2-d3a2bc06134e,2026-02-03T08:48:34.764684,-26.219854017826364,28.051612489877357
d1fe283a-7e3e-40ce-9d7f-0ce978c806ed,2026-02-03T08:48:35.764684,-26.201134528130535,28.038410402529014
ab41be12-a6ed-4519-8164-b753bf83f21d,2026-02-03T08:48:36.764684,-26.18812029235639,28.06145026493059
981b05e6-cb9f-41cb-aefe-f62f538be678,2026-02-03T08:48:37.764684,-26.210272112742786,28.029745963467665
f3e58296-a52f-405c-853c-f835d4311750,2026-02-03T08:48:38.764684,-26.186010496144434,28.03064150585855
154143f5-a21c-432a-aa5f-77fbbcd416c9,2026-02-03T08:48:39.764684,-26.218755492993274,28.047403330473713
f3a248a9-b39d-4fcb-8515-6934f93a6f3c,2026-02-03T08:48:40.764684,-26.22153551138314,28.061214113349397
a493d54f-886b-472b-aa14-4273478c424a,2026-02-03T08:48:41.764684,-26.20055708012807,28.053741927152647
24467db1-5ad1-42ff-8bdd-ccfd2ce8a06e,2026-02-03T08:48:42.764684,-26.210124761334747,28.041179317077734
588156d4-02a1-49e7-a41a-10ab3a3ac38a,2026-02-03T08:48:43.764684,-26.19031477677461,28.05077984060833
a714aa72-bae7-432a-9894-4ebee1b85a26,2026-02-03T08:48:44.764684,-26.194263774360962,28.0463902562594
bdfde84a-67a0-4757-a4ad-2a0bbfe572da,2026-02-03T08:48:45.764684,-26.211160567130438,28.050288658561463
c4b4d0a4-5fe7-488c-a151-dfc4def8b99e,2026-02-03T08:48:46.764684,-26.22116565412342,28.030880872329412
16923f9c-14a3-458e-a328-a588fc9ccea8,2026-02-03T08:48:47.764684,-26.18783982019643,28.04851788689851
dbdf0df5-c985-44bd-9da2-269847d53458,2026-02-03T08:48:48.764684,-26.208566846632845,28.038705329367144
88d2f8b7-02d5-4b76-b7cb-8bf85c2ec3b5,2026-02-03T08:48:49.764684,-26.19548277467507,28.040960981969466
61464437-c100-46da-a725-72e84a6ddb28,2026-02-03T08:48:50.764684,-26.20003066656018,28.03007272293458
ba297b23-f49b-43ec-89f9-b233937db778,2026-02-03T08:48:51.764684,-26.192235894121257,28.06460557565697
5ab89319-1916-42b9-b3de-b2a15fec6edb,2026-02-03T08:48:52.764684,-26.19457007806983,28.05551205227922
00f46ed3-c679-4ef9-be1d-fa3e82a83e52,2026-02-03T08:48:53.764684,-26.197171664929567,28.04417606768071
f989bfcf-5b80-4a14-a431-f6739f88c51d,2026-02-03T08:48:54.764684,-26.189364366609507,28.043816062614837
1d8b9706-aca1-4479-b96d-c0584dea01a4,2026-02-03T08:48:55.764684,-26.20499676583626,28.052976909767505
867383b6-8833-4b80-95ed-970aca2171b6,2026-02-03T08:48:56.764684,-26.214646421711816,28.030933185919455
fefea086-a0e4-452f-ab0a-b89742c2d569,2026-02-03T08:48:57.764684,-26.20814511102621,28.051069034198175
37e8c913-b6e2-4555-aada-0de4622701ae,2026-02-03T08:48:58.764684,-26.222850256209693,28.060079492429317
1781033b-e117-4260-aaee-0f9ccb92f32b,2026-02-03T08:48:59.764684,-26.193223384671107,28.058324268347928
761ac311-3b21-4270-9332-fdfc055201f8,2026-02-03T08:49:00.764684,-26.209340721614776,28.02742011552036
338c0056-4920-4403-b877-e1502c60ac6a,2026-02-03T08:49:01.764684,-26.20557211376775,28.036276636104862
06aa5d9f-b3be-462f-a6a1-56fa9864c8f7,2026-02-03T08:49:02.764684,-26.223112167544304,28.06722560965964
149f81df-4af3-4b45-bc5a-d41e61431300,2026-02-03T08:49:03.764684,-26.221218764639964,28.041994063004168
41671caf-fafa-49a6-8f83-b90761927abb,2026-02-03T08:49:04.764684,-26.210998163762326,28.055481413843356
25be5f88-dc6f-4711-92d6-4c4aef79719c,2026-02-03T08:49:05.764684,-26.198742063747602,28.05594200291224
5effb1cc-1968-4929-a001-065e72101764,2026-02-03T08:49:06.764684,-26.19650798014054,28.0362646998889
b79f071e-a39c-46b8-b092-0f56eb439171,2026-02-03T08:49:07.764684,-26.196948901385714,28.059964103208692
2a2b4928-3862-4802-bb8d-0c20a98bc2a2,2026-02-03T08:49:08.764684,-26.204239827597686,28.046852115971586
0abd2d5d-453b-4d20-be39-4e2bd78e754d,2026-02-03T08:49:09.764684,-26.204291906447963,28.032402703784083
01ea9f11-9ea5-4a1b-b6ed-c4e0bae078a5,2026-02-03T08:49:10.764684,-26.205702936888017,28.061673308661888
6a24ffef-0ac2-4e39-9dcd-f652ac68bca8,2026-02-03T08:49:11.764684,-26.198678498683236,28.053691525438122
7bd7db4b-3baf-45c9-913b-e72e83682018,2026-02-03T08:49:12.764684,-26.191222672848212,28.05615633201027
10313f18-e2e3-4aaf-bc56-236333f3f8d8,2026-02-03T08:49:13.764684,-26.20848585039191,28.055419552222116
b3e064ba-639f-4091-8827-496170e984dd,2026-02-03T08:49:14.764684,-26.20625954629836,28.056929799803004
f10c4a80-6a38-40df-90fe-3b2d4b3843ca,2026-02-03T08:49:15.764684,-26.212807180860676,28.032922924036047
60b3fe84-6894-486c-be3e-2779228974d2,2026-02-03T08:49:16.764684,-26.21168994995415,28.031772739431727
51e08071-4e64-423d-b0d6-4d0dab93d979,2026-02-03T08:49:17.764684,-26.19030705899428,28.063753212603395
e6d657ea-499b-429c-9cc4-5a1cbbff3331,2026-02-03T08:49:18.764684,-26.21688691085633,28.03230852380346
9d9d6797-1318-4f94-8364-c6ae3574c88c,2026-02-03T08:49:19.764684,-26.219097810096603,28.037133681304493
99effb9d-c4ba-47f1-b7bc-9a5be687acb9,2026-02-03T08:49:20.764684,-26.199282534563554,28.061588155933162
627852c0-cc88-4a7a-bcc1-19919e75bc3a,2026-02-03T08:49:21.764684,-26.208961819123658,28.043772383622255
f1e5ee46-c23f-4bd7-940c-8468ecda993b,2026-02-03T08:49:22.764684,-26.19637605041586,28.033209199406993
a63cf11b-df38-43ea-b403-e0c09e9b6dda,2026-02-03T08:49:23.764684,-26.21093954287418,28.057991420060983
622048d3-c9a0-4ede-a47b-a83b1a5ed6bf,2026-02-03T08:49:24.764684,-26.189761901599518,28.043185028206533
1c9939cf-95e1-4edb-ba38-72d7dbff74cf,2026-02-03T08:49:25.764684,-26.195468717968215,28.049083321385197
1d4a95fa-2d70-4369-88b8-08e06483c44d,2026-02-03T08:49:26.764684,-26.197752095992048,28.055138928337545
520a3bbf-5726-492f-849d-a9a332ecddf9,2026-02-03T08:49:27.764684,-26.2031685660561,28.042601341463197
b85f39f1-1329-46c9-98ac-5220cf1eef72,2026-02-03T08:49:28.764684,-26.214442051034748,28.06437680939483
f5f07adb-e6b7-402a-a0b4-59e2fa38c121,2026-02-03T08:49:29.764684,-26.21880309381083,28.053432520339147
2966a945-1f41-4fc8-afbf-4ad77e6b4d69,2026-02-03T08:49:30.764684,-26.21033921644633,28.064953391047343
0d46a64d-ec6c-45ed-8f2c-985e03a12123,2026-02-03T08:49:31.764684,-26.18643660412145,28.04124461402789
7af91fc9-0b18-4cc5-9cfb-9d29b2694ded,2026-02-03T08:49:32.764684,-26.2119869891581,28.055206335383126
1a85bd60-7039-4abd-9ced-d9e93b8205c9,2026-02-03T08:49:33.764684,-26.207739535840684,28.061680010662304
ea17e129-f291-41e4-a91f-cffd5bb1b2e8,2026-02-03T08:49:34.764684,-26.212044545616102,28.06635777747841
f0223025-f304-41fd-8538-856cd3d2cf96,2026-02-03T08:49:35.764684,-26.21279638719349,28.061787908102808
2aca771a-93e7-4e7c-870a-2e87f966bad3,2026-02-03T08:49:36.764684,-26.185612585328737,28.056184144474575
beef337b-139c-4c74-ac01-c58caad083bf,2026-02-03T08:49:37.764684,-26.22374752902186,28.028615058207784
84f39661-1067-4a60-bc56-ab114aed36d1,2026-02-03T08:49:38.764684,-26.18750762999364,28.053108366248708
096d0652-e2fa-4ca7-b1f7-296844a5879a,2026-02-03T08:49:39.764684,-26.21885017513022,28.06358783263235
9a0a1245-161a-4d20-b844-e7895c60bdce,2026-02-03T08:49:40.764684,-26.214276908504022,28.046984828145046
868d03a4-24b8-44f6-adc9-aeeda4898329,2026-02-03T08:49:41.764684,-26.196693322535747,28.02937573277123
726c4183-d561-4d08-8d07-fc1d3160c937,2026-02-03T08:49:42.764684,-26.212235357474782,28.059951741054068
3b310851-b4de-4610-b2ec-ac8b9158424f,2026-02-03T08:49:43.764684,-26.19606311492225,28.05208872354068
1fe9b173-c12c-47e6-8dbd-34ced61d887d,2026-02-03T08:49:44.764684,-26.214221648771094,28.035553979772178
992dc97d-6f68-4284-b838-adf979bdbc04,2026-02-03T08:49:45.764684,-26.201114090073098,28.062240906815816
e6ced1b9-cf1c-4b6a-8d90-96a2e0d854c5,2026-02-03T08:49:46.764684,-26.202493592557687,28.053499809417055
651fb197-5139-44a7-a9d4-3fa5af755cde,2026-02-03T08:49:47.764684,-26.215861984279993,28.04249440482701
da7e419a-b2c9-431f-90c5-2dc96c6175cf,2026-02-03T08:49:48.764684,-26.19726985245316,28.034961591959505
ad217f5c-bd5c-4790-9b23-469276827b11,2026-02-03T08:49:49.764684,-26.19021795494705,28.04425553119903
428644a6-0d8e-4fed-a2c3-62908fad12e9,2026-02-03T08:49:50.764684,-26.20991221528262,28.05805780738698
351211e6-7f5b-48c6-a778-7119ce308deb,2026-02-03T08:49:51.764684,-26.206494411596452,28.05867727601292
08e72802-38a0-48d2-bc50-6968aaf02cee,2026-02-03T08:49:52.764684,-26.187334761011844,28.051091140107154
3f35c912-ff7a-41b0-8dd3-22b10bec4546,2026-02-03T08:49:53.764684,-26.184429120173384,28.053400660582515
9ae8b677-1b97-43be-9869-e281040771e4,2026-02-03T08:49:54.764684,-26.1991419612457,28.052510636642808
1c7f9bd6-5dc8-42dd-820f-3eb39549cac2,2026-02-03T08:49:55.764684,-26.191579636397456,28.04387249232441
c177c000-a8f3-4e2d-8a4d-ef0450ca4e26,2026-02-03T08:49:56.764684,-26.20248807467367,28.041423120073432
d1fb63fb-d0e5-4cc6-9d33-4f49a385457e,2026-02-03T08:49:57.764684,-26.202589839137776,28.060063669078776
8f9c6a2b-7a4b-4d0c-958f-59785a9f2a29,2026-02-03T08:49:58.764684,-26.221354056440482,28.053342987420912
327218ad-cf4a-44e1-8944-bf5453d70215,2026-02-03T08:49:59.764684,-26.193780889969183,28.041290859027068
b5d1f162-3475-4e1b-be31-8f9fe9b776a6,2026-02-03T08:50:00.764684,-26.215359815112258,28.040759553253828
82a8e6f3-1876-4fce-8785-6d52670947bb,2026-02-03T08:50:01.764684,-26.193105620368865,28.049337485061862
76bd838d-5a0a-414f-8ae0-8a8410d4fdcf,2026-02-03T08:50:02.764684,-26.22117233693441,28.062527600051137
dc58f35e-5bf5-44e0-9a89-7d37cdf5af30,2026-02-03T08:50:03.764684,-26.202618240793054,28.039616803282268
c133cc0f-5067-43d2-8c6a-c2c444aae9a2,2026-02-03T08:50:04.764684,-26.203193003160404,28.045522214973236
961d76be-1879-41ea-a946-8395a1c2748b,2026-02-03T08:50:05.764684,-26.214904663907237,28.04332712159656
d08209f2-c6bb-44c3-b3fe-cadac7974373,2026-02-03T08:50:06.764684,-26.19611218374349,28.044525862896922
60dc0fc4-ab21-473f-9349-e20abcc83308,2026-02-03T08:50:07.764684,-26.19881984087391,28.04299915034417
96f6f265-cca9-40c4-9e0e-7f18e4d6c7ac,2026-02-03T08:50:08.764684,-26.212944928505266,28.060308421058398
a10ed53d-b36f-46fa-8429-78c85b019584,2026-02-03T08:50:09.764684,-26.190802546391996,28.06154712060325
25bbf226-4f69-494e-b4ce-4481653f223b,2026-02-03T08:50:10.764684,-26.19917713274849,28.04772208772514
13c17aba-387a-4632-8e02-68bc36483f5c,2026-02-03T08:50:11.764684,-26.18870309650928,28.03481855396526
4f879d27-6eeb-481c-a81e-6f047b30b781,2026-02-03T08:50:12.764684,-26.220905185463813,28.06066996989689
8df7ee1c-534e-473b-84e8-eadb22d7a1a6,2026-02-03T08:50:13.764684,-26.217155480408724,28.0621908254187
8ba2f2ad-e2c8-4061-a74b-768b7836ec2c,2026-02-03T08:50:14.764684,-26.20097346460423,28.066771925299744
7d2c985f-3fe2-46ee-a1f8-e55023bd8b00,2026-02-03T08:50:15.764684,-26.207455325218238,28.038273197622164
4c846528-26da-4b28-af92-2001f0a95f28,2026-02-03T08:50:16.764684,-26.20273452780121,28.030020535128127
6cc00bc3-1efd-4f34-9ed0-ba237ed61adb,2026-02-03T08:50:17.764684,-26.210610658781007,28.048445986902134
96225114-7185-4825-bb71-f96094593b3d,2026-02-03T08:50:18.764684,-26.20339887692693,28.042024243879595
26d41feb-3662-4cea-8e7d-a0e9b62241cc,2026-02-03T08:50:19.764684,-26.190367946753586,28.048458300650694
49f5b1a6-fa43-4b5e-9836-7b0692a5ed79,2026-02-03T08:50:20.764684,-26.219338598446726,28.05716872694957
cee2f49b-ced0-40aa-b083-44c8f4fcd23e,2026-02-03T08:50:21.764684,-26.19932854811431,28.062939439032576
fbdc1287-6256-4c7f-aff7-85170abe7928,2026-02-03T08:50:22.764684,-26.196416309873385,28.0510958322326
f51a14fd-451b-4c96-9f54-8138aded2075,2026-02-03T08:50:23.764684,-26.197439246282265,28.037794649891065
84f526c4-651d-4838-b2af-169552d82ac5,2026-02-03T08:50:24.764684,-26.193901390810655,28.05620820965706
7bac05b4-e20a-4a93-95c2-f7c7f6e49834,2026-02-03T08:50:25.764684,-26.196229547194648,28.059408438303404
28ff8805-8f5c-4e34-a991-9c6d4503d3c8,2026-02-03T08:50:26.764684,-26.20939297140754,28.060183649886934
cbb79b4e-586d-458d-a689-9953d813c8a5,2026-02-03T08:50:27.764684,-26.18515960576852,28.052099249426163
4634818d-e693-4d93-beb7-2710328d6a7f,2026-02-03T08:50:28.764684,-26.188025585203672,28.041525150084084
cdf1986e-36dc-4a0b-8e4e-8e5245868c18,2026-02-03T08:50:29.764684,-26.189208841296285,28.041617519542665
2db3ab19-983f-4cc4-b031-a77052631756,2026-02-03T08:50:30.764684,-26.205062283128953,28.059558004867675
bb531427-3095-4c8e-bcb8-4279c792e20a,2026-02-03T08:50:31.764684,-26.200259429057823,28.032881328269763
f34a40aa-ef2d-4b58-b2ff-8f30e9e0a772,2026-02-03T08:50:32.764684,-26.21727561985792,28.050736384374378
19b83ed7-1624-4387-8d6e-d39a8cee3db5,2026-02-03T08:50:33.764684,-26.194643076706523,28.035045934805375
8eeadc23-47fb-43e8-819a-dff298c96b0f,2026-02-03T08:50:34.764684,-26.203637916726024,28.059202458894813
fe8483a8-1a8d-45f0-9f93-baa6e81e07d6,2026-02-03T08:50:35.764684,-26.199428938029957,28.033757380120125
63a51dec-c6c1-432f-941e-7ead1e2bd232,2026-02-03T08:50:36.764684,-26.188328028863108,28.052534575901593
6933c1eb-bdd8-491d-b793-9827a40e852a,2026-02-03T08:50:37.764684,-26.196416730496566,28.065190525786214
f1c0b423-8a41-4102-aa01-b8a543002388,2026-02-03T08:50:38.764684,-26.187437646885698,28.066502981056708
9613290c-2265-478b-80cc-c5d833446703,2026-02-03T08:50:39.764684,-26.21659127508259,28.055597350788215
3a2a4044-ade7-44f9-b59f-aea02943b9a3,2026-02-03T08:50:40.764684,-26.19712532113419,28.045866965023034
2ee5430a-32d9-46cd-8da3-c4e442b15dd7,2026-02-03T08:50:41.764684,-26.219722585809823,28.055651703257315
e6b1ba8f-91fd-42d7-83b3-776ddf07530f,2026-02-03T08:50:42.764684,-26.196645107495762,28.02793393234295
76c43070-fb9f-4873-bae2-b55a241ed305,2026-02-03T08:50:43.764684,-26.190350556299297,28.04646814694263
748fd3b3-1e9c-4995-9ba9-06c89aed2b11,2026-02-03T08:50:44.764684,-26.22266505334728,28.061803270398013
4a804814-44be-46c0-b166-032ce680cdf3,2026-02-03T08:50:45.764684,-26.187917726317718,28.06677121842261
50104d63-1a3b-4271-b105-80b0f0b13639,2026-02-03T08:50:46.764684,-26.191397183538033,28.029512783822263
d0f33a10-be78-439a-aa44-16ddda12c40d,2026-02-03T08:50:47.764684,-26.22067073978642,28.053494815129497
25924b03-d58f-44fd-8e04-53eb6f2e2db8,2026-02-03T08:50:48.764684,-26.200793474116992,28.062474149053532
d88eab00-8c4c-4d41-bbf2-9dc8f65c567e,2026-02-03T08:50:49.764684,-26.207635008584425,28.036708620483136
d907be17-ff75-4811-a8d0-af2ee9d4a675,2026-02-03T08:50:50.764684,-26.19986149103774,28.059704672605594
ed96d067-5c9a-40db-96c0-e3225a41314c,2026-02-03T08:50:51.764684,-26.186435303484686,28.042840337178887
55524c5c-fe60-49c6-92b0-f1b3039bac95,2026-02-03T08:50:52.764684,-26.187848203800552,28.050689030999752
4115b534-a2a1-4d96-a7c1-c9d2e7a7c5bc,2026-02-03T08:50:53.764684,-26.1893708981803,28.056202305138683
2816882d-372a-4481-bdb3-daf64f88fc19,2026-02-03T08:50:54.764684,-26.21180145554705,28.064287582821652
adc2c1a3-b303-4837-b9a3-1776d89c3d7c,2026-02-03T08:50:55.764684,-26.218580071144792,28.059426224387273
aa269281-bfc8-4629-9c45-0a0cba8411c3,2026-02-03T08:50:56.764684,-26.212475276194112,28.048849978981202
d1ccc250-4256-4502-b03c-43760ecfbf85,2026-02-03T08:50:57.764684,-26.20732387282719,28.037795081204102
04729417-f32c-4a36-bd83-a64c94c91491,2026-02-03T08:50:58.764684,-26.197277711894092,28.058050961689503
8917ab96-7db3-4af8-98cf-429e4f2bca36,2026-02-03T08:50:59.764684,-26.196056507888283,28.036916227064335
0f6998e2-56a9-4bf2-bfb5-1bbe065901cd,2026-02-03T08:51:00.764684,-26.19306000747617,28.027806365138822
e6ff4448-6461-43e9-a545-23a70dbf730b,2026-02-03T08:51:01.764684,-26.1958598432903,28.05966712554074
2b8ba7b7-d2f2-4f11-82e2-488ca0cfed45,2026-02-03T08:51:02.764684,-26.200423698948924,28.060084492045462
9c084a53-2075-408d-9626-c196e19ee957,2026-02-03T08:51:03.764684,-26.222363948360478,28.054463219352286
906fc2a3-749a-463b-b48e-15494879e7f5,2026-02-03T08:51:04.764684,-26.187469457558848,28.03052312404924
b6d8f5dd-8401-475d-b143-0331f4f9abf8,2026-02-03T08:51:05.764684,-26.200172883582077,28.053515764698155
5fd398df-d996-4e8d-a249-0b8598666647,2026-02-03T08:51:06.764684,-26.21752360674115,28.032510665755684
d6741280-fcd7-4050-ac1a-67d78768b6eb,2026-02-03T08:51:07.764684,-26.209421108038885,28.03346548294608
50f81241-fc04-4a13-97dc-02bfbab3864c,2026-02-03T08:51:08.764684,-26.189962095677345,28.04371116157738
ac70b1eb-7a97-4966-99b7-2fc5d17c8f28,2026-02-03T08:51:09.764684,-26.188748001975963,28.059295091360283
372af799-b114-4956-931a-3df936b7e7f7,2026-02-03T08:51:10.764684,-26.2111796467873,28.027630283864035
17d0a737-a9c8-44b9-a4b8-c8e7fd175d67,2026-02-03T08:51:11.764684,-26.209015687632608,28.03326851650019
2ba6165e-a07c-4ea0-a4ba-648d570aa453,2026-02-03T08:51:12.764684,-26.200173206872993,28.02878259565896
2a18c327-1fc2-4101-b5a2-4d021c9a42fb,2026-02-03T08:51:13.764684,-26.214819322376794,28.044823714226037
3141b589-33f7-4f8e-b9d2-242985b937f8,2026-02-03T08:51:14.764684,-26.214819778118905,28.045481828349356
63e0570b-948a-4e0c-ae12-af9294750a2c,2026-02-03T08:51:15.764684,-26.192818809492056,28.066457236602297
0b9abd8a-bfa4-4356-9744-79ac4ef2a732,2026-02-03T08:51:16.764684,-26.203453343237467,28.035919623834335
7673b8b4-f58e-4d4a-ae64-489bc65416a3,2026-02-03T08:51:17.764684,-26.190578856298835,28.045660215773005
a0086f66-ec27-4aec-93ce-9c8f71201284,2026-02-03T08:51:18.764684,-26.186372316519336,28.02808926215876
23a02dd1-e43e-4723-83bf-ed916d3c509d,2026-02-03T08:51:19.764684,-26.210835509130526,28.045152113964647
96ef6123-7584-44f3-824d-b7bbfa351365,2026-02-03T08:51:20.764684,-26.191205770568693,28.029523598951297
0c5c0b67-f6e6-4672-bc5a-cb4b4dfc6fa4,2026-02-03T08:51:21.764684,-26.20115423539385,28.05714789526939
ccdf7166-4fdc-44ad-9ade-d06828c7c791,2026-02-03T08:51:22.764684,-26.220022836418753,28.041990759814215
fa8af379-7808-4077-a948-0ffa3601072f,2026-02-03T08:51:23.764684,-26.2160822815185,28.044620058699017
76a9594b-e8f4-48fa-964d-eade83b838b9,2026-02-03T08:51:24.764684,-26.20688989122838,28.03910434230577
fb0377c6-95ab-4f5e-b681-a62b074ac05a,2026-02-03T08:51:25.764684,-26.203600826905696,28.03537539671561
820c80a8-d9bf-4cb5-9b59-69919611ea9f,2026-02-03T08:51:26.764684,-26.18500560764971,28.040660826825885
01cbfd49-0e79-4b25-99ae-e9c56070f75b,2026-02-03T08:51:27.764684,-26.186878347551023,28.05771227237694
260c7e31-a822-4958-a9ba-1ffb12234ae4,2026-02-03T08:51:28.764684,-26.222122525407404,28.060195707660448
9d47e7c2-0fc6-48f6-8baa-2db3fa28d8ae,2026-02-03T08:51:29.764684,-26.188761680700143,28.04812431019033
06a1f07d-8d68-481d-b0bf-1d732d6ee84a,2026-02-03T08:51:30.764684,-26.218734516381378,28.060859809198252
73a97738-374a-4ddb-a993-06960bcfd674,2026-02-03T08:51:31.764684,-26.199635280910606,28.042839333094257
38318a2f-8d8a-4958-a057-f0b11467a9d8,2026-02-03T08:51:32.764684,-26.205678603800326,28.054457682897564
ddb20428-1bab-451f-8574-303e0b1bf9c7,2026-02-03T08:51:33.764684,-26.21520974383373,28.05505089071503
1a157d5d-7678-4463-a16d-154b976ef337,2026-02-03T08:51:34.764684,-26.185743426163288,28.06376007589612
7b30c4e2-f422-47b4-be4f-e383f566e3b4,2026-02-03T08:51:35.764684,-26.20051025961163,28.035439802216864
1fc7487f-7f3f-45d5-a9b5-ba2a9b8b0ccf,2026-02-03T08:51:36.764684,-26.184182206886426,28.049309599073176
f1444f42-68ae-42e9-a898-7f3d825b65a6,2026-02-03T08:51:37.764684,-26.199655926751706,28.042374888765714
1421408c-cfc0-4364-b7ef-7eaf7bd4363a,2026-02-03T08:51:38.764684,-26.18994983414287,28.031488743851757
620016dd-a21b-40c4-832a-20523f3e9636,2026-02-03T08:51:39.764684,-26.18706157371633,28.06396589251805
afc92383-741d-44bf-b83c-9af35e24a39c,2026-02-03T08:51:40.764684,-26.21709588816017,28.0370885678417
9daa966e-8478-4547-a57c-0e1c781441b6,2026-02-03T08:51:41.764684,-26.189440210778603,28.05059556825584
92a60847-a990-4369-880f-2e3138426bae,2026-02-03T08:51:42.764684,-26.188623211086774,28.05198275036009
ec368a1a-545a-47dd-9c42-9fcf2236d241,2026-02-03T08:51:43.764684,-26.19667869756124,28.029987189812875
117bee2d-e6a5-4be3-b802-cc414f593616,2026-02-03T08:51:44.764684,-26.22062217551534,28.028176579168438
606f2096-f772-4d1b-a26f-40dcb139661f,2026-02-03T08:51:45.764684,-26.214842456688302,28.041889306272935
ba3102f2-554d-4be4-928f-96914125cb72,2026-02-03T08:51:46.764684,-26.21693997872262,28.053772911058672
17564558-a726-4e9f-a05e-fe02f6e3f6b3,2026-02-03T08:51:47.764684,-26.207980216000912,28.067078794701303
062ddfa4-e3f4-4b23-9051-ec4c0452d8cd,2026-02-03T08:51:48.764684,-26.22215786196918,28.047670222325788
bbe780c0-33f0-4268-a651-961153c0ef99,2026-02-03T08:51:49.764684,-26.21245184020786,28.03525989191996
ac59cc48-f84c-4f77-a6d6-564b8a0bd6a9,2026-02-03T08:51:50.764684,-26.195332896968367,28.044386400908454
be0ecab9-6d65-42a5-970a-3564f3b0244b,2026-02-03T08:51:51.764684,-26.21822268076869,28.059056823157768
abd37cb0-0d45-4be1-bb0a-6d7642aaa368,2026-02-03T08:51:52.764684,-26.21762293872631,28.065854790034187
120fa4cc-796f-4624-a132-0e2cc92d0256,2026-02-03T08:51:53.764684,-26.208273762197194,28.02991262776266
de904e39-5103-4e13-99f4-e4d18b25da67,2026-02-03T08:51:54.764684,-26.219009855628485,28.029813329583718
d134206b-d0c2-4ed1-a198-3fc00c10c8e1,2026-02-03T08:51:55.764684,-26.20796989687504,28.029826109852234
671937a8-4770-4bef-92f8-066b5b1a173e,2026-02-03T08:51:56.764684,-26.22257267799134,28.061953628444677
8cb2258a-f968-4ebb-9762-f39dab866569,2026-02-03T08:51:57.764684,-26.189264074465232,28.027503913882615
33dc6416-66ef-4f5c-b058-a8c0141fee31,2026-02-03T08:51:58.764684,-26.222360576854808,28.06474236070688
dd9b8f54-e7e3-4e63-b8df-a217f1941a94,2026-02-03T08:51:59.764684,-26.20277069719981,28.03702624416429
a44fc4d4-4a47-4f5e-b028-f222064dcf62,2026-02-03T08:52:00.764684,-26.191876361855865,28.056904371675863
650f520b-787d-42eb-8700-fcb769186af0,2026-02-03T08:52:01.764684,-26.20066195233775,28.067146080052186
f79c8369-a4b3-4ecc-9de0-fcedce97f593,2026-02-03T08:52:02.764684,-26.21472230470209,28.049778790707318
3c69c96e-790a-4af8-a035-9feed58be077,2026-02-03T08:52:03.764684,-26.19203678491792,28.042038829230997
ba105d79-fc50-4800-be29-05e43906b824,2026-02-03T08:52:04.764684,-26.187388352059468,28.03900471724483
728233be-74e4-49e8-aea1-9d5c5fb1e305,2026-02-03T08:52:05.764684,-26.185642571976853,28.057435335503254
558a574d-94d0-4492-9f81-8dc597e44922,2026-02-03T08:52:06.764684,-26.198927099338253,28.028987657082535
5f8993ef-a07f-4ab0-9f00-954cf3db586b,2026-02-03T08:52:07.764684,-26.186269070792285,28.06612914600583
ddb92ea8-690c-460e-b07c-aafa5afb3613,2026-02-03T08:52:08.764684,-26.190444956391577,28.03069480051511
2895ab3e-5cd4-41e6-9af7-e5216650a595,2026-02-03T08:52:09.764684,-26.187703707982898,28.065473121216
03d38806-32b9-402c-872a-b64fd12df8e0,2026-02-03T08:52:10.764684,-26.197565615982942,28.05162191572156
9fd3cb71-5fd3-4646-b4ec-d36bbe846a1f,2026-02-03T08:52:11.764684,-26.196087486946574,28.06572977554528
d3edadfe-cf1b-497d-8e15-6d57edf0fa0b,2026-02-03T08:52:12.764684,-26.20202031664681,28.04118333022035
9fbe23ef-f4dd-453b-8085-97004e364dee,2026-02-03T08:52:13.764684,-26.203517872223802,28.04581384987801
ff3cc5b6-24b8-4430-9370-406fee074d41,2026-02-03T08:52:14.764684,-26.20486910541503,28.055205441665784
188584d6-52b1-4c8a-a295-90b09e2f2d59,2026-02-03T08:52:15.764684,-26.212998396830006,28.029576080248276
e0839708-cd95-42ec-aadf-8577ed31659e,2026-02-03T08:52:16.764684,-26.202826003062892,28.042829540127528
49b4723b-6881-4d54-af3d-35e7baadf391,2026-02-03T08:52:17.764684,-26.185390451951836,28.04881442527479
f12d69e4-a98f-406a-b75c-4641cc20c1f0,2026-02-03T08:52:18.764684,-26.215037072460962,28.04018797437016
ae02de11-6edb-4bb7-ba38-6e0650575925,2026-02-03T08:52:19.764684,-26.191633088482025,28.03542632598446
6c45cfce-5e72-4a8b-b290-65697d14c63b,2026-02-03T08:52:20.764684,-26.18979695624095,28.032693885703036
cdc6d640-ee62-48e1-b237-3db90ff8fc65,2026-02-03T08:52:21.764684,-26.195400701666482,28.047928652298854
5f350ed6-6954-42af-bcd1-5fb6f22ae3e8,2026-02-03T08:52:22.764684,-26.19800060027933,28.05835053322061
ad481ac3-c96e-4726-8c6d-9a6a7564ed0e,2026-02-03T08:52:23.764684,-26.21154343242849,28.066173138174644
afe35527-734a-46dd-860c-54c9c8080b6f,2026-02-03T08:52:24.764684,-26.18902663132878,28.062468902085733
6f6280b4-46e5-4793-9001-dd9df29342b5,2026-02-03T08:52:25.764684,-26.195997337880343,28.03922061024879
fc864d2c-3daa-4c64-9253-a5ddada8e6e6,2026-02-03T08:52:26.764684,-26.202029623813402,28.04546668350815
1bcdd1e9-9c05-47ad-9043-488a732fae85,2026-02-03T08:52:27.764684,-26.21595021280793,28.02820264125862
0d8b7d85-7d35-4313-8451-e32af62dd99b,2026-02-03T08:52:28.764684,-26.221753026127253,28.05895138160816
6a9a98ae-605c-4bfb-9f89-be991a2f9acd,2026-02-03T08:52:29.764684,-26.20246788782818,28.053648848165963
ffea5139-b741-4763-86e1-c345edd13ca4,2026-02-03T08:52:30.764684,-26.219466593930026,28.030844495894026
03a75fd2-ce50-4d26-a7ef-94b4b1fc01c1,2026-02-03T08:52:31.764684,-26.215155032097318,28.029367437832054
5931c388-b90a-417b-8a66-d88e088090f7,2026-02-03T08:52:32.764684,-26.218850964401597,28.033325013370334
ec646f0b-79f5-4c49-9e95-5f067c7a777e,2026-02-03T08:52:33.764684,-26.19357147976054,28.049519761757637
048bbe7f-21b6-4985-8b1b-4ed2159ff08e,2026-02-03T08:52:34.764684,-26.220413859356672,28.037547633389213
deda3844-89b6-44bb-ad37-b171d124bc43,2026-02-03T08:52:35.764684,-26.21905594771192,28.063183263759587
0541bf6e-6c32-4f15-87b7-a54c413c0752,2026-02-03T08:52:36.764684,-26.18990846323865,28.041478930535618
0242a958-4b15-4880-a5bd-2f8a4c418c57,2026-02-03T08:52:37.764684,-26.19659011425486,28.037796303237737
b938ca5e-9400-4c54-ab9f-572e4e956627,2026-02-03T08:52:38.764684,-26.207611219874675,28.060472271583386
be0ca87e-80b0-4864-a4c7-4d0453145b09,2026-02-03T08:52:39.764684,-26.210782234107374,28.041231911249277
8917362f-d7c4-42f3-8b26-a565991224f9,2026-02-03T08:52:40.764684,-26.211082825848862,28.055591850415563
144fa5f0-0c03-4449-9ff5-dad54295d80c,2026-02-03T08:52:41.764684,-26.206542988581813,28.041751491416804
4961ccc7-4ef2-433e-a3f8-c532a2ef066d,2026-02-03T08:52:42.764684,-26.189178445716113,28.0541938126383
5511f9b5-a199-45ab-b508-75c56f5c1312,2026-02-03T08:52:43.764684,-26.21482384824051,28.048522081539073
7c2385b1-1e20-4858-b8e0-7d447e29c3c7,2026-02-03T08:52:44.764684,-26.213658328366087,28.06148259368665
f33f3f1d-0536-40ba-95d0-c66c03e5df24,2026-02-03T08:52:45.764684,-26.213330881789805,28.051313114727307
07d30f41-3a2e-4867-8aa3-60bab6254493,2026-02-03T08:52:46.764684,-26.209796259629087,28.03501557333231
201dbd56-bccd-4361-b7c4-fb9c48fa28f2,2026-02-03T08:52:47.764684,-26.191035874993695,28.0607192324536
fab36ee1-6f73-4875-b236-7077aa796d5e,2026-02-03T08:52:48.764684,-26.199236976186636,28.065864504830362
f8e448e9-446d-4ddb-a9d6-f2545ee73007,2026-02-03T08:52:49.764684,-26.213858411324907,28.038044015343374
9f62a8bd-dc5d-4703-8ab7-2f115f7b78d3,2026-02-03T08:52:50.764684,-26.18827109855069,28.062438476523727
0ce67eba-180e-4393-8b59-ca28698ff546,2026-02-03T08:52:51.764684,-26.207208736364755,28.043029260532844
c0fb69cf-b81c-4feb-9b84-cf71f48e692e,2026-02-03T08:52:52.764684,-26.221193041698832,28.051001226155478
066bdd79-4f4d-435c-9946-d2144d9e8350,2026-02-03T08:52:53.764684,-26.199118066671822,28.034935890350397
c181275e-a0ed-4f4c-9299-cab464feae97,2026-02-03T08:52:54.764684,-26.210538558742396,28.027727132224395
1f899c23-7512-4b31-a770-0aa78e96d883,2026-02-03T08:52:55.764684,-26.186291136640378,28.057825701879683
0faf428d-8c1d-425d-8456-9f7f0fc04cca,2026-02-03T08:52:56.764684,-26.203200266305092,28.06194363121112
f8d6cddb-7e3b-46fd-9372-9ce86032cbd4,2026-02-03T08:52:57.764684,-26.215475723578308,28.06487609976769
7fdef5a4-5b57-4dc4-a70e-8aac8f760016,2026-02-03T08:52:58.764684,-26.192123502981264,28.064877397667523
6694e79b-b4c5-4d82-8024-d45a3ea70eaf,2026-02-03T08:52:59.764684,-26.208747641241704,28.03639735015446
fcdc0821-f817-4720-8e30-da36780f8c44,2026-02-03T08:53:00.764684,-26.213992397534096,28.042250303656235
86c3c9b2-333f-4902-a5de-957c98597695,2026-02-03T08:53:01.764684,-26.217386870604088,28.055880244053192
25f7e345-8861-4d12-ba5c-4a8fda213002,2026-02-03T08:53:02.764684,-26.188072470779264,28.03259912654827
a2aa5288-aeae-4485-b225-0ada0a1e5c66,2026-02-03T08:53:03.764684,-26.206043049103435,28.059057384457237
c2e5bf7e-4f7f-418c-81d0-3e5996076a7a,2026-02-03T08:53:04.764684,-26.22199842803506,28.055022952289526
9011c9a3-382b-4d7d-a555-5cc019ee5f36,2026-02-03T08:53:05.764684,-26.21436572471184,28.032174031039748
535419bf-00aa-4416-8601-277e26749b63,2026-02-03T08:53:06.764684,-26.215644021063554,28.033689334142448
31bd1b77-3fa4-45f1-b5f5-e796cca2f9c8,2026-02-03T08:53:07.764684,-26.21679781816406,28.06635517435474
c5d13c1a-86ac-4ea1-809b-ce2c33d028dd,2026-02-03T08:53:08.764684,-26.20913758572358,28.04957052437551
318d6c4c-bd7d-45d5-943f-72b627725a68,2026-02-03T08:53:09.764684,-26.217836933474054,28.031901075934034
a36ef67e-a644-4c00-b96c-c7243fc37af1,2026-02-03T08:53:10.764684,-26.213623864315657,28.031913836013
43d2795a-85e7-4adb-9520-0f31d4e305cf,2026-02-03T08:53:11.764684,-26.200754184046,28.058452710807355
0642c5a1-a0ba-4f51-b94e-bd7da6ac92ba,2026-02-03T08:53:12.764684,-26.21630059432454,28.04891205235907
d0f0377a-1773-44e4-b884-5249bd15b14e,2026-02-03T08:53:13.764684,-26.21442184353821,28.0652702746972
e147bc7c-7cef-425f-aad7-08c776293a03,2026-02-03T08:53:14.764684,-26.20971218021823,28.027595588335533
0f2413af-ee39-4e15-b83d-e39430cfd725,2026-02-03T08:53:15.764684,-26.200774578019622,28.04649122492701
becfd5a6-b883-47f6-b078-c6ec8e9a1f55,2026-02-03T08:53:16.764684,-26.201378809426643,28.066589786442325
50807675-efab-474d-9bf8-00943caf9c93,2026-02-03T08:53:17.764684,-26.20152198417868,28.050990333151873
1d215778-a6db-4e59-981d-7b1b8afa9474,2026-02-03T08:53:18.764684,-26.215707520995746,28.052561309512896
2a6c31e5-e9d9-4afa-a350-69373983349b,2026-02-03T08:53:19.764684,-26.204563771252587,28.049603516675035
33ec310f-5f68-46c1-a0e0-a104a645310e,2026-02-03T08:53:20.764684,-26.208811259771103,28.030748604697415
5453571f-ee90-409e-963f-45a2697fe78b,2026-02-03T08:53:21.764684,-26.206813211135646,28.06234928992552
bcc314d2-a6eb-4b2f-8077-f2eabca81b43,2026-02-03T08:53:22.764684,-26.216550051838148,28.032321087184187
e2bd9a50-4740-483e-a101-e18fe60de229,2026-02-03T08:53:23.764684,-26.20528919829732,28.065303879507532
b3b19655-4cd8-43a3-adfd-7589be09f10b,2026-02-03T08:53:24.764684,-26.187973900786794,28.05550155541127
8be753f4-2de1-43a9-b3a6-2a2991c62a31,2026-02-03T08:53:25.764684,-26.19588109008137,28.032861454605097
c3e170ff-29d2-4069-be4b-7b449398d212,2026-02-03T08:53:26.764684,-26.21151982321404,28.030603724485324
c93e9e87-ad13-41d6-8b75-dd489ad38caf,2026-02-03T08:53:27.764684,-26.186907512357998,28.047982046771825
8dc198fd-8b47-41a3-9245-8a8a12a78699,2026-02-03T08:53:28.764684,-26.186704549613705,28.047418967312865
c51b9beb-bec9-4f5e-bbf5-4d6e8a5f64ff,2026-02-03T08:53:29.764684,-26.2183144959993,28.039668390233246
f7b3c1ba-bb62-4fd1-b88f-9ca7a6fcf790,2026-02-03T08:53:30.764684,-26.20881496086507,28.051311891305666
72092874-f555-474b-8e2b-380200e6bc06,2026-02-03T08:53:31.764684,-26.209268086546842,28.03613678956287
2e26a701-8304-4d78-9c02-bfae8979d29a,2026-02-03T08:53:32.764684,-26.206311305607887,28.059944350280105
ad207d40-2a35-4017-81d3-c6431b914ee3,2026-02-03T08:53:33.764684,-26.218606345859488,28.02753218642556
f04d52e1-7efe-46cd-8c20-201b55a74af2,2026-02-03T08:53:34.764684,-26.19319484513771,28.03502312121088
416f0c24-957d-4faa-95e7-7084c8dd8e95,2026-02-03T08:53:35.764684,-26.193810351502083,28.04391011334237
a714bce6-e0dc-45ba-b7f6-9295651f16ee,2026-02-03T08:53:36.764684,-26.21289614079826,28.064207501910754
eec0f931-f274-4edc-9ce9-aa0c178f7d3a,2026-02-03T08:53:37.764684,-26.18505405303271,28.03187481218255
5cf98b3b-571c-4ab9-872e-191e4390d50c,2026-02-03T08:53:38.764684,-26.20957073638772,28.053382704422578
bc247d30-dfa5-4710-a89e-a99a5c711fd3,2026-02-03T08:53:39.764684,-26.19860111590842,28.053227673801825
20abaa48-24db-44ec-94bc-db168b55f96c,2026-02-03T08:53:40.764684,-26.18720393646308,28.05077127146557
781b50d4-2ddd-44b3-97f1-cddeb4719df5,2026-02-03T08:53:41.764684,-26.22199930459661,28.031175427921212
8b298334-c2bc-4406-849b-d57e84b0d058,2026-02-03T08:53:42.764684,-26.213241786420475,28.064130972318967
a0855b8b-d59f-4774-a28f-884b54283d19,2026-02-03T08:53:43.764684,-26.208673549601784,28.034164759949682
aeeab1b8-c5bf-44a1-9065-eacca8552060,2026-02-03T08:53:44.764684,-26.214124502699207,28.060330406233547
5d63be93-0acb-4fbe-bce3-97d3f513ba4f,2026-02-03T08:53:45.764684,-26.20285017106624,28.05882270828575
47b49b32-fb9b-4474-9abb-c9e332495085,2026-02-03T08:53:46.764684,-26.19182258519641,28.043682448741485
b0fb61d4-913a-4bc5-97a4-cf46a0663ac8,2026-02-03T08:53:47.764684,-26.19217790444207,28.03826159252858
0e38ee5a-9e38-467f-83ce-6c9913daa949,2026-02-03T08:53:48.764684,-26.20390584456216,28.059914933083085
939352d0-7c34-4c3c-8d65-477eb0868b37,2026-02-03T08:53:49.764684,-26.21657999886042,28.048797266923348
1f7685f6-08e2-4b26-991c-74e30ba91c7c,2026-02-03T08:53:50.764684,-26.184229146564864,28.064952727506363
1febec77-4db5-4f65-b119-488892e71364,2026-02-03T08:53:51.764684,-26.212113388734217,28.0608275305188
0cc02ea9-b020-4bc6-8721-620c0147d8a7,2026-02-03T08:53:52.764684,-26.21107691230146,28.034646927594714
05b52470-3486-4471-a43b-396f9c2d4001,2026-02-03T08:53:53.764684,-26.197591593607974,28.044581956459716
7a67bf9a-7a68-4c89-8bf6-a57de6a3a5a3,2026-02-03T08:53:54.764684,-26.20021818954426,28.034792336850106
9a9cf82d-ab7c-44fe-a69b-99eedbb8eccc,2026-02-03T08:53:55.764684,-26.199444387581835,28.056376932682582
338c1363-253e-4e1b-a532-fb549bf128dd,2026-02-03T08:53:56.764684,-26.20989841103766,28.052987654774807
41be3131-86d0-4b6a-b967-adba4ef1e258,2026-02-03T08:53:57.764684,-26.21793975209453,28.0288222216314
fdf3d172-eff9-40c4-962f-eb8ab7dbf581,2026-02-03T08:53:58.764684,-26.18540947749094,28.066093231203023
ed728eb2-3b6c-4362-aec8-8efce4738e96,2026-02-03T08:53:59.764684,-26.20700954519533,28.062457261017663
2c90fa3e-5fe4-4cde-8a34-b92781457745,2026-02-03T08:54:00.764684,-26.204973828837034,28.047835417640794
7e2c1bb0-6518-4245-9531-7a1ba9bb0dc7,2026-02-03T08:54:01.764684,-26.21702810936391,28.03682882845371
7e38deba-7737-4efd-b24b-9f98224cc957,2026-02-03T08:54:02.764684,-26.200471596053628,28.04671458487811
b7271016-14ae-41b6-b1cd-0e7dd42acd35,2026-02-03T08:54:03.764684,-26.198481213939722,28.043866725763824
87e27a44-fb11-4734-be04-f3ae0d188500,2026-02-03T08:54:04.764684,-26.188708683021872,28.061058352686025
7afb1f75-17d5-4249-a54b-5e5bf95f99a0,2026-02-03T08:54:05.764684,-26.192638262204238,28.043676849058237
65bc6aa0-6741-4dab-95c1-0bce469b319e,2026-02-03T08:54:06.764684,-26.201949898483264,28.036881921727243
d67ee8ea-5a23-4636-a24f-62892c1fd2d3,2026-02-03T08:54:07.764684,-26.200379347170358,28.06248658827294
937c681c-88cf-43e6-83ce-643ec68ec691,2026-02-03T08:54:08.764684,-26.204740669930825,28.029156442574465
c42fba71-b173-435e-ad70-c097b8d2071c,2026-02-03T08:54:09.764684,-26.21605240489019,28.048592503411534
3d5e7164-76cc-4a83-8b06-d8c53ca52e12,2026-02-03T08:54:10.764684,-26.190281145430706,28.03045939578413
fd3403c0-26ad-45e0-97c8-e5ee1a0293e7,2026-02-03T08:54:11.764684,-26.214185983532904,28.044768274724603
a0b46ca4-c78a-4e48-bcd4-aa2889b1e6f8,2026-02-03T08:54:12.764684,-26.194294928602528,28.053894161238254
7148621b-006b-49b5-b9fd-0da05164b64a,2026-02-03T08:54:13.764684,-26.195961870296667,28.028000038331367
a27c1e48-17d4-4846-9609-78ed03a8f546,2026-02-03T08:54:14.764684,-26.200860462030544,28.04692706564718
024839a1-5ba0-4b2e-8a61-fefebfc5eb8a,2026-02-03T08:54:15.764684,-26.192538851663105,28.027946925924613
0369b65f-37bb-4fbe-b6f1-d555c6fa5c15,2026-02-03T08:54:16.764684,-26.192578921727986,28.03037006558066
ba4e9f97-7a33-4f15-96bf-9cc18a692595,2026-02-03T08:54:17.764684,-26.19547792242645,28.043775207584023
c4c01e75-3400-4f7d-9124-34d3a4ebd303,2026-02-03T08:54:18.764684,-26.221090735061328,28.02917033341003
15eec209-4980-4ff7-8580-d0e6add35cff,2026-02-03T08:54:19.764684,-26.21685234950898,28.041979454109807
bd01db8c-a926-4d17-86b6-bd63c5f060f5,2026-02-03T08:54:20.764684,-26.21534343382683,28.06540443810524
1729ad6a-7e53-4012-ab7d-41068df1f39d,2026-02-03T08:54:21.764684,-26.197690024847095,28.04669009765245
fbd77518-408c-491b-8c04-cc0479298db7,2026-02-03T08:54:22.764684,-26.198057292021073,28.035229233305056
3ee054ee-afba-4099-aefc-1e2cb509cbb4,2026-02-03T08:54:23.764684,-26.185711784746783,28.050202189927848
dcf72d59-7741-434f-9078-120a784ec51c,2026-02-03T08:54:24.764684,-26.223242710563415,28.0315390318925
172b51bc-b057-4307-b1dc-2c850d7ee294,2026-02-03T08:54:25.764684,-26.193477784903077,28.045136731974324
1b5b6e89-9bab-4fee-84d4-d6d4c6491b41,2026-02-03T08:54:26.764684,-26.18993122509164,28.058066590076493
f71bc8d7-8776-461e-9952-f87bfab78db7,2026-02-03T08:54:27.764684,-26.205782123820594,28.041365202371978
cf87ca46-d787-43fa-bdcc-0b38c02e8499,2026-02-03T08:54:28.764684,-26.216752184734055,28.040373697055067
2161b400-0003-4a36-95a4-a497f7c0c052,2026-02-03T08:54:29.764684,-26.203381388723216,28.064684970459524
e64628f4-8db0-4a26-b7d7-6502479ca89e,2026-02-03T08:54:30.764684,-26.20060553106513,28.03705914478324
f91ab06c-5162-4498-8543-05fb32110667,2026-02-03T08:54:31.764684,-26.206885185132748,28.033578738649453
f9d419cc-80cc-404a-b605-26786a410557,2026-02-03T08:54:32.764684,-26.204590949255106,28.058207707946213
31c804d0-7308-40e1-9ce0-b5562f785d87,2026-02-03T08:54:33.764684,-26.191379096920226,28.03933791973777
bbd5b12b-3d10-49ce-b609-3b13ab1f49f9,2026-02-03T08:54:34.764684,-26.2081992182024,28.064607311129233
c7669d96-c4fa-4c7f-a584-c411aab54e16,2026-02-03T08:54:35.764684,-26.18720988385544,28.06039087936069
165dc453-41ec-40ca-b9b8-e44d7456148e,2026-02-03T08:54:36.764684,-26.212805005735458,28.065810987896437
e996bb64-a317-4f64-afb3-d62a1b9a3316,2026-02-03T08:54:37.764684,-26.204325330628766,28.033218550233357
3de9a5b0-78c0-46b1-850d-3268e9988257,2026-02-03T08:54:38.764684,-26.196025650362674,28.06438445357057
f0091333-bdff-49ef-b634-cbfdd99b996f,2026-02-03T08:54:39.764684,-26.18671936976924,28.041963912262375
17408331-f735-4497-8c3b-9662d557645f,2026-02-03T08:54:40.764684,-26.22076623472044,28.06431081372403
fc051125-e521-4ff8-ab84-f6f799d6cc4e,2026-02-03T08:54:41.764684,-26.197974210520282,28.064247597710956
84383b14-d5a6-4550-885e-a134acb9e316,2026-02-03T08:54:42.764684,-26.18802118636158,28.0562694718601
fa740028-7d29-49d9-992b-42dc716338d9,2026-02-03T08:54:43.764684,-26.21740880214492,28.05905362160114
7b98144f-6094-415d-b541-d5a350bb98b3,2026-02-03T08:54:44.764684,-26.207593705153762,28.049722129195434
ad897844-3b85-4371-ade7-cc51d96a827a,2026-02-03T08:54:45.764684,-26.213194945508985,28.057129122574214
5ca11dd5-39f4-4d52-a966-e55c6d5a3746,2026-02-03T08:54:46.764684,-26.218763753715262,28.057048548973793
fda7c5fc-8f04-40c1-81a3-945cbfb989a9,2026-02-03T08:54:47.764684,-26.20499704012496,28.060636389182996
84f4a388-ecc8-4fdf-99f3-9d327fb47ca3,2026-02-03T08:54:48.764684,-26.21292453176499,28.047602908367693
c3ccdfb4-16c7-43de-9526-2f1ac8db4db8,2026-02-03T08:54:49.764684,-26.207652643242774,28.063174452836897
3b4aa2d5-79eb-4443-8328-96dfa6ebe38e,2026-02-03T08:54:50.764684,-26.201805570184785,28.065841533080516
aa4c8a28-21bf-4bb6-aea1-1fdb661e7b28,2026-02-03T08:54:51.764684,-26.21465056130826,28.039679564314948
c5a70b17-9f59-4469-a14b-9d5c7096e5a8,2026-02-03T08:54:52.764684,-26.223917613327206,28.046664059867748
9a815b88-d034-4583-8f04-2e33270ebd8b,2026-02-03T08:54:53.764684,-26.223845677913847,28.041430291058038
aaf62c4b-04e1-4689-9664-451bf8b6c06d,2026-02-03T08:54:54.764684,-26.216197499722373,28.065496282928407
3424a167-4af8-43c2-beed-1f18fa40ec89,2026-02-03T08:54:55.764684,-26.21546164442954,28.033933830444905
c576ab17-04c8-4787-95c7-d478ae1c29de,2026-02-03T08:54:56.764684,-26.19942966255323,28.040768369186022
005d3a92-fc4c-43ea-9a34-d75f2c9f8d56,2026-02-03T08:54:57.764684,-26.189850225021996,28.052193431765158
4eb98397-9e61-454d-944a-3d1b1081594b,2026-02-03T08:54:58.764684,-26.21284508667893,28.033895898760953
3a9a9ad4-c5d5-4ac8-b7b8-941b57f9beba,2026-02-03T08:54:59.764684,-26.204757677003816,28.050020669760894
e5c1bac9-616e-4878-9ef0-139475f972d9,2026-02-03T08:55:00.764684,-26.223154572649996,28.052100914371987
c4f621c3-f7df-4a87-a7e8-bfdda1051976,2026-02-03T08:55:01.764684,-26.21287627940468,28.036130959893946
88c6eef2-8a7c-4b2e-8223-e1d474c34a85,2026-02-03T08:55:02.764684,-26.211542712976296,28.048372673241868
9e72f717-9045-45ee-b5c2-b2ed6fa4b40c,2026-02-03T08:55:03.764684,-26.205831369201896,28.055476353279186
080cd1ab-8a74-48df-b9bb-a3966826e7c0,2026-02-03T08:55:04.764684,-26.21014836692711,28.032959976341697
2635bf9f-19cf-4c1f-9394-eabe062cf9ad,2026-02-03T08:55:05.764684,-26.20388967638367,28.06333968443596
b7a32944-d52e-4728-8906-5efc4daf938d,2026-02-03T08:55:06.764684,-26.208757238141867,28.061277554581903
7d73c3b9-12b2-4ed8-9951-a52eb79b5f51,2026-02-03T08:55:07.764684,-26.211099950961405,28.02866260032472
b25fd08a-14b9-4f9f-ae6b-de9717340831,2026-02-03T08:55:08.764684,-26.216359912885164,28.043739006273782
9e776cf5-0fd9-4a95-8237-3fd5ea506a21,2026-02-03T08:55:09.764684,-26.220332088966902,28.065413771674944
02c0e96e-fde8-44d8-a43a-c971b48013b6,2026-02-03T08:55:10.764684,-26.208754705816496,28.046245798131075
5de49a9d-9e51-424b-86d7-6e85510194ad,2026-02-03T08:55:11.764684,-26.202893282411132,28.031160204798994
5a115514-1071-4332-8628-88bcbaa8b3e2,2026-02-03T08:55:12.764684,-26.201343568518592,28.035493624128936
1eb42abb-9751-4bf6-b059-27655dd63e55,2026-02-03T08:55:13.764684,-26.22268037760977,28.02847149693929
1c58f4b9-3579-423a-9f05-01351f3a1459,2026-02-03T08:55:14.764684,-26.22178458053749,28.058153990395013
d0335b5d-de74-441c-b514-af3a093144d4,2026-02-03T08:55:15.764684,-26.193711689608765,28.0563315228806
2fa42686-c425-44d7-9a44-2bd54eaf1fe4,2026-02-03T08:55:16.764684,-26.20782907659515,28.041595318131794
3d900c68-f654-4028-bcaf-f5bbafa43763,2026-02-03T08:55:17.764684,-26.206678397353024,28.035798380161527
151dd597-8265-49ee-8078-2f9e2eaeeb2c,2026-02-03T08:55:18.764684,-26.215536206997463,28.05988306203872
34f06153-9bfb-4c4c-8464-ec6736bbe3a7,2026-02-03T08:55:19.764684,-26.186184342240423,28.064133794919897
b42c1b0b-e981-492a-9343-294b46272fbd,2026-02-03T08:55:20.764684,-26.19472681541683,28.04622921533687
df03e473-c432-4fce-848c-642cef8e3d92,2026-02-03T08:55:21.764684,-26.211463670140624,28.033998554764306
29c35d96-3520-4f23-a518-8ebdfa1aeb66,2026-02-03T08:55:22.764684,-26.212234361057202,28.02991044176916
49a7921c-68a5-4404-9f8c-6f9e7b6d22ae,2026-02-03T08:55:23.764684,-26.214846733658295,28.03811666371665
dfe5c261-4f83-45e7-85e2-f3d833108728,2026-02-03T08:55:24.764684,-26.19771032836438,28.050112675866995
ed636f3f-036a-4828-92b0-13769e5f414d,2026-02-03T08:55:25.764684,-26.210627271925762,28.044254388382377
3b67783a-8833-4e04-8652-e7248b04e44d,2026-02-03T08:55:26.764684,-26.197609897678444,28.046878526498993
11113033-483f-412f-8631-9f76e168e8a1,2026-02-03T08:55:27.764684,-26.21297284725549,28.056202743768512
9b31f062-289d-4a4c-b01c-63f246f74446,2026-02-03T08:55:28.764684,-26.191998318331624,28.039645009451434
5b4f3a25-64d6-4957-9355-2021c29e546c,2026-02-03T08:55:29.764684,-26.196697476597386,28.054397094119956
7839c224-ec4a-4881-b04c-09de17096ee7,2026-02-03T08:55:30.764684,-26.1851401420903,28.060478159706314
685dce9f-2d2d-45f3-aba0-a58348215879,2026-02-03T08:55:31.764684,-26.205706964331217,28.031456430308435
5b1c5631-b362-4e2c-9f3e-0aaaacf777d2,2026-02-03T08:55:32.764684,-26.223185392457367,28.051625515001003
194e442a-2d92-4019-a90c-8b51e4ba3968,2026-02-03T08:55:33.764684,-26.189743998894233,28.031607628800966
494ee4f2-0041-464b-b3a5-0e345fa0cdc3,2026-02-03T08:55:34.764684,-26.191947393738236,28.05825337455336
3b875501-7aeb-4d09-91d5-109557d4f716,2026-02-03T08:55:35.764684,-26.215865390255974,28.06485241905375
04021343-14bc-4f97-8226-852ae82cb919,2026-02-03T08:55:36.764684,-26.197891130123814,28.059290944886417
53277abd-5ad8-49f2-b9e0-c427d1f5766c,2026-02-03T08:55:37.764684,-26.195350884187548,28.065530359391904
9f103e99-5ee6-4455-9af1-d4d808466983,2026-02-03T08:55:38.764684,-26.215758121649607,28.052405639166423
fd5bbec5-c503-4169-a0fc-89cc945d7075,2026-02-03T08:55:39.764684,-26.186840555948308,28.05929896826989
a5454572-a4bb-4e17-947d-a438bee14325,2026-02-03T08:55:40.764684,-26.186046262358207,28.055345979883068
6a5ec603-1816-4282-afff-fa88430b039e,2026-02-03T08:55:41.764684,-26.206659018466656,28.055601278847515
da19866a-d070-4c68-add8-7176946e3651,2026-02-03T08:55:42.764684,-26.188066234836892,28.05294569785456
ccc17390-e8f4-4819-a258-38a5d4bf5168,2026-02-03T08:55:43.764684,-26.207566821941036,28.03948033315392
2975dd4d-6d6d-4c94-949d-2e5141639a5e,2026-02-03T08:55:44.764684,-26.19833942016398,28.028829459137942
7001e2e5-d040-4ab9-bb9f-f7f27f99eed2,2026-02-03T08:55:45.764684,-26.222485455590025,28.048349903012877
763a8e73-5c8e-4f2e-98ca-caf964d9ed1c,2026-02-03T08:55:46.764684,-26.212079261119495,28.035421620050528
b25146d9-c1db-4cd7-8e98-1cebbd42a929,2026-02-03T08:55:47.764684,-26.22348357652662,28.046580185845993
7b0ef2ee-a795-4a74-8822-cdd694189381,2026-02-03T08:55:48.764684,-26.205550110885934,28.036124713215518
d43aba8e-535b-4414-a8cc-acaac0919023,2026-02-03T08:55:49.764684,-26.20724209662733,28.038456621222803
b2e6aa47-d3e4-44ad-a872-0fcfc6915f35,2026-02-03T08:55:50.764684,-26.19156783257096,28.063139248228453
b7c3bad2-a14d-4b20-84c4-263ea93b3535,2026-02-03T08:55:51.764684,-26.22293281329323,28.05845404309583
fa9ed19a-744d-43f8-86c0-0dc6261b2273,2026-02-03T08:55:52.764684,-26.204940189063652,28.0668169394914
35b5ad11-2386-4f47-ba0b-b91b7f2516c7,2026-02-03T08:55:53.764684,-26.19704455434788,28.05357975113027
a4dd7277-50c6-4a8a-b5db-f22bac8cb3e2,2026-02-03T08:55:54.764684,-26.194652633002995,28.045144724078337
632c81d6-bd20-4334-9cab-979d13dedf93,2026-02-03T08:55:55.764684,-26.223046618123586,28.045591930892364
7595173d-82d0-48d3-bd1c-706265218afd,2026-02-03T08:55:56.764684,-26.207731069833454,28.065191858640606
e6759a20-ebb2-4278-922d-0e431a8240fb,2026-02-03T08:55:57.764684,-26.221844098780366,28.06066379927342
aa8b1c39-5c01-42d9-9f24-f1ebe7e8c335,2026-02-03T08:55:58.764684,-26.21643071400834,28.047946478599908
e9a89df1-96fd-414c-a09d-d7517b9f0219,2026-02-03T08:55:59.764684,-26.18897527269631,28.063750446190472
d4a32941-1c0e-4729-915a-a01d230e3646,2026-02-03T08:56:00.764684,-26.200588230977814,28.03697607880781
d6e2e417-262a-4ccf-87c9-282dcccb889e,2026-02-03T08:56:01.764684,-26.202150878170773,28.04038031889429
5deeece5-fe20-4b8f-a413-ab1be2389203,2026-02-03T08:56:02.764684,-26.1918516038998,28.063633880385197
114ffc18-3d35-4f78-aa05-9cd1e8516032,2026-02-03T08:56:03.764684,-26.202266092903038,28.036714711268
36674d55-eca7-4069-b62e-4d67eb14cb00,2026-02-03T08:56:04.764684,-26.211734962235415,28.06603396891485
97e4bd1c-707c-4f04-991a-78dc43fc96a5,2026-02-03T08:56:05.764684,-26.19430455650472,28.063523014460102
cd28dfbd-38cc-4361-898c-e6fc2908f974,2026-02-03T08:56:06.764684,-26.184992325455557,28.03356374446238
f9442c2e-d792-4f7e-8657-261c2d0d7956,2026-02-03T08:56:07.764684,-26.190863352507996,28.04253110020728
f864418f-4cd4-4ea4-b163-55b32f584ce3,2026-02-03T08:56:08.764684,-26.188543788741406,28.05419547881401
ae6f6655-52c0-4977-9d0e-5ab6072632dd,2026-02-03T08:56:09.764684,-26.215060740754573,28.037589743704064
4885a4e3-7b76-483e-9b6f-dcb15b0906d7,2026-02-03T08:56:10.764684,-26.18733055655044,28.061021893457507
68b42893-97a0-4f9d-8774-a7b8ecb6cc84,2026-02-03T08:56:11.764684,-26.209781321988245,28.032017760277643
52f2c5ab-2d7f-4c3f-8c1a-26f27ad7131c,2026-02-03T08:56:12.764684,-26.18949940163742,28.048914404252525
01bc6dda-48cd-4905-ad35-bd7bd975dbed,2026-02-03T08:56:13.764684,-26.21201085054746,28.0405553760248
c4eda3d4-15a6-45d3-a8e7-7ce4a3504bdb,2026-02-03T08:56:14.764684,-26.185922131587823,28.05018806102898
242dc004-9b0a-4396-b5ba-b4e1778a315b,2026-02-03T08:56:15.764684,-26.20911806557043,28.040200997556145
917865a9-e67d-400b-acfe-4ad01f2dca56,2026-02-03T08:56:16.764684,-26.19791405423315,28.028803428028386
d7faa1e7-23a0-4684-b1f4-f074901f2314,2026-02-03T08:56:17.764684,-26.203745010951256,28.037953947988516
498f281a-40a1-4eed-a2c0-346574436ef8,2026-02-03T08:56:18.764684,-26.208218691327964,28.055165505170468
99cad792-49c2-4674-b758-5a17ca39558b,2026-02-03T08:56:19.764684,-26.207478750866983,28.04861677835684
6909b8d7-e6b1-4459-8712-35f7ac7518b1,2026-02-03T08:56:20.764684,-26.203342011938528,28.065688217692085
855f77f7-7183-479b-ab6c-50c17b4d9eaa,2026-02-03T08:56:21.764684,-26.20111801758405,28.066899277076544
a080672d-ee98-4a32-99d5-ba2a46868aba,2026-02-03T08:56:22.764684,-26.220623037308147,28.04281116762497
00f5e960-c022-4b43-a625-d5643dd75dd4,2026-02-03T08:56:23.764684,-26.200220064654992,28.061642748720196
e8687785-ef6f-455f-87ad-927d6b6ea0c8,2026-02-03T08:56:24.764684,-26.191494082400506,28.03318140393931
e5a167d7-c494-4923-acb4-bc491318c036,2026-02-03T08:56:25.764684,-26.184256849058592,28.065907157688304
e53fd470-dadd-4f31-bee3-e7912f3021db,2026-02-03T08:56:26.764684,-26.199066283420038,28.032501938886192
d18242bf-35ae-48fb-b62a-14794fcae0c3,2026-02-03T08:56:27.764684,-26.204655342940843,28.058720402693346
7a13ec2b-bf0d-46b7-97b5-87983f6f70b6,2026-02-03T08:56:28.764684,-26.20393550924802,28.05673009642721
fcfa3afc-6fc6-4864-8aae-5075c79d1822,2026-02-03T08:56:29.764684,-26.20023214260106,28.06556513573979
31991736-0655-4588-96cd-588accd276fd,2026-02-03T08:56:30.764684,-26.202412581247014,28.03157808524436
63d59d41-2477-4213-bafd-2961912b1700,2026-02-03T08:56:31.764684,-26.2134847078109,28.03032766456475
ce316f4f-ec99-4316-8f84-de86a2195188,2026-02-03T08:56:32.764684,-26.21366932715488,28.055355980170983
90177771-73b2-4324-99c4-8b421b43886f,2026-02-03T08:56:33.764684,-26.207550180288717,28.046209798880035
6b854ca9-eda7-4c15-9401-5c31e2addad8,2026-02-03T08:56:34.764684,-26.187050683590947,28.028202258371774
2ae8f3de-29ae-4f7d-b4ec-4dcaa017b326,2026-02-03T08:56:35.764684,-26.214116870164524,28.029200777386716
6945699a-2ff3-40e3-a6a9-3f77ac32f06b,2026-02-03T08:56:36.764684,-26.187848708678356,28.045547172206923
62404a20-0118-4176-8985-00e9b7f2f528,2026-02-03T08:56:37.764684,-26.203679758593037,28.02891247517735
4f5b33a3-ec65-4418-8089-6e39b2fe890c,2026-02-03T08:56:38.764684,-26.21205955611838,28.042799807720606
81e29b85-02cf-42d3-b5b9-42ce910859ef,2026-02-03T08:56:39.764684,-26.201793280969444,28.046731943166954
a90c0565-d0be-43b2-b6c5-afc996936816,2026-02-03T08:56:40.764684,-26.215899517181295,28.048162062531826
8006d74b-2f74-4023-9a20-ee86e1d65d17,2026-02-03T08:56:41.764684,-26.201887478548002,28.05478879483285
407d9fbf-837b-499c-8232-1a1dc1acacc1,2026-02-03T08:56:42.764684,-26.191445405009016,28.065574728546327
90ebabc5-4258-4040-9ab5-535f971aafc8,2026-02-03T08:56:43.764684,-26.21349410315832,28.03426302098842
2f279f36-6b21-48ff-9099-ded524220129,2026-02-03T08:56:44.764684,-26.21781010706311,28.04179663601596
f4172227-4f35-4611-93fe-47f6d97caf59,2026-02-03T08:56:45.764684,-26.214156328857413,28.03102177370247
33c9f75e-2337-4c2c-a1f3-ed440bbc3e6d,2026-02-03T08:56:46.764684,-26.191578837249672,28.032675474803817
9a70396c-a6d1-4198-8182-c5877134da35,2026-02-03T08:56:47.764684,-26.189864029379212,28.0577167744897
0c719288-eec7-438a-a55e-18cefe5a7361,2026-02-03T08:56:48.764684,-26.199011850298206,28.032346919979826
002702b8-a386-440f-8704-45cdf2746c96,2026-02-03T08:56:49.764684,-26.219292592070097,28.05648307917851
c553993d-ee44-44fb-bb96-03a33eac5ccf,2026-02-03T08:56:50.764684,-26.198555212244198,28.06279921967583
aa3fc825-2463-4eff-9644-83e2d5b93207,2026-02-03T08:56:51.764684,-26.209990011420352,28.030821529700823
1ae74d85-8963-4723-8c46-1a114d76d1f9,2026-02-03T08:56:52.764684,-26.22139426916261,28.066051796993463
99527568-80f9-42d5-9181-0a52303c3397,2026-02-03T08:56:53.764684,-26.199753461917588,28.034990876589603
9c16bd71-70d7-4931-b9d0-d3185f9154c0,2026-02-03T08:56:54.764684,-26.22153501554984,28.04765846728084
70cd7339-30d8-4d5a-ba6e-1fc667a623ce,2026-02-03T08:56:55.764684,-26.21902852401925,28.029141651105128
5e65cfda-0fe0-4123-8c55-4c7431917804,2026-02-03T08:56:56.764684,-26.203601399235005,28.054143896000895
1a709226-59a6-4f14-a994-0168e642aef4,2026-02-03T08:56:57.764684,-26.210780753334912,28.041654974146212
82dbb7b7-8755-4881-90ca-b3494a1de950,2026-02-03T08:56:58.764684,-26.213469285218366,28.04296791510787
689a7f4e-3fc9-45e3-87bc-93db878734b9,2026-02-03T08:56:59.764684,-26.223262929040672,28.04887167424414
bb2879ca-9b59-4cef-9fa4-597b4565f90e,2026-02-03T08:57:00.764684,-26.20575282808619,28.046738792451762
b56ca302-d376-42bc-9fd3-2a701dd47dc4,2026-02-03T08:57:01.764684,-26.19503364078286,28.03819053200615
72d948d6-68e7-458f-8a48-3b90d24f2630,2026-02-03T08:57:02.764684,-26.20723709944013,28.060834495558474
e55d924f-eb78-4f08-bffe-0d4d5e4a5bab,2026-02-03T08:57:03.764684,-26.194160051276864,28.033433851958392
0b51980e-d87d-4e28-98c8-41f0719b2b5a,2026-02-03T08:57:04.764684,-26.187273377795826,28.036121941482666
7380bf2c-39ee-4c61-8f8e-14980e22f6b9,2026-02-03T08:57:05.764684,-26.20444135524378,28.06462637721579
712d00eb-c425-4a8e-83fb-0251836ace45,2026-02-03T08:57:06.764684,-26.18584515020991,28.066288034454697
8bffadd3-f2eb-4672-8320-b0fec6648d97,2026-02-03T08:57:07.764684,-26.198714784272283,28.031570364640743
cefbaf0c-c49f-4415-8c25-e49afb1ccf7b,2026-02-03T08:57:08.764684,-26.19898962708738,28.04357340187609
896570f7-8d4c-4d56-80f0-c398ba4b7718,2026-02-03T08:57:09.764684,-26.18772749783585,28.04798168289265
a0de50fc-ed2a-44d5-86ee-cf7d937ba1f6,2026-02-03T08:57:10.764684,-26.198088546999664,28.058561169902543
663db21a-af1d-4a9e-9705-9ba98ba302dc,2026-02-03T08:57:11.764684,-26.18462702109494,28.03957611128252
b885aa3c-276d-40d9-866e-005330f4f604,2026-02-03T08:57:12.764684,-26.19434985559682,28.043340090447753
5764a7f2-4f6e-4ee1-ae9b-f2244d90d994,2026-02-03T08:57:13.764684,-26.195352061345744,28.02816971841726
d869900a-f402-43d1-864f-23fa5a5dc669,2026-02-03T08:57:14.764684,-26.200206660268748,28.051461364458174
c90d1175-effa-4e21-8937-abcb9dcfa3aa,2026-02-03T08:57:15.764684,-26.203198309096827,28.049355563238258
cd2c3dd8-fce0-4ef0-988a-6467475b0aaa,2026-02-03T08:57:16.764684,-26.19535771449135,28.0445267139592
a530dfbf-7361-4b9f-85a7-33e21c8379e9,2026-02-03T08:57:17.764684,-26.22351929305612,28.05310709775201
918178bf-fab5-47f3-8f90-4a0c8f4f6c30,2026-02-03T08:57:18.764684,-26.205639460917453,28.051107388219886
77ea5cb5-0522-4e7b-b3c6-1b0e6b01ed9d,2026-02-03T08:57:19.764684,-26.211286747009463,28.044413570280568
9d26dfe1-73d6-4189-b62f-da21f19b7912,2026-02-03T08:57:20.764684,-26.212745040435067,28.05307041028519
78ba98fb-47dc-4267-b2bb-ed1e586b415d,2026-02-03T08:57:21.764684,-26.205669650929874,28.052703349220874
5dd1d828-9257-496a-b5c4-be32e79806d7,2026-02-03T08:57:22.764684,-26.184677717801602,28.029719294324
575eb60b-4944-45ca-a53a-8d884ef0a087,2026-02-03T08:57:23.764684,-26.213253104039822,28.03606170757566
4be2759c-8169-460d-ada8-2dc171a4dc62,2026-02-03T08:57:24.764684,-26.2075134050184,28.032206626811032
33d4d7eb-046d-4623-9619-2d7f4e117dac,2026-02-03T08:57:25.764684,-26.21904174282104,28.031353113506604
d79dca7f-a97c-4de8-9410-48f4132c7a37,2026-02-03T08:57:26.764684,-26.218859155880942,28.056636811609007
24d1b8d6-675f-439f-a143-5aa676f65415,2026-02-03T08:57:27.764684,-26.21460898618705,28.066644191043295
ac4abc3c-034b-40b7-b760-d5bb39ede587,2026-02-03T08:57:28.764684,-26.21472849381479,28.046810136236974
3fe1cc29-abee-4953-b6d8-1de0e2859c91,2026-02-03T08:57:29.764684,-26.21292896473526,28.04230091623559
77175b7c-56e6-47dd-84aa-ba5f69e9a789,2026-02-03T08:57:30.764684,-26.18722909419145,28.034235628351606
51ed2be4-ee62-4626-b198-d32b1d64bffb,2026-02-03T08:57:31.764684,-26.211054527278176,28.0590355190693
13901720-b5ea-4286-9dfa-f409fbb4998a,2026-02-03T08:57:32.764684,-26.222106034717264,28.062333864042667
d215a1d0-8f97-4d42-8d4b-9408682c6662,2026-02-03T08:57:33.764684,-26.222317282138025,28.066443063502874
5b02e956-7f04-48d4-83a5-529d6beb84a6,2026-02-03T08:57:34.764684,-26.195938969574588,28.038167409310674
a0a4acea-57df-4adb-98ad-f6f0d16ad966,2026-02-03T08:57:35.764684,-26.218926503932693,28.033045894011213
721cfa71-1970-4195-8a90-682183be72c9,2026-02-03T08:57:36.764684,-26.19875192726246,28.027463825995685
18631eee-fd09-434a-bdbd-9246140d3dc7,2026-02-03T08:57:37.764684,-26.221917555059175,28.03102289899282
56c952d5-6bb6-4196-b89a-16e9978b2fb1,2026-02-03T08:57:38.764684,-26.209553266529607,28.04999490200073
c00a3bc6-5c48-4909-96b8-3365151a9933,2026-02-03T08:57:39.764684,-26.215960250531356,28.05933519902432
bf2c30c1-5436-45c4-a4af-83e5068dc3a3,2026-02-03T08:57:40.764684,-26.187123442263516,28.05596855026107
46e753e8-0f02-4fc7-ae6b-250d7f80ac13,2026-02-03T08:57:41.764684,-26.210575366846818,28.066409861787623
553d3d6d-4dd8-43f4-9562-268d81868aa2,2026-02-03T08:57:42.764684,-26.19487082028493,28.05541406002547
dc28f89d-9b53-4df4-b015-73c4bcd80744,2026-02-03T08:57:43.764684,-26.205635577323118,28.057345912524397
ac6381f9-ac9c-457c-8f45-931725eab52d,2026-02-03T08:57:44.764684,-26.19366679900526,28.065128524842464
69ac8e82-475f-4c88-af33-a8a34bbf1f2a,2026-02-03T08:57:45.764684,-26.186065348814694,28.0520003719469
958e3ff7-cd87-47bc-be92-eb47bb46b386,2026-02-03T08:57:46.764684,-26.218071841857792,28.037056850873867
e48b6746-5135-4c77-8ec5-d14c699ed40c,2026-02-03T08:57:47.764684,-26.217783561818827,28.063146280231884
5dab3801-0193-4e3d-93d6-5148df501748,2026-02-03T08:57:48.764684,-26.218522642147114,28.03021155469296
ebd3af43-f358-4e40-af1c-d638393fb66a,2026-02-03T08:57:49.764684,-26.214286348971203,28.036556454431363
d1ce08a2-2872-4a9d-9c7d-a4c2f58e9f6f,2026-02-03T08:57:50.764684,-26.22092715434041,28.05706319206283
55564882-db97-4846-a5a9-fec6eac48791,2026-02-03T08:57:51.764684,-26.21612401699505,28.046008531639153
9c7cd48d-5433-4aed-b0e6-181b0d584f39,2026-02-03T08:57:52.764684,-26.184757703303056,28.060767283054478
38e0da5e-0841-4c8d-a573-9cca834b3110,2026-02-03T08:57:53.764684,-26.222804223491043,28.032643348925912
ba48f320-fabd-424a-8092-ce0a9c42eca5,2026-02-03T08:57:54.764684,-26.203136661330614,28.057286827203253
da010617-d25b-403c-a62e-e880c43c1b7b,2026-02-03T08:57:55.764684,-26.192517430531804,28.03387035021623
96e7c23a-3a11-4c9c-ad2d-a9fbba47bbb8,2026-02-03T08:57:56.764684,-26.196212716577065,28.02887336853791
30245977-28f9-469c-a692-27369db9603f,2026-02-03T08:57:57.764684,-26.215962310550168,28.032743820708408
72ef7a63-a2da-47e3-856b-b067d99e83df,2026-02-03T08:57:58.764684,-26.196097083509088,28.036549077349644
cc4a0f70-bc93-4df6-963c-f6f34f86aea6,2026-02-03T08:57:59.764684,-26.204838438047247,28.060383030939732
3bb1516e-6f40-4786-9458-d5b243ee3d5c,2026-02-03T08:58:00.764684,-26.19128893785228,28.03619205650722
45303381-f451-4613-8c06-df378c747a60,2026-02-03T08:58:01.764684,-26.20832204548838,28.03683260428082
e0ec3921-273c-4bfd-ac0e-0bba0edec4c9,2026-02-03T08:58:02.764684,-26.200641667189057,28.0445855279168
fe8d8bc6-714c-46ee-be3c-f166f19cf3ce,2026-02-03T08:58:03.764684,-26.212624863050657,28.06578187925063
53656f98-f860-491a-acd2-4247160dbd8f,2026-02-03T08:58:04.764684,-26.201771572330614,28.037649108256822
4dd172db-6f93-47e5-926b-705e1c03177f,2026-02-03T08:58:05.764684,-26.192535594272236,28.04295073304919
555b2770-3f58-4b59-ac7e-ea53ab653aaa,2026-02-03T08:58:06.764684,-26.223314556228726,28.06132448839299
e1a65766-6b26-4601-8b54-8716343bef5d,2026-02-03T08:58:07.764684,-26.21052805600887,28.047505739846965
501c540c-a78c-4a3d-9552-143ab2947bca,2026-02-03T08:58:08.764684,-26.188109362314506,28.059620589321632
1e53dff9-3128-481b-bb28-e9169e03095e,2026-02-03T08:58:09.764684,-26.21967111598233,28.037918375135327
c09b8666-54c7-4af2-beba-8bad94f4f843,2026-02-03T08:58:10.764684,-26.21510657554695,28.05191050485368
38386a04-33c1-40f2-be89-336a9efe134f,2026-02-03T08:58:11.764684,-26.210741428058842,28.033144564809515
9a531b72-ef06-483d-9102-7bc6905ef76a,2026-02-03T08:58:12.764684,-26.209070394591304,28.04553088442858
90eb30c7-ef4a-488c-af61-e194a8069948,2026-02-03T08:58:13.764684,-26.204037540484112,28.039635197588677
8c860990-e6b0-4156-a63d-fd8293af5264,2026-02-03T08:58:14.764684,-26.192840514682857,28.052463187848204
3f35df13-574a-48f3-b738-0aa9c5189f1c,2026-02-03T08:58:15.764684,-26.204351299368458,28.05721226353438
01a8d92c-372a-43aa-a11a-fa6695453734,2026-02-03T08:58:16.764684,-26.195957537506438,28.04211423092186
35047190-8054-49a6-8274-53fef0b9f4f4,2026-02-03T08:58:17.764684,-26.19437048271238,28.060435558481572
668bc398-95ed-4a27-a891-85409cf61ce1,2026-02-03T08:58:18.764684,-26.188325328096095,28.0331524266172
7a93da57-cb9d-42f8-a72f-dd978bcb6b2a,2026-02-03T08:58:19.764684,-26.212703364744044,28.052895937270566
b413c65e-7a7f-4027-b41c-29edb77f639a,2026-02-03T08:58:20.764684,-26.195332983908987,28.04406630813092
433d4f0c-5fe1-44a4-8f2d-682c4d53ea9b,2026-02-03T08:58:21.764684,-26.213470395030402,28.036434816018104
f783ca97-49d4-4a5d-b079-ba0b63281d46,2026-02-03T08:58:22.764684,-26.186645711727323,28.042918936828805
77145ebf-3f55-495e-a0a3-f9f528e57826,2026-02-03T08:58:23.764684,-26.200138700201713,28.044253121404314
bfef447b-bacf-4661-a885-468d0fa4258f,2026-02-03T08:58:24.764684,-26.215224908539263,28.057715683163458
e795f87b-a480-43ae-a56a-079cbab8ef24,2026-02-03T08:58:25.764684,-26.19905014698261,28.061015144043548
00918199-bada-429d-84da-228203c75331,2026-02-03T08:58:26.764684,-26.217922010424125,28.03656223088527
c5e73a58-3c19-4ea1-b405-02237ff49898,2026-02-03T08:58:27.764684,-26.190692850865087,28.06151755395512
3a939243-4c63-4f92-9710-3cabb521e4a2,2026-02-03T08:58:28.764684,-26.202300904583236,28.063116993640477
336fe2c0-75df-4185-8a44-0af38a2fac61,2026-02-03T08:58:29.764684,-26.194068871064033,28.059498243801055
42b58f20-1892-4aec-a5a2-bb74706df955,2026-02-03T08:58:30.764684,-26.223008400837237,28.040277244666722
bed9cf74-0b03-4a34-8af2-2b2da76eb0e7,2026-02-03T08:58:31.764684,-26.206317925848737,28.039798347325824
717a327b-e50e-4b05-81ec-85d1bd6e86a5,2026-02-03T08:58:32.764684,-26.203969349873628,28.0525991744694
87d1e15c-e00b-4376-9bd0-4fbe2836a3a3,2026-02-03T08:58:33.764684,-26.189485086301598,28.047137527656393
477b0e70-3730-462a-bcda-eca02fec2eab,2026-02-03T08:58:34.764684,-26.21251202887569,28.048562739768357
ec041ab9-9d40-4567-82e7-7d1aae338afe,2026-02-03T08:58:35.764684,-26.211282995016806,28.03379823544638
140a99fd-3758-4f16-8172-69c2d628bc0c,2026-02-03T08:58:36.764684,-26.19338948679812,28.06553759997843
1cac728a-6f76-415e-bccb-8e287f4ada8e,2026-02-03T08:58:37.764684,-26.204112598998528,28.043034724035273
7cd58e77-2293-417d-ab52-aa1c9dde14b6,2026-02-03T08:58:38.764684,-26.21369551800741,28.05302301441818
a84933d8-2713-4a10-9fe0-44d2f4d59974,2026-02-03T08:58:39.764684,-26.198011026232173,28.03819382927841
5f616112-0ced-4381-b0dd-8db4604b4044,2026-02-03T08:58:40.764684,-26.188767532916142,28.030928987127073
1a8b1ed6-67dc-4f96-8569-50aab0e7bfb6,2026-02-03T08:58:41.764684,-26.21410826050499,28.066164406882837
50a28f19-efb8-43fa-8702-0260b83e863b,2026-02-03T08:58:42.764684,-26.20961385613943,28.04037941460243
2f821619-5caf-46ba-a7f7-b66bd484d7e0,2026-02-03T08:58:43.764684,-26.193430733139504,28.058026295966528
147b08d3-0e07-4c0b-b227-6f660bf56ecd,2026-02-03T08:58:44.764684,-26.195979095718503,28.040802343743152
d3f2f45a-907a-45ce-af95-e9de6bfc76a6,2026-02-03T08:58:45.764684,-26.194709060063786,28.05111448373964
ae56d3ce-f001-4d8f-8ce4-10157c7cbff9,2026-02-03T08:58:46.764684,-26.211521735608574,28.055078767138564
fd06b821-9db2-4f26-a3a7-6f8116ce34d4,2026-02-03T08:58:47.764684,-26.211478743655075,28.061459596697087
82b1311f-e60c-4948-baa5-4ee61eb00caa,2026-02-03T08:58:48.764684,-26.217375364194137,28.037769474697853
111fceee-fd58-4a3c-85da-0534c636afa8,2026-02-03T08:58:49.764684,-26.198358189878796,28.047629960698963
19becf39-1c01-4585-b199-e9f26385b76f,2026-02-03T08:58:50.764684,-26.193550148149953,28.046766611823674
7452d075-832d-4f6c-a054-ab0f75cf658d,2026-02-03T08:58:51.764684,-26.199564486094662,28.063715148567088
913b16e3-ca89-49df-b145-a1a647afd2c6,2026-02-03T08:58:52.764684,-26.207813307075618,28.03909846066295
d5ce41c7-dc10-4181-b7c6-bad9951a656d,2026-02-03T08:58:53.764684,-26.204852817356084,28.033638810541905
aa8c7e79-5d7d-426e-bb16-7dbcec42d6c1,2026-02-03T08:58:54.764684,-26.223006125610517,28.04011787516054
e8ec18d8-42b1-492d-940d-bcc2636bc5db,2026-02-03T08:58:55.764684,-26.222521284738903,28.06166687118959
b81b56fd-6005-4541-aa66-d1dbcea566b7,2026-02-03T08:58:56.764684,-26.20450322686453,28.058624250916562
d6ef80d0-446e-41cd-ae4c-f200bd4cce48,2026-02-03T08:58:57.764684,-26.215386430054576,28.052796188035668
afca0446-72bc-4cf7-9c8f-1108d80bb5a2,2026-02-03T08:58:58.764684,-26.197196684439486,28.0511006839139
4ddb727b-618c-49ab-8701-9e8c47d883e4,2026-02-03T08:58:59.764684,-26.206209414245286,28.058076943728672
78caaa93-c755-446c-8aa3-c08b8dcc07bd,2026-02-03T08:59:00.764684,-26.188263255845577,28.044168576990174
417d5039-0378-401a-a639-e62837f4dd4c,2026-02-03T08:59:01.764684,-26.189077895572236,28.06626439117375
831be14c-0ae5-45c3-b896-472133a7c040,2026-02-03T08:59:02.764684,-26.218783674972414,28.037826812014508
d33d86db-c532-4dda-9560-9001a3c7b699,2026-02-03T08:59:03.764684,-26.210393719694654,28.06667879827336
8730a7f8-50f3-47ed-8b2f-6d2e275257bb,2026-02-03T08:59:04.764684,-26.201231751498483,28.038601504129158
14571551-da31-4ea4-8534-03ec0ba2a3a0,2026-02-03T08:59:05.764684,-26.207729531912634,28.027683073975822
75c9665a-7046-477a-b54a-1d248953cd70,2026-02-03T08:59:06.764684,-26.19121707068404,28.041226921960778
708f5203-d4a3-4879-9f7d-ca9eec592231,2026-02-03T08:59:07.764684,-26.197169780383913,28.04563271231715
4e26420e-6780-44db-8768-ced5d33fb9b0,2026-02-03T08:59:08.764684,-26.191822417065698,28.057739564157256
79eb25c8-17c6-4e92-86f5-fc044565f71f,2026-02-03T08:59:09.764684,-26.195271045756627,28.037158866066385
16704d05-f12d-46c9-894d-d4318038b1a2,2026-02-03T08:59:10.764684,-26.21061558094891,28.057482865357613
9c5e115b-10ac-4eec-a070-84959d8c0799,2026-02-03T08:59:11.764684,-26.20549519327824,28.05911780932533
56e92cd5-2bd9-4477-a550-e31c52dee31e,2026-02-03T08:59:12.764684,-26.217963903258866,28.053551756792782
884a2d0e-ee23-4289-ac86-3ef2bf95ed69,2026-02-03T08:59:13.764684,-26.186107924503514,28.030555805159576
3a213c50-5d6c-478d-8f28-be7340c15146,2026-02-03T08:59:14.764684,-26.203132116175897,28.03325976305044
21d36354-8bc7-4cde-8d74-2953cd7473d0,2026-02-03T08:59:15.764684,-26.208917165495816,28.0476599451294
02738530-d658-424b-8d18-a825bfc828d1,2026-02-03T08:59:16.764684,-26.218649255965357,28.05849207144297
6551c90b-d0e2-44c3-b254-49b638cca6b8,2026-02-03T08:59:17.764684,-26.186368598507272,28.055382976971412
c01c4900-a0ff-4cae-81a9-142638b6576e,2026-02-03T08:59:18.764684,-26.208216309219427,28.02784572232737
19a2af28-673b-4a57-ac87-b29a395c526a,2026-02-03T08:59:19.764684,-26.188873830089793,28.058845096706488
6a8b09d4-db95-4055-8b7b-ab8ec840c0cc,2026-02-03T08:59:20.764684,-26.193658560437104,28.06034502138885
ce2c8e3f-f562-4326-aebe-3cebec71b5d5,2026-02-03T08:59:21.764684,-26.186650856525425,28.05002269934499
a5f5627e-a5c2-45bd-a318-47d6d6cfa69f,2026-02-03T08:59:22.764684,-26.20805692050028,28.041244747236096
26367c44-309f-4c3b-9ab6-33f5a8d9f180,2026-02-03T08:59:23.764684,-26.212398455727442,28.04728261154392
bbb0b790-ee70-49df-bd08-0eba84fc89dc,2026-02-03T08:59:24.764684,-26.208857154724686,28.064522678996358
e4215a7a-146c-42f3-8e3f-99d57e00ecf1,2026-02-03T08:59:25.764684,-26.221855660302445,28.043806213687155
807b2913-0191-4a43-9958-5a06f685172d,2026-02-03T08:59:26.764684,-26.216863272885075,28.0417425453249
347ab923-5d57-4312-9665-c9f24e8d4dde,2026-02-03T08:59:27.764684,-26.21919192446074,28.03481887637199
5ef653d3-319a-4a25-bf11-4c54becae748,2026-02-03T08:59:28.764684,-26.218392726049647,28.05808302991554
82b54e47-9b6e-4fbc-b933-7dd20849b247,2026-02-03T08:59:29.764684,-26.196021079287917,28.029281485061286
8650efd0-9e44-4b2b-a2d8-ae30ce36483f,2026-02-03T08:59:30.764684,-26.19018104396002,28.06457077471882
80e2de9e-53b0-422e-ae63-b8c224fbe19e,2026-02-03T08:59:31.764684,-26.20076456554837,28.06328679030764
66018d2d-6abb-49ed-84c3-125f121c06fd,2026-02-03T08:59:32.764684,-26.205258307191475,28.05308938582524
9319f324-a5be-45d8-84c3-c48a68277ac6,2026-02-03T08:59:33.764684,-26.20083597360024,28.06346056105765
a375c2c6-32a1-4eb9-8f44-45d2f757202d,2026-02-03T08:59:34.764684,-26.207364320654897,28.045713296792087
e5ce9346-d9ef-4bb3-bc9b-f6aa48e7fbbf,2026-02-03T08:59:35.764684,-26.193769838244812,28.048104843855025
7fe733fb-202f-4c72-b8c7-00fc68d365ca,2026-02-03T08:59:36.764684,-26.202444408718517,28.03866344332674
aeb24fc9-8559-4f5c-88c2-ddb7257b30d7,2026-02-03T08:59:37.764684,-26.18448353066223,28.067025077057323
cf35a936-d626-4c0e-9b06-e9b37067f29c,2026-02-03T08:59:38.764684,-26.190767369997452,28.056155565161323
9022bdaf-6a5e-4082-aa35-93e4dd0cba2b,2026-02-03T08:59:39.764684,-26.22240619659712,28.034655781556953
747e65e4-2d83-4ebe-bd38-6f09523bdf5b,2026-02-03T08:59:40.764684,-26.19414036614967,28.05136704616722
c0afeb14-3b8b-414b-9435-b43e950551b6,2026-02-03T08:59:41.764684,-26.217335417352988,28.031070073526408
16ca0aed-d23f-468d-abc0-127f278ad6a5,2026-02-03T08:59:42.764684,-26.20179429187671,28.041650158387487
e69d9323-4d55-44b1-a179-5e52e6fef701,2026-02-03T08:59:43.764684,-26.217595778550756,28.041167353835228
1a46e3fc-413a-4067-b1c3-d0d1847f6d0e,2026-02-03T08:59:44.764684,-26.22307815985453,28.0391712831024
4ac96bb8-9ced-4c84-b020-67c0ecf0bb7a,2026-02-03T08:59:45.764684,-26.186387420777432,28.054155351050287
a253f4ca-4b85-4b4a-af76-c71ada4d17c0,2026-02-03T08:59:46.764684,-26.206180436980198,28.029976223886262
8ab4b590-4811-49ba-a589-31d6b03b7dd8,2026-02-03T08:59:47.764684,-26.206788248659098,28.050620703288033
4c61afcb-6ee4-401d-8b18-a2d43a4dcca1,2026-02-03T08:59:48.764684,-26.18926299861771,28.053458156016436
bb215d25-8f2f-4abb-84a3-494ca6298ff5,2026-02-03T08:59:49.764684,-26.197865563014627,28.032464485165345
b3668850-279d-4749-86e1-96a2abdf1742,2026-02-03T08:59:50.764684,-26.223886210060492,28.028277853628634
73300ebd-3b29-42aa-b31c-c22bee06aa56,2026-02-03T08:59:51.764684,-26.200995291302913,28.06642194843377
b0150798-7fc8-4ff5-ba25-b13c58a490d2,2026-02-03T08:59:52.764684,-26.209088392161306,28.0644799248513
c85ce3d3-0f71-4670-849b-175795dc8fcb,2026-02-03T08:59:53.764684,-26.219752066099346,28.048858147628813
dd4131b1-7368-47be-9619-e92d92f8defa,2026-02-03T08:59:54.764684,-26.189890919062723,28.045647730306506
abf2e7a8-ddd2-40e2-b30a-72c597e91ef7,2026-02-03T08:59:55.764684,-26.213872105177067,28.05559381914846
27554388-241f-41de-b32a-475e79a006d2,2026-02-03T08:59:56.764684,-26.20611796652445,28.0455477630332
cab8fc1b-7bd1-4c9c-9604-edc416dede1a,2026-02-03T08:59:57.764684,-26.211613208189323,28.06279705045205
bbc95bc6-9803-4788-9cc8-787afd41207d,2026-02-03T08:59:58.764684,-26.19903878482548,28.045680885725154
4181f075-5866-4933-b6e1-d376f6ae639e,2026-02-03T08:59:59.764684,-26.199889153273546,28.046142308798444
7ee993d0-1028-430c-accf-f633bbf8c225,2026-02-03T09:00:00.764684,-26.21684453120829,28.034038198278218
cb49ddba-8119-4dec-a17c-bd1924141cdc,2026-02-03T09:00:01.764684,-26.200855888981277,28.04557771295609
4e16c852-287f-4058-9fed-2bcc03b5c4ac,2026-02-03T09:00:02.764684,-26.220509638943355,28.047250246106714
a5f4f806-b779-4884-8247-de4227d5e633,2026-02-03T09:00:03.764684,-26.214450732982122,28.032587401824244
c426097e-5e62-415f-aa3e-4b4a995fe7dd,2026-02-03T09:00:04.764684,-26.193762421673735,28.06506532530528
8b2c8a81-da49-4aeb-bbab-b34b60b47afe,2026-02-03T09:00:05.764684,-26.187442080335803,28.05643110926165
bb2f2519-6a4c-4865-a76b-55c34b8be748,2026-02-03T09:00:06.764684,-26.223033810486697,28.049140429971928
5278b031-fc5f-41dd-bf97-84f08a26c1e4,2026-02-03T09:00:07.764684,-26.186274989953617,28.05484956135542
bdbb5006-6f07-45e6-a519-1d0e392781f7,2026-02-03T09:00:08.764684,-26.211443389501884,28.032289413249334
857da39f-e6c4-4ae5-9071-06edee6b5be2,2026-02-03T09:00:09.764684,-26.222429931112302,28.054515282035407
72c008ec-a3b7-4abf-af35-59959132ea82,2026-02-03T09:00:10.764684,-26.206817734974376,28.035447389447654
37e427d3-0ed7-448c-8fe0-5ede439aecca,2026-02-03T09:00:11.764684,-26.2064139433014,28.046411305269526
0c91ff1e-fde9-4f5b-bc60-21e267a7c92b,2026-02-03T09:00:12.764684,-26.19257244073383,28.055120577299885
9ffbb197-d29d-4268-a17d-bba407d0bd3a,2026-02-03T09:00:13.764684,-26.193681072109225,28.03903213030355
2c35a27a-38c6-48a7-9655-c6d24a041fd2,2026-02-03T09:00:14.764684,-26.195846346680366,28.02761208362421
8b9e6f0e-0c60-4f74-b8ff-ef40e8c69117,2026-02-03T09:00:15.764684,-26.213499616843443,28.04151564710895
b8bc7082-367d-4bf2-a722-aacc6b2958d8,2026-02-03T09:00:16.764684,-26.195253149238773,28.05670893493861
3c3c960a-e70e-4dbb-943c-e432bb138a74,2026-02-03T09:00:17.764684,-26.19284200537491,28.055766462325586
a24da194-2b61-4c33-a9ba-9188b237f1de,2026-02-03T09:00:18.764684,-26.199869114089495,28.06187210792181
43581594-65f9-4e10-a091-d563398f2acb,2026-02-03T09:00:19.764684,-26.194786566467506,28.062706942075206
4c403ef0-29b5-4181-a971-0b9c8b4af0d2,2026-02-03T09:00:20.764684,-26.199988131370244,28.044089342653205
2e5fa207-db57-4e12-993d-6b30a396844b,2026-02-03T09:00:21.764684,-26.19310772795115,28.067036846027655
a2e3b78a-5073-4607-a5a6-d96780cd4cbb,2026-02-03T09:00:22.764684,-26.204747210531835,28.045651241056227
5a35ecb6-5ae1-4d24-9e03-04ecce599ffa,2026-02-03T09:00:23.764684,-26.2033880252472,28.041117279153386
31840f10-133b-49cf-bf59-eb79d4fbb095,2026-02-03T09:00:24.764684,-26.207278589594605,28.060974756921333
ab997340-0054-429f-8e8b-83cacca992a0,2026-02-03T09:00:25.764684,-26.186912574764136,28.057391533864905
4deb58b1-16bf-49e1-9b64-6c489657d859,2026-02-03T09:00:26.764684,-26.211148013526575,28.027312613754244
cff2604a-8cab-4dac-aa32-8f1c9aefcd23,2026-02-03T09:00:27.764684,-26.18861447850458,28.06432964136536
f9792547-489f-4d38-9a20-8cb3d176e1f8,2026-02-03T09:00:28.764684,-26.206264945347,28.064339431054893
7569f734-6d31-4a3b-8fc7-78295c3b21c3,2026-02-03T09:00:29.764684,-26.192201365187376,28.04026390942051
3be2dc9d-ebf2-43d9-96a7-1159c905a792,2026-02-03T09:00:30.764684,-26.21511562004876,28.036200020711007
63e1810e-d3c6-4f31-9780-134e76d13087,2026-02-03T09:00:31.764684,-26.206500321151786,28.045258781153315
7a292693-c268-4ef1-a180-67a51a63e2ea,2026-02-03T09:00:32.764684,-26.197283513784274,28.032956659799734
9d4aae32-5651-47b3-b326-88cbe090de5d,2026-02-03T09:00:33.764684,-26.192526571760958,28.059562463599086
820f0cd3-f38f-466e-967a-d0b145e0d3ae,2026-02-03T09:00:34.764684,-26.199626279897952,28.027485903898043
714d8e06-5192-4f67-996a-1bc8e11e9b5b,2026-02-03T09:00:35.764684,-26.199674562375044,28.050826660238563
004cbe48-b497-4e5a-9a22-9923792d8271,2026-02-03T09:00:36.764684,-26.21956475270709,28.06108280177866
3297d6b2-ab36-46fc-86da-844001080680,2026-02-03T09:00:37.764684,-26.20375103309745,28.028822346904224
96617602-97d5-4015-a084-1a76c2dd1199,2026-02-03T09:00:38.764684,-26.194138431180203,28.03618464449763
043e1b43-020c-4095-aeb3-f4d9ff248fe3,2026-02-03T09:00:39.764684,-26.223743500663822,28.035801971276836
bb8011a3-ecf1-41dd-88d6-14053d24938d,2026-02-03T09:00:40.764684,-26.209222981026947,28.052031605254015
900c2c7f-6cf3-42ad-89fb-24360908ed80,2026-02-03T09:00:41.764684,-26.19619216507104,28.063455960980807
e4bcf620-1dc1-40db-875e-6562b12cefee,2026-02-03T09:00:42.764684,-26.219962122995053,28.051458866084488
8404893c-5fc8-4203-9d9c-093a40a15cac,2026-02-03T09:00:43.764684,-26.1882824773854,28.03523157412874
a83481f8-5840-4511-b2e1-1c04d32448bc,2026-02-03T09:00:44.764684,-26.22127977521542,28.047227517434596
69007180-5648-405f-a2fb-d947cfdc9bfe,2026-02-03T09:00:45.764684,-26.188397685671873,28.044903890247046
9952c870-bd1e-4dd0-9acd-e864ad2ceef5,2026-02-03T09:00:46.764684,-26.218847415528085,28.04610686453896
14dd1756-5f15-4b36-b8bc-746b45bd9b74,2026-02-03T09:00:47.764684,-26.207352778688264,28.06629041360853
e105e3c0-b4cc-4022-b835-269ba1bcb7fc,2026-02-03T09:00:48.764684,-26.19399483778229,28.042206141986018
e86fbbd3-1cdd-49bc-b6f7-b2f577874920,2026-02-03T09:00:49.764684,-26.213970955895203,28.06335682313634
8763b61f-1f73-4f13-bdbe-ba07a579fa37,2026-02-03T09:00:50.764684,-26.211610913325817,28.045305357091546
5ef3274d-4ff9-4e64-b588-0330bd33e56b,2026-02-03T09:00:51.764684,-26.205317154023998,28.058568094112843
d11f599e-b0cc-479b-ad23-109abd8b4703,2026-02-03T09:00:52.764684,-26.2215856086622,28.02810776817444
6a5e2833-0108-437f-835b-75a7aed312cf,2026-02-03T09:00:53.764684,-26.208818532849616,28.055526040650797
eb825374-f99c-4251-a9b1-96866caa5980,2026-02-03T09:00:54.764684,-26.206056584452096,28.056266573043573
f7d2ccf3-e8dd-432b-9915-765eca247f6f,2026-02-03T09:00:55.764684,-26.18502253960005,28.061486668335288
9995db3c-6af2-4ae9-a46a-d02c5f98446c,2026-02-03T09:00:56.764684,-26.212516282815205,28.04291554730502
24af9f41-7929-404a-ba90-cbec921cdd37,2026-02-03T09:00:57.764684,-26.220187305652736,28.04014669382904
61267e25-2017-4b1c-83a4-b3f272b93836,2026-02-03T09:00:58.764684,-26.20611406268105,28.04831547515445
c6ae393f-dba2-4e6d-b6ba-66631695ecf1,2026-02-03T09:00:59.764684,-26.191246172623085,28.04904892729535
00edb1d0-1548-41fe-a5a5-8162c5d39357,2026-02-03T09:01:00.764684,-26.19665953100426,28.052723590233644
fea130e7-6d7f-40b3-ac9d-91c0fb8bf986,2026-02-03T09:01:01.764684,-26.205801604997077,28.035445622958264
43ba2573-c335-45bb-9a1c-dc9ead8d0487,2026-02-03T09:01:02.764684,-26.193877847602746,28.035904536148568
1d35c022-4eac-449b-9214-8e94d2efadf2,2026-02-03T09:01:03.764684,-26.193764144024577,28.0563316567594
ebbd9c0c-30c0-43dd-b4a7-0cb8bb398a85,2026-02-03T09:01:04.764684,-26.21984156891146,28.03275648468873
84a23160-77d7-4989-9e5e-4ed60a9acb5a,2026-02-03T09:01:05.764684,-26.21930363294956,28.034991263052206
0ab98c79-a875-4709-a081-dbd20a03f779,2026-02-03T09:01:06.764684,-26.217191808961164,28.053683416446294
975521f3-0277-46ce-8176-0885ffbd587f,2026-02-03T09:01:07.764684,-26.18467059393902,28.061884586627567
71604a38-ba15-47f6-aadb-7fd0f663800a,2026-02-03T09:01:08.764684,-26.212178380352217,28.048775953788617
198d07c9-d650-43e3-a960-a2f12904d1d6,2026-02-03T09:01:09.764684,-26.196533027620767,28.034061567395756
abe23bde-25b9-4e90-84bb-f657dbf8dca4,2026-02-03T09:01:10.764684,-26.213878962801214,28.043975453302508
17af03f1-4809-418d-b5fc-d9433997a036,2026-02-03T09:01:11.764684,-26.195796214980007,28.04411254704852
7004edcf-a8c6-4ecf-93f5-2e2135c4b1ad,2026-02-03T09:01:12.764684,-26.204518983752514,28.05049368162965
25e57e0f-a0a1-417a-9614-f77c2f9fbfeb,2026-02-03T09:01:13.764684,-26.218698285051605,28.050981882188257
85334547-9ccb-4caa-a9e7-81f15fd4e026,2026-02-03T09:01:14.764684,-26.21926029680088,28.051267510978924
3ea5973e-f7f9-4b08-9311-2baa661cbcbd,2026-02-03T09:01:15.764684,-26.223676271075018,28.064519643896336
55238721-a46e-4040-9e35-5e4c078d8185,2026-02-03T09:01:16.764684,-26.197241628110646,28.06091516316402
548ec502-8179-4873-bea2-16f8de40a073,2026-02-03T09:01:17.764684,-26.214223613839607,28.028251494597043
50a5752c-a91e-4d1b-9a02-b0a23342259f,2026-02-03T09:01:18.764684,-26.214210361455894,28.043736667745456
feebd9ac-f979-4f20-878a-f32d8d98211f,2026-02-03T09:01:19.764684,-26.216893344421983,28.040755041138603
82a76b08-5e87-42cc-af56-fc8bda40bdbb,2026-02-03T09:01:20.764684,-26.194417859659335,28.06256288579196
64ab5fd2-9769-459a-beb1-ac5e5386d4be,2026-02-03T09:01:21.764684,-26.203187375178295,28.036935630480066
f470a7df-500c-4d18-8d19-3109588f71a8,2026-02-03T09:01:22.764684,-26.197578661750548,28.047035926926085
d07a02b9-c69a-4745-836c-5e24710237f1,2026-02-03T09:01:23.764684,-26.199117465830962,28.04031105461075
9c4d3a4b-5ac4-4467-8fe5-d360030e4696,2026-02-03T09:01:24.764684,-26.205822969671942,28.047450874224026
2f59fd3a-5c2f-483a-bce1-d5f4d191e665,2026-02-03T09:01:25.764684,-26.19095902408529,28.066214029288126
124d2c5b-aeec-4cf5-a234-9ad1b54bb8c3,2026-02-03T09:01:26.764684,-26.209924996029766,28.03905028905695
64cfbebe-01b9-4734-b3c9-7b397b327a27,2026-02-03T09:01:27.764684,-26.211781312552265,28.065658023010034
d1a4e5d0-0559-4ffd-ba95-0e07841e758f,2026-02-03T09:01:28.764684,-26.205750037593848,28.058253065678514
2c88b214-a264-4776-b8eb-1ec24ccf9965,2026-02-03T09:01:29.764684,-26.19801602353928,28.04142938632478
7b7f0e10-43fe-4df5-a229-569068ff238d,2026-02-03T09:01:30.764684,-26.22223573538021,28.030353994350985
e010d0f7-ac84-409e-92e4-8cab1a95037b,2026-02-03T09:01:31.764684,-26.195178143846626,28.043215464304712
a76dc32a-4f01-4dd3-81b4-2f40347957e7,2026-02-03T09:01:32.764684,-26.213022110123266,28.06562376062388
8814afb6-f071-418e-959c-e9045c6a48aa,2026-02-03T09:01:33.764684,-26.199023327799015,28.048480957128692
fd0b08ea-7bd3-4b41-b686-5a0c9a06d664,2026-02-03T09:01:34.764684,-26.211065933568932,28.033866613145495
d647d962-52f0-431f-9312-4c21f3348048,2026-02-03T09:01:35.764684,-26.200513861969313,28.054786441624504
617fa55a-edd8-4863-8860-0ad3c3b1c8b5,2026-02-03T09:01:36.764684,-26.220701679676306,28.046123412282782
5254a544-1b27-40d4-aa73-fc292455ce1d,2026-02-03T09:01:37.764684,-26.222149039586917,28.04965160505336
960be00d-9587-4d53-987c-69dba49a4a37,2026-02-03T09:01:38.764684,-26.196371309465782,28.050648004605943
027d88fb-0301-4405-bc97-7df9e9095aba,2026-02-03T09:01:39.764684,-26.21382596827038,28.0282640612783
b5f9a72a-baf7-4be1-a2a3-d329a5115f07,2026-02-03T09:01:40.764684,-26.196352917709227,28.036247476492928
824af636-6394-4d85-b440-42982a11570d,2026-02-03T09:01:41.764684,-26.20820252513476,28.04556637563078
6f2d11c2-6ea4-4b14-b1c1-7c45f6cf42e6,2026-02-03T09:01:42.764684,-26.211356055307437,28.052933240954854
894ea82a-54f8-4eb0-8279-ea9d4d762a31,2026-02-03T09:01:43.764684,-26.185139939585536,28.05207130605985
e09e12c4-252b-4d2c-8c5b-57cfe3c9f7b2,2026-02-03T09:01:44.764684,-26.22243667950221,28.04868432682153
87de7702-7b8a-4ea6-8c18-cdf607017ba8,2026-02-03T09:01:45.764684,-26.213571921744812,28.062306465747582
1f4e1ecc-8221-4904-8ada-74350bcee94a,2026-02-03T09:01:46.764684,-26.211959697018983,28.059045779221446
50ed28ac-4ddb-4f97-a9b2-9798e301e221,2026-02-03T09:01:47.764684,-26.204607980987248,28.051332105306443
d2dbe528-322f-4e0d-87e6-4fc2076a5f85,2026-02-03T09:01:48.764684,-26.212099304404585,28.028923696352713
436bfa64-de81-46bd-86b8-171c2a8e103f,2026-02-03T09:01:49.764684,-26.19241503237688,28.04545924571033
0c6d05fc-c993-45be-826e-de91193c6103,2026-02-03T09:01:50.764684,-26.218385971212186,28.040850594307337
679ec760-1eb0-4968-9784-cea702c40b17,2026-02-03T09:01:51.764684,-26.208305329641217,28.03303932052669
321008c5-3486-43b5-9550-2f0a848c172d,2026-02-03T09:01:52.764684,-26.223954633184185,28.05769503826462
e53e98da-18b5-4ec0-a377-ccbe9856fff0,2026-02-03T09:01:53.764684,-26.193130791722044,28.05629346732659
63cd86d9-494e-4b9e-a87d-83aeb5c23952,2026-02-03T09:01:54.764684,-26.19677535617686,28.04771429334024
17a82a0f-d354-4b15-90ba-1766bce57ec1,2026-02-03T09:01:55.764684,-26.206799480499456,28.03909321011796
48da88f4-e9d0-43f6-9065-67cf7f165213,2026-02-03T09:01:56.764684,-26.2200712637025,28.028623522699295
957ff19e-2e15-4559-8269-2f8c48d6a176,2026-02-03T09:01:57.764684,-26.217994911839376,28.057911390761173
061c4da9-fbbb-40fb-be79-acb56d785dcc,2026-02-03T09:01:58.764684,-26.20482642526232,28.04660706653867
dd170d53-832f-4873-a737-bc2d53683dd4,2026-02-03T09:01:59.764684,-26.204887121660477,28.044945771193376
600409a0-0a25-401e-81a5-8e4711f84227,2026-02-03T09:02:00.764684,-26.199636870996244,28.037009949278747
0a882b3c-d4b7-49d8-86af-f94fc083330c,2026-02-03T09:02:01.764684,-26.205459001456024,28.061310523791445
8e7f4ce1-bcf1-40d1-ba3d-d17b0d37a599,2026-02-03T09:02:02.764684,-26.184258852724703,28.05584120304477
6bc5c9a5-e7b7-4d9f-8a82-49ff096337fa,2026-02-03T09:02:03.764684,-26.18892473299266,28.053516969831612
e99a21c6-4ba8-4860-93d1-3963ef906f90,2026-02-03T09:02:04.764684,-26.195344252942707,28.05758808173536
ec442969-626b-434f-a112-3d3cacb8f492,2026-02-03T09:02:05.764684,-26.19638062768705,28.063093662030575
34cfde33-c37a-4cdb-8362-ee14f4c2fe08,2026-02-03T09:02:06.764684,-26.195992152869753,28.048908899525376
46ba6c07-2c6c-4374-a265-03eb76e161d0,2026-02-03T09:02:07.764684,-26.208505427016448,28.05043546967611
ca369ce7-0581-4226-bb72-5c181fd59601,2026-02-03T09:02:08.764684,-26.223973448234155,28.05022854238991
95ad99c6-f09c-4e60-8d55-7406e37766d7,2026-02-03T09:02:09.764684,-26.21054151470205,28.03410728388279
e8bc097e-e935-41ab-b869-75e07fdfc65a,2026-02-03T09:02:10.764684,-26.214915496909512,28.056192096054442
b6d65b16-b8e4-4fb6-9e8c-02337d6a829e,2026-02-03T09:02:11.764684,-26.208954394703625,28.046679750927883
d6bce1c3-b9be-4de0-bff2-20332b5d12b4,2026-02-03T09:02:12.764684,-26.206804786760554,28.045593031905394
e7ba775f-1d74-4781-b468-07d88f05a9d9,2026-02-03T09:02:13.764684,-26.207491074555087,28.0473490780467
bce4b9ad-9cb5-4525-a97c-6f9bcb09654c,2026-02-03T09:02:14.764684,-26.202775139941988,28.036551517092608
b3da8aeb-2446-402f-a1af-22449f0c8512,2026-02-03T09:02:15.764684,-26.20232255164136,28.04689344925169
0fcfc8f5-fc8f-4136-b37d-2e59bd6e3f95,2026-02-03T09:02:16.764684,-26.223177995491046,28.034608777468403
2f841c65-5940-48fc-aa29-2c08208fa51c,2026-02-03T09:02:17.764684,-26.20350538060557,28.03645759053515
41ca32d6-a027-4088-91b3-5522e2111285,2026-02-03T09:02:18.764684,-26.214137139395866,28.03428029854868
cddaa879-9271-4c34-80f1-6d5e571fba89,2026-02-03T09:02:19.764684,-26.21295228606051,28.0370093052437
65bc2d79-94e9-4370-b588-085eb5e84e20,2026-02-03T09:02:20.764684,-26.220908527327452,28.052581848921815
5be403a7-2afe-45ec-af55-35afb69e2b6d,2026-02-03T09:02:21.764684,-26.200672453258022,28.038579281138208
adf65f57-1842-4bdf-b503-588c85cb1c1f,2026-02-03T09:02:22.764684,-26.185924501530458,28.060387353607045
6506b1c3-605d-4dec-b857-201d13386bfd,2026-02-03T09:02:23.764684,-26.191844669320197,28.042121701863156
bd7996bf-2496-40b2-83ed-5a2df2caee37,2026-02-03T09:02:24.764684,-26.220863091387823,28.04656406389515
25aee755-8d63-4bff-b0dc-cb4b778c5c28,2026-02-03T09:02:25.764684,-26.199768201362975,28.040673699284717
ae7d72eb-828f-44bf-8f3d-6f6a2c570f07,2026-02-03T09:02:26.764684,-26.188557180637645,28.04949860085551
baf5629d-6f4e-4bd7-b55c-7973b6f58389,2026-02-03T09:02:27.764684,-26.192498969114315,28.04362633421849
adcdeb39-7189-45ac-8f71-a588f3d07a95,2026-02-03T09:02:28.764684,-26.19206952307613,28.04178746927951
f5a8c0a8-db05-4e8d-b1e2-c8299b020b79,2026-02-03T09:02:29.764684,-26.203448748553548,28.053259700380966
cf712a0b-d659-4e2d-b3fa-eb2cecb3f53f,2026-02-03T09:02:30.764684,-26.210693438203293,28.058348978774163
7391178e-e8fd-4f77-b016-1a2b560f70d8,2026-02-03T09:02:31.764684,-26.18437192239871,28.051835298211536
180502ff-e97e-4d3b-b0a4-7d4638db0021,2026-02-03T09:02:32.764684,-26.191114973986757,28.04270454061699
805a3dce-da8a-4c15-9583-1a34a33588d3,2026-02-03T09:02:33.764684,-26.198577884381365,28.03317878641601
a21bc709-6ae9-403e-9950-cf8c4bda39b4,2026-02-03T09:02:34.764684,-26.21311024232901,28.045142346156123
a7a5fdc8-4b1b-4128-806d-f1c96ddc2054,2026-02-03T09:02:35.764684,-26.20944294418771,28.040398533869606
3fbf6039-edd3-4779-9cce-fb4d9ee02066,2026-02-03T09:02:36.764684,-26.195516531502363,28.030587265322037
a0017718-3a56-4a88-82bb-3fd4f71ce647,2026-02-03T09:02:37.764684,-26.191417182066957,28.043969489669216
6a15d0ad-2f16-4b44-b460-ff79e2359129,2026-02-03T09:02:38.764684,-26.21701902047043,28.04459950164387
3be0683b-6b96-4dca-ba4a-e24dca30b4cf,2026-02-03T09:02:39.764684,-26.212196707186365,28.055566377026487
7c0593dc-ef71-4e85-a126-43f8c595cc22,2026-02-03T09:02:40.764684,-26.195350109968615,28.04158550118333
44974c40-de7b-4808-a050-60dd3ccbb3f6,2026-02-03T09:02:41.764684,-26.201552997521688,28.03235764468874
68acd62e-ac02-4dd6-916f-3edc581913c0,2026-02-03T09:02:42.764684,-26.19024206395395,28.03296089716979
ce6fd4ac-43e1-4ffe-9e11-bca920f79d7c,2026-02-03T09:02:43.764684,-26.221783205214997,28.055889839341372
5d4b808a-0f58-4876-8e20-ea334e306036,2026-02-03T09:02:44.764684,-26.200969638117193,28.040590801748234
ab56385e-a63f-4dac-8631-5969788b6c4c,2026-02-03T09:02:45.764684,-26.20127620207723,28.034958236985073
5dbb4894-7040-4adc-ab13-c9057a09da76,2026-02-03T09:02:46.764684,-26.200633784530307,28.035986203592824
d367c982-505e-4e70-a90a-d85603d98ed2,2026-02-03T09:02:47.764684,-26.189605951415075,28.05565976954258
455be5ef-2fbb-44a8-bd8a-ea7a19660573,2026-02-03T09:02:48.764684,-26.199976139649795,28.056420936232904
6cf7bddb-7bcb-460e-9332-a8af608c128c,2026-02-03T09:02:49.764684,-26.198670406705588,28.05953017590789
2d97e6b5-7826-4700-86b9-6154c9eac688,2026-02-03T09:02:50.764684,-26.193029614306546,28.041790363624518
3254fc3f-0826-48ab-aa1a-2baa2f4afb4c,2026-02-03T09:02:51.764684,-26.22237753755711,28.043642298899663
31cdd369-0fc9-437f-a2df-aa857fcc9a5d,2026-02-03T09:02:52.764684,-26.187446410444288,28.052499760694648
bebb9328-257f-40b5-a182-11d67bd3fb84,2026-02-03T09:02:53.764684,-26.196094718543527,28.031892132909796
bc411b46-baf5-4554-bd24-bd08fd8452a3,2026-02-03T09:02:54.764684,-26.207363766873986,28.0606489905614
54e038b6-4a1a-4e7e-99f6-7a0382a45d00,2026-02-03T09:02:55.764684,-26.18533374599126,28.049424228859852
5bc22908-8a3d-435f-a73c-71b243f6cab0,2026-02-03T09:02:56.764684,-26.21723301066706,28.031855082990536
bda5e28c-f717-4b0a-a854-be3e6f9880a0,2026-02-03T09:02:57.764684,-26.18700621336751,28.05151420775611
ca6d2d4d-f25f-4c26-9874-88f71423424c,2026-02-03T09:02:58.764684,-26.212790742208703,28.049339843188044
ca9541c0-d811-4ec5-98fd-d16b54e7c8a2,2026-02-03T09:02:59.764684,-26.187919556042154,28.048022125366277
31078f07-6489-4824-80b3-aeee4b73824a,2026-02-03T09:03:00.764684,-26.2051182494461,28.066599820792117
b9d887ae-62db-4fe1-bff4-37198170f052,2026-02-03T09:03:01.764684,-26.187842507116752,28.03074816386988
050d55af-e47b-4d00-ab3b-f46f20d8e88e,2026-02-03T09:03:02.764684,-26.21276420440314,28.046304973018444
3b536024-10b9-4959-9d30-61fee6bc4b53,2026-02-03T09:03:03.764684,-26.196537219255976,28.06657955468342
14265776-d448-4ecf-bab2-12c86329bc2c,2026-02-03T09:03:04.764684,-26.222108143369706,28.03295063629581
b194f23a-6280-4614-9b9a-8b73721f7fad,2026-02-03T09:03:05.764684,-26.207431291462143,28.031901189336498
d658dc63-a12c-4ac7-aae1-88b315a0474a,2026-02-03T09:03:06.764684,-26.2106393692025,28.060691955837843
c266f084-15ca-4da3-b65f-58c9f6ad1f4b,2026-02-03T09:03:07.764684,-26.197713977338925,28.053229779826744
239232a9-f2de-4d7c-9387-e7bb4359ba0b,2026-02-03T09:03:08.764684,-26.212848257604705,28.05938175651206
dbaab3f1-2fe7-4e60-9608-0a405a3beebb,2026-02-03T09:03:09.764684,-26.2061737951768,28.066982754129334
6b2abcc2-3faa-44ff-a29c-ed2ef720a80a,2026-02-03T09:03:10.764684,-26.184603601356127,28.048809770650177
88a6c271-8bdb-4c33-9152-403519d00b89,2026-02-03T09:03:11.764684,-26.1848020406859,28.060768625398467
e03eb23f-39b2-4ecb-a85b-0b830ca53c57,2026-02-03T09:03:12.764684,-26.195153556624973,28.059994848778096
5bd6d2c6-a147-4113-8724-723bdc72cf9c,2026-02-03T09:03:13.764684,-26.18760156865405,28.05684341184986
9ba76c05-8210-4840-a0a4-155d2ef480f5,2026-02-03T09:03:14.764684,-26.2134060618812,28.06695502405827
067a79ae-e532-44a4-baa7-6b245a745c56,2026-02-03T09:03:15.764684,-26.189753514198973,28.064922521394003
06369a19-e858-48a5-9920-317100452572,2026-02-03T09:03:16.764684,-26.21312880122197,28.039891400466704
9bef0abd-21ca-4e62-9b4a-bd5197fc8c27,2026-02-03T09:03:17.764684,-26.19230257431453,28.027725843649343
c6677129-62bf-4a9d-89c9-be9b4175c0d8,2026-02-03T09:03:18.764684,-26.22039747991443,28.053175037014437
530394f8-06c9-4090-8915-621b98c101c3,2026-02-03T09:03:19.764684,-26.197259241490595,28.045848955140542
f388ae30-4880-4eca-b779-57e6e30142f6,2026-02-03T09:03:20.764684,-26.20871963303373,28.042237282251598
4e3f8482-964d-4a17-bcf6-31e0517a25a6,2026-02-03T09:03:21.764684,-26.18516503952653,28.058379741749853
ea14a935-333a-48f1-9845-086973c49eb5,2026-02-03T09:03:22.764684,-26.215979236742083,28.065801475510803
6d4f9a77-754c-4b16-bfc4-700177e31067,2026-02-03T09:03:23.764684,-26.199021237362896,28.058900460547683
f5d20b6b-b0e0-4f91-bdc3-df95bb32437f,2026-02-03T09:03:24.764684,-26.218268907407825,28.027948731138565
cb18a16d-d2df-484f-b501-c21f63525d39,2026-02-03T09:03:25.764684,-26.212200537688798,28.062359424897334
882a33fa-54e8-42ec-9f61-94f725f687a4,2026-02-03T09:03:26.764684,-26.203970364472,28.05727167120463
7ece2c4c-2647-4e48-a796-32a664c57cce,2026-02-03T09:03:27.764684,-26.187040849223983,28.05630974182867
a530de3c-22c6-454d-b2b9-13b5e0381cc8,2026-02-03T09:03:28.764684,-26.223262589617306,28.039361347125986
a65737ef-0a82-4c3a-85c8-5867e85d1d61,2026-02-03T09:03:29.764684,-26.214048758153115,28.03068745412075
f1b663b3-661a-470c-9f3e-d8c685481ae0,2026-02-03T09:03:30.764684,-26.21362074663936,28.05887776654424
c5f38c57-3973-44f8-a745-e7f550bb7f20,2026-02-03T09:03:31.764684,-26.192247543652385,28.056144157650333
1fff4aef-6da7-44d8-b31d-48b431289dcb,2026-02-03T09:03:32.764684,-26.201868710629732,28.03743709967605
86346ab4-b8ae-4b68-a1e9-22101625d24b,2026-02-03T09:03:33.764684,-26.19778912006658,28.034694657466076
4b6c55ce-99ca-4412-8e83-965ff862a98d,2026-02-03T09:03:34.764684,-26.188958451840886,28.034099578673683
8684d9fe-bed5-41cb-b71d-5791d82fcdc1,2026-02-03T09:03:35.764684,-26.189976835005375,28.061819039043122
bbd47b05-aaf5-482c-9f52-1146d94632fb,2026-02-03T09:03:36.764684,-26.22283923028774,28.04425891135072
26eace93-8807-4a69-b3fc-d90c3fb94943,2026-02-03T09:03:37.764684,-26.188398907358746,28.03184354325896
8d49eaaa-4dff-4dcd-8326-1cb61aec666c,2026-02-03T09:03:38.764684,-26.220452696923314,28.046243427186546
efb5738c-62ad-4a2e-aa96-c1b710abaef2,2026-02-03T09:03:39.764684,-26.204843919798687,28.04585926926921
9fad7305-b8d4-40dc-abe2-22bc2ac97e58,2026-02-03T09:03:40.764684,-26.197058433166518,28.055425195809644
2d377119-efcf-4cda-a572-0c812e7b31a6,2026-02-03T09:03:41.764684,-26.189314832693594,28.064354335303005
5419e5bd-45cd-42f4-b399-5a35ae55abf1,2026-02-03T09:03:42.764684,-26.186883741993608,28.05545148075477
6eb3e49a-a6e8-443d-ad6a-051c24b14ad3,2026-02-03T09:03:43.764684,-26.200568269573573,28.038752949224403
364be1c0-c399-46bb-a05b-fec3969528a1,2026-02-03T09:03:44.764684,-26.20634300901137,28.046820413988414
4cd437c1-deaa-490e-a5d4-2b9862a5311a,2026-02-03T09:03:45.764684,-26.210406357997858,28.06159410416104
6ad226ac-7d46-4214-913e-cecf2ed06318,2026-02-03T09:03:46.764684,-26.21526106162414,28.04126598513716
64389a9f-2310-4432-beb9-9986a6dd34c5,2026-02-03T09:03:47.764684,-26.21390349240569,28.04012431903334
b7d98b67-7c33-4045-96b3-75cc57e370a3,2026-02-03T09:03:48.764684,-26.1898561963036,28.065927340260373
bfe268a6-ea22-45ac-89a2-a78732cb20ba,2026-02-03T09:03:49.764684,-26.198616152243932,28.05679608023899
a4a1d44a-09b7-4b75-b0e9-6abb1b77901a,2026-02-03T09:03:50.764684,-26.192418699677038,28.05215682402949
e34570e9-7fc8-432f-80bb-304320d92a75,2026-02-03T09:03:51.764684,-26.213877638340644,28.065756613560396
1d94ea29-deaa-47ef-9886-c32e5f1fd133,2026-02-03T09:03:52.764684,-26.1978321849241,28.041820550222937
23774eb8-4bc2-43f3-8f27-71595d9e4104,2026-02-03T09:03:53.764684,-26.219026271821548,28.04692036558507
335d0529-e5f3-4555-88b7-6c64bf0dabfe,2026-02-03T09:03:54.764684,-26.187379463710727,28.036141772002388
92c02f17-5e59-4c6f-8c7c-f2df978a7313,2026-02-03T09:03:55.764684,-26.197489320658914,28.05713070551719
65c6ee35-2d93-492d-a393-2be6c13c8443,2026-02-03T09:03:56.764684,-26.202907565036167,28.033022840747595
7fb4d6f9-18bd-4c0a-9c9b-ab99e3beb027,2026-02-03T09:03:57.764684,-26.203642624726008,28.057682182734432
9744cc65-bdf0-4c00-a032-28135225df45,2026-02-03T09:03:58.764684,-26.21735184365457,28.03144055264273
6802eec4-8d36-4832-9d96-7783d0246867,2026-02-03T09:03:59.764684,-26.214450525918092,28.063715311163406
cee7a46b-2c93-4c82-9c39-8d45f00a2e7c,2026-02-03T09:04:00.764684,-26.201466275131615,28.034810915287743
7ecb106c-0e01-447b-9b46-69cbff24d3db,2026-02-03T09:04:01.764684,-26.216021762733398,28.04494632864376
63e057f9-8387-4359-9c91-66fa13a6a505,2026-02-03T09:04:02.764684,-26.20854977787242,28.049095149434244
9d698a19-7d2b-49e8-a331-b915ad06c9e5,2026-02-03T09:04:03.764684,-26.204172538424842,28.056790086485485
f0648e9a-4900-4309-8a14-b4b5f4961835,2026-02-03T09:04:04.764684,-26.18698179786922,28.057127277432
f64349ec-2904-4d58-b94d-0fe6a92365ac,2026-02-03T09:04:05.764684,-26.19050117873209,28.064206796190593
592b9ed5-b369-4bdd-9c5c-69509c822a8b,2026-02-03T09:04:06.764684,-26.21227582796483,28.05612831039642
a6a6f0ca-f62c-4dad-bc7e-708fc1284faa,2026-02-03T09:04:07.764684,-26.193535077356973,28.055519734064056
ced6a8c9-df6c-431d-a67e-ca8a03bc4856,2026-02-03T09:04:08.764684,-26.21531758354601,28.046983893510564
285bff4e-114b-41c9-ab99-411db4b97dd3,2026-02-03T09:04:09.764684,-26.217167431648463,28.047335330652846
2431b61c-3ea4-4ab3-ab1f-bbf18f24acd2,2026-02-03T09:04:10.764684,-26.193557702388055,28.04898613559461
2b038656-9d32-4bc9-8b92-95beca293f06,2026-02-03T09:04:11.764684,-26.196200013785873,28.064700019930516
29245958-fdff-44b8-bd65-a75d1931e09a,2026-02-03T09:04:12.764684,-26.20457313373836,28.059695215432345
e7ba4054-8fae-49d9-a24c-844dc677621f,2026-02-03T09:04:13.764684,-26.185870722909467,28.033891570985187
180c203b-210d-4025-9ec5-122e2cc36b34,2026-02-03T09:04:14.764684,-26.223217907344214,28.061282483988098
9f26f4ac-66ea-404f-b688-aa88c669105f,2026-02-03T09:04:15.764684,-26.197076173007133,28.053018215821
3724396a-2be7-4a48-8d4d-a3276d94b4c0,2026-02-03T09:04:16.764684,-26.191441098347653,28.029519273700483
4c60b331-6918-4b5b-b9b7-2a78e1ca5225,2026-02-03T09:04:17.764684,-26.198331586670747,28.028465663771904
6eb30b5a-fc71-4bbd-b41e-667c53ae8569,2026-02-03T09:04:18.764684,-26.185129251241136,28.04676030017382
535f0833-5de9-4f6e-8669-af5d0f0ec1f7,2026-02-03T09:04:19.764684,-26.20897675777268,28.04437450602714
52df3e6d-7b09-49e2-9378-eb0b9d766177,2026-02-03T09:04:20.764684,-26.204358772131762,28.05419894684429
244b6b45-8ad1-4fe3-abcc-53d386beda2b,2026-02-03T09:04:21.764684,-26.217828540473153,28.048666642025246
2868a63b-e650-42b6-95f7-bd739977e1e0,2026-02-03T09:04:22.764684,-26.222838627168084,28.028177187851185
bb6875e3-7208-48a3-b5db-9182eab40bd5,2026-02-03T09:04:23.764684,-26.21695768266765,28.029061049611155
168b4f48-75e7-4a59-a062-af453826c6d6,2026-02-03T09:04:24.764684,-26.195700913508936,28.042302333132184
2fd10e16-742f-4c58-bfa3-27a6df62bd5b,2026-02-03T09:04:25.764684,-26.185965146788764,28.04140399890496
ace73fff-cdfe-4c25-8e26-acc8b7ed1697,2026-02-03T09:04:26.764684,-26.20157229694724,28.06560920081964
9d2ed0ce-a134-4bec-ad6c-ce1db2ee6b38,2026-02-03T09:04:27.764684,-26.191194721976668,28.04692744518781
4e982ff3-52ad-4fd1-aab6-0079809d9cdc,2026-02-03T09:04:28.764684,-26.189876754813703,28.02775275692195
958ab203-c5bd-49bd-a61a-3d1b55713287,2026-02-03T09:04:29.764684,-26.188804385680225,28.03098498829613
fa99d5b8-118e-4005-af9e-26e55543d7a0,2026-02-03T09:04:30.764684,-26.213900805304732,28.03158564140684
5df0ae2b-f30f-4362-8fb9-067655944201,2026-02-03T09:04:31.764684,-26.196035804115436,28.042306245957228
0d8c9402-5447-416e-ac07-80f4c2aa8f29,2026-02-03T09:04:32.764684,-26.224092403503054,28.042554806827468
58e939c4-bad0-4a13-a829-c867ed3f116e,2026-02-03T09:04:33.764684,-26.203391051469286,28.046982058062817
47bb6e51-fdb1-4e41-b92c-ae3c3efbe432,2026-02-03T09:04:34.764684,-26.210229579954863,28.055902080592677
b9c83761-c5d0-4070-962d-66ecc6d95910,2026-02-03T09:04:35.764684,-26.19520143941028,28.046047759087713
07d67523-6876-4f1d-8668-d9ad637bf2af,2026-02-03T09:04:36.764684,-26.218818344003196,28.057482267889423
c0be2b8b-b2c2-4b06-9c7b-7920366de105,2026-02-03T09:04:37.764684,-26.221876484484167,28.06532181103969
d944f9e2-b5ad-45f1-9c67-e9c1ea90e36f,2026-02-03T09:04:38.764684,-26.18790804369703,28.04315326996124
103871f9-68b7-4276-95f1-820a3eca283a,2026-02-03T09:04:39.764684,-26.209996777780045,28.038941274937173
0ba5d154-a4a5-4285-947a-db76858c5524,2026-02-03T09:04:40.764684,-26.187492866804092,28.049459722980412
1dabee22-2a0d-41d7-aeed-1d82c1292b7f,2026-02-03T09:04:41.764684,-26.188138740240493,28.039877854872433
9c9b6034-f5f1-48c5-9ade-13a6dbb8bbd4,2026-02-03T09:04:42.764684,-26.20078555684922,28.06159911256909
45a06075-06b2-4181-82e8-e892c786f993,2026-02-03T09:04:43.764684,-26.21264250599464,28.046727078828766
4721a962-5064-469f-8505-d42f4188769e,2026-02-03T09:04:44.764684,-26.219859065660692,28.059063076029066
3a1ea950-6a19-4333-b162-c183a1e746aa,2026-02-03T09:04:45.764684,-26.192222711113573,28.047669319353236
c90ee0bf-a4d2-4ffc-acb0-b34caf959fd1,2026-02-03T09:04:46.764684,-26.20047508720352,28.027490948990412
93872b46-39ef-471e-8c66-870e1c4fceae,2026-02-03T09:04:47.764684,-26.208988916528416,28.059342965629135
432bbd7e-bb0c-4953-983a-730b2f22af19,2026-02-03T09:04:48.764684,-26.205257131414935,28.038906845735916
898e1271-026e-411b-92e4-9c7de9983d4c,2026-02-03T09:04:49.764684,-26.21243755351055,28.062295623412663
1bd1707f-4700-4c4b-9468-0a81d95edb94,2026-02-03T09:04:50.764684,-26.203102918010018,28.040678626302835
c3491c70-c016-45c9-a368-be1e6f84c06e,2026-02-03T09:04:51.764684,-26.218287407325015,28.045862264748866
ebea789f-3d1e-403d-a342-5816b5cc6021,2026-02-03T09:04:52.764684,-26.215901623831503,28.05002661502605
accf54e6-dbc0-44b6-967e-96fb1a9aadf8,2026-02-03T09:04:53.764684,-26.193091218356724,28.05062854444165
7d35fe70-4cd5-4bd2-8ebc-9fb325caf234,2026-02-03T09:04:54.764684,-26.221152163361968,28.061108375824485
89662352-e63c-47fa-bcf2-693b87a45e37,2026-02-03T09:04:55.764684,-26.19397008928838,28.02947289729529
8f98d4fa-fdb5-44b0-85d4-bcc270a3dc6a,2026-02-03T09:04:56.764684,-26.193768748160128,28.037919197946312
00deb61d-f846-4138-a6c4-6ebcdae70699,2026-02-03T09:04:57.764684,-26.19834988251072,28.04784078107352
b030ee3b-7532-4643-8b1a-8ab6541533a1,2026-02-03T09:04:58.764684,-26.207036004760813,28.050764093095104
6fa4e18a-1485-495e-a10b-93c93ed0beb5,2026-02-03T09:04:59.764684,-26.20120000874926,28.06173214827213
ab6910eb-e744-49d0-a9bd-d05511d01ebc,2026-02-03T09:05:00.764684,-26.194054798213838,28.044788887600106
34fe8b11-0e6c-40ee-ba6f-d0e5c8503871,2026-02-03T09:05:01.764684,-26.22260193161938,28.032130701448327
f4fda969-6c74-4552-87bf-54b41ae6611b,2026-02-03T09:05:02.764684,-26.199159828720592,28.033134646489025
2ab82c17-46ab-41e0-8a12-0e47051e21a2,2026-02-03T09:05:03.764684,-26.184566625549493,28.039695380246318
097a82e2-0ec7-4584-b639-73bc043d14a0,2026-02-03T09:05:04.764684,-26.209987867528554,28.03285679439921
4cdc8273-6ed8-47bb-a2a8-24ebe6deaf43,2026-02-03T09:05:05.764684,-26.213972929914053,28.039508078693387
5f975501-cd17-4fd1-870d-706a617eb2fc,2026-02-03T09:05:06.764684,-26.189706168028547,28.054439964807134
0415d5c2-fe7e-4e71-9edd-ad7241a06cdc,2026-02-03T09:05:07.764684,-26.196409686567154,28.065210711718382
e63f98b3-2243-4a08-a54f-1e60be29d05c,2026-02-03T09:05:08.764684,-26.214807922740633,28.06519277198136
edaacf7f-7ffb-4ce5-b64a-5e365823058a,2026-02-03T09:05:09.764684,-26.20823054725036,28.027577957917757
17e028d7-5e80-4c5e-b187-ef35952881ec,2026-02-03T09:05:10.764684,-26.206168443499205,28.055619949568467
7e18084e-bd81-4e44-8d12-32ac90b69d81,2026-02-03T09:05:11.764684,-26.199206736680843,28.058737580915523
76126836-336e-42c5-ae71-db8e59177d9e,2026-02-03T09:05:12.764684,-26.208804768646075,28.055064716548234
9414e946-4cf0-455b-aae3-20bb5172a74f,2026-02-03T09:05:13.764684,-26.223842555198356,28.05513939307298
fad2e68e-d2af-4d0b-8cee-16fbc119ea84,2026-02-03T09:05:14.764684,-26.21243650741248,28.033478556097556
9ef1be35-2820-4345-9e82-184988bbe168,2026-02-03T09:05:15.764684,-26.20072766975468,28.06109389716404
b06613dc-00ea-4e01-8c50-680d42c89531,2026-02-03T09:05:16.764684,-26.21285699990806,28.061716236251282
65c1c186-6953-4d5f-8cbf-013c5a6837fc,2026-02-03T09:05:17.764684,-26.19584304397632,28.035287732197098
4fc5d824-97f2-4b4e-a8a7-69e8ee4e2501,2026-02-03T09:05:18.764684,-26.19275676719548,28.054755539109927
59ebc9b2-dec6-432f-8998-a9f49536891f,2026-02-03T09:05:19.764684,-26.208263232828664,28.030671875884472
0cd0ce6a-8174-4544-9d01-93a74f6b5392,2026-02-03T09:05:20.764684,-26.18659957075528,28.055751771426667
ddb17eb0-a124-4599-8dd6-89c79c58bbe5,2026-02-03T09:05:21.764684,-26.1921688750106,28.046497919069843
073c50d7-461a-4072-b0db-c6e154cd5cd6,2026-02-03T09:05:22.764684,-26.212040376433734,28.06038683449946
9015d71a-55ad-4988-8139-c7a726c0dfdc,2026-02-03T09:05:23.764684,-26.203289103820406,28.059042094943976
5ac26bf1-0153-4a33-8230-646767056198,2026-02-03T09:05:24.764684,-26.216022370983183,28.028775654306447
dfd9119e-a47d-4c08-abf8-1caeed22a155,2026-02-03T09:05:25.764684,-26.18730512395674,28.050133154079276
9e69751a-3684-4611-b203-90f2cce9d0b1,2026-02-03T09:05:26.764684,-26.190753518004694,28.049436877254394
20005ca3-cd8d-441c-b250-d3ff0f8c2362,2026-02-03T09:05:27.764684,-26.185994454877992,28.04941322967034
3ec18000-b54c-456c-bc26-ec596f033054,2026-02-03T09:05:28.764684,-26.1960255649214,28.031834769931084
42a7819d-8a17-41cc-84e7-8bd6156301b3,2026-02-03T09:05:29.764684,-26.211536635339428,28.035485181993458
93ea64c2-4805-4e71-8b1c-ee9cac16c79e,2026-02-03T09:05:30.764684,-26.208148741098107,28.04320151318985
0d2fa07f-cf73-4966-9bc3-57c473d14808,2026-02-03T09:05:31.764684,-26.20273145866072,28.0597865032757
0e93f8a7-e5b3-4b6d-a042-10b6d66f0e61,2026-02-03T09:05:32.764684,-26.207853624677494,28.052812340597985
e8880054-acf8-4b66-864f-461863489191,2026-02-03T09:05:33.764684,-26.18913855864989,28.059528565494823
56cbe5d6-6c50-4152-8eaa-d93d8b2a2d93,2026-02-03T09:05:34.764684,-26.192912421837246,28.033365023049306
f7e452a9-63ce-48a6-9a42-6277429db043,2026-02-03T09:05:35.764684,-26.184764051126518,28.032400549806212
04c75883-b6c3-4b6b-8a8a-a5c3d41c93fc,2026-02-03T09:05:36.764684,-26.19748575199634,28.05147531194182
341fcd2f-5f59-485a-9117-e0f9cf58250c,2026-02-03T09:05:37.764684,-26.21937288696485,28.049233497512724
1294ddba-426e-41fe-a4ff-cd0bd0f15883,2026-02-03T09:05:38.764684,-26.20971946608586,28.06228800195657
302ad8e7-464e-4683-a81f-b6d39b0b7489,2026-02-03T09:05:39.764684,-26.204031223402815,28.0435085438762
3140ec49-9455-4e96-b94f-fd375e0b8404,2026-02-03T09:05:40.764684,-26.204578028096577,28.03696438200301
1ef0d490-a267-4ba9-bf80-1c56121eda09,2026-02-03T09:05:41.764684,-26.18539761974078,28.061631826727915
a6edb85f-0f84-423a-a03b-99ca57ec43d0,2026-02-03T09:05:42.764684,-26.203504512421613,28.060570864844323
8bdd9510-761b-40e0-a91e-8f38503f2140,2026-02-03T09:05:43.764684,-26.2104256060464,28.03814434209972
764d6d16-fa60-4476-a2c6-e08e9d49d1a7,2026-02-03T09:05:44.764684,-26.218225722991345,28.06468226590615
e0ce619f-4448-40a9-9328-f154506bbbd2,2026-02-03T09:05:45.764684,-26.21530340895707,28.047362432541977
5d8c6437-3ad5-4a2d-b4e5-17ddb0102826,2026-02-03T09:05:46.764684,-26.20282931288643,28.03832660600656
875d6c9d-79ec-464c-81cf-9ff0cf82a650,2026-02-03T09:05:47.764684,-26.218192224083825,28.051404228111064
6b20d32a-f1e2-4e3c-aebe-cd441a11811d,2026-02-03T09:05:48.764684,-26.21512174107051,28.051507176552466
ab8984f3-a413-4f42-af82-4eac1b965861,2026-02-03T09:05:49.764684,-26.2137189635744,28.032551646237184
6632eda2-4ddf-44ae-b443-f6be13ecbda6,2026-02-03T09:05:50.764684,-26.20353752582778,28.03058823749794
b259a56a-aa9e-484a-ad23-487e1958828f,2026-02-03T09:05:51.764684,-26.2089780848618,28.053803596949233
fa6b8dcc-8d69-47b4-bf9f-ecebf8427154,2026-02-03T09:05:52.764684,-26.18467457974842,28.055100300707654
82e0ab56-853e-44de-a27d-2ee459c14554,2026-02-03T09:05:53.764684,-26.21434395670852,28.051641935007225
dd6c5758-fddc-4268-90af-9137c4193f12,2026-02-03T09:05:54.764684,-26.206863934166506,28.062404890659298
0e2ceb80-f276-4207-b559-a07ebae3e470,2026-02-03T09:05:55.764684,-26.223132801963523,28.03159189480238
396cbab1-7339-4d22-beae-06cabce2776a,2026-02-03T09:05:56.764684,-26.21745473933446,28.048953391354026
10c8be30-606d-4224-93e3-b63973cc66e6,2026-02-03T09:05:57.764684,-26.205262287157645,28.056645887893506
b01ea9f4-4ddd-44b1-b0e0-4bf272ddf1e8,2026-02-03T09:05:58.764684,-26.208722115549506,28.0553837573665
e70f83a2-1ee7-4354-942e-9029f02fcb5f,2026-02-03T09:05:59.764684,-26.188810304539416,28.034968108731814
d8bf92e1-b852-41b9-b988-9513b5e0bf12,2026-02-03T09:06:00.764684,-26.20189125183492,28.05628485590329
5169634a-b2ca-48dd-a876-4da122efee57,2026-02-03T09:06:01.764684,-26.190773737701445,28.063452596433187
73e1d437-cb67-4bfc-bc04-90f019c3b8de,2026-02-03T09:06:02.764684,-26.204232923888984,28.063706728638042
90280f35-487b-45bd-a8f9-6e595a18b6a6,2026-02-03T09:06:03.764684,-26.196583781121653,28.04563589929743
17c9b471-10f5-4714-9ef6-fb62e625a1f8,2026-02-03T09:06:04.764684,-26.202215780992525,28.034613936693187
c531cd75-2fd4-483d-a920-66f4cb5378d3,2026-02-03T09:06:05.764684,-26.206569819543084,28.06079329389864
5c3445e6-fcc3-4d08-a6d3-0bccbfb75cc5,2026-02-03T09:06:06.764684,-26.22111303852644,28.043485525878342
30d9bb66-b09c-4045-8ad3-e64c65a88c2b,2026-02-03T09:06:07.764684,-26.21739285937494,28.032181027545604
326b1899-42fa-4d77-9fcb-cac34af3d652,2026-02-03T09:06:08.764684,-26.217064969722053,28.0494793620955
3fd47857-d928-4077-a906-8e9eea48ddd7,2026-02-03T09:06:09.764684,-26.193501095332593,28.059593570268788
c01e09d9-6701-4a47-8e22-1f44ecdb521e,2026-02-03T09:06:10.764684,-26.223688789308536,28.056766117144463
216a2cf3-65a9-41fc-90ee-8d19c9fbb5b0,2026-02-03T09:06:11.764684,-26.20322999349759,28.03484413909627
7bf0ebcf-6b27-46ed-a5dd-2a7d90f41ed5,2026-02-03T09:06:12.764684,-26.210158909977192,28.058092439197974
730f4c97-1eac-4f13-9283-f0570b6b82c6,2026-02-03T09:06:13.764684,-26.219496304415454,28.056808096469627
293d4f1d-1dd7-40d3-8398-65618a6f0ef0,2026-02-03T09:06:14.764684,-26.197345495402388,28.059911265049955
2c4ce9a0-b352-4cff-9164-b5a8ee0c7b94,2026-02-03T09:06:15.764684,-26.19138604242822,28.063031558256018
74ce2da7-b404-42fc-a8fe-d34b43cf21a2,2026-02-03T09:06:16.764684,-26.21094920558285,28.067240846916366
4cacc05c-4331-47b7-83a9-a297d419a22a,2026-02-03T09:06:17.764684,-26.19445618636317,28.04607723977586
a1c98daf-4e13-4b64-88db-da49b4656b95,2026-02-03T09:06:18.764684,-26.19040913042734,28.055254343037664
ba1ddf0d-7e2e-449f-abb1-652220b4565f,2026-02-03T09:06:19.764684,-26.212897648755906,28.066300038738024
78f080ea-9c3d-4d80-8e91-cb50f0f3f8d1,2026-02-03T09:06:20.764684,-26.21489089527099,28.027856210914322
32cdf212-01fe-4395-83e8-4e3701175e1a,2026-02-03T09:06:21.764684,-26.223264366059947,28.053013046659103
d7b027c7-dae2-43cd-840a-121d7ce282a7,2026-02-03T09:06:22.764684,-26.198054375577975,28.049626154078062
cf1bf4b3-dac8-4214-8b36-7906a117779b,2026-02-03T09:06:23.764684,-26.19761949183616,28.04797554802202
154a523b-f7f6-465f-9c6d-ac285aeb107a,2026-02-03T09:06:24.764684,-26.19991276874979,28.054517333001506
df15b5e8-1999-49ca-95cb-222aae6ac96e,2026-02-03T09:06:25.764684,-26.189848433006997,28.03533115353112
74f6941e-f819-40ee-a566-3991c05589f6,2026-02-03T09:06:26.764684,-26.20455277577315,28.03374361632197
66000ba5-b0df-4fa4-bc71-aa9883b798a9,2026-02-03T09:06:27.764684,-26.222196493305866,28.049981610326206
d16c3db0-eacb-46e8-855d-5579f47c7265,2026-02-03T09:06:28.764684,-26.19668382061288,28.042377245743367
687161b7-cac5-42de-ad77-19120d9bfeef,2026-02-03T09:06:29.764684,-26.199954890581978,28.04894920128778
8bf85d38-26f3-47e6-9705-8848c8e7b70d,2026-02-03T09:06:30.764684,-26.212196058071005,28.04208580065521
f4c56fd2-493a-44f3-bf33-8c5519c39ffb,2026-02-03T09:06:31.764684,-26.18513050945993,28.042446534985142
5341d594-2085-48fa-9d9b-69f4b8fab08f,2026-02-03T09:06:32.764684,-26.203102886689926,28.061977198135263
31c28c42-13a7-4455-912d-cad65cf3cbae,2026-02-03T09:06:33.764684,-26.214805806425932,28.03795105383148
7085debc-8670-49eb-a24d-d2f76e064cb8,2026-02-03T09:06:34.764684,-26.21384910033283,28.05320144184758
dbdfe887-ae6a-462c-a696-88680f2f0b1c,2026-02-03T09:06:35.764684,-26.185131224305376,28.028355004780444
c333f259-460d-4f51-9e8e-6059b9c30bea,2026-02-03T09:06:36.764684,-26.222494880105504,28.057776099006546
ac9aae99-6794-4d06-841b-55ce0240747d,2026-02-03T09:06:37.764684,-26.188846391011623,28.06499265733562
657fc14c-36c8-4735-ab24-a3d2e56ab946,2026-02-03T09:06:38.764684,-26.20353497660112,28.058726776475787
86525c7c-8de9-48ff-a319-0462d1c3b822,2026-02-03T09:06:39.764684,-26.209690803698027,28.032002212239796
665d40b3-df03-4794-a609-39d5bde742ee,2026-02-03T09:06:40.764684,-26.20106208452242,28.039029784147726
2a61282d-c346-44f4-b75a-ff7b76d7b718,2026-02-03T09:06:41.764684,-26.19236230860672,28.061380098964058
34582961-5e26-4a01-9bee-52f51f2cffff,2026-02-03T09:06:42.764684,-26.1886123934023,28.064942873913918
9f2eb7d2-15a8-46ff-8b48-4d953ac3e818,2026-02-03T09:06:43.764684,-26.198811038901255,28.02996336983258
5c668da1-0e17-4933-8984-d503e93e46d9,2026-02-03T09:06:44.764684,-26.203434351633508,28.027971638557847
8f42f134-3655-47c8-be4f-68722160b72e,2026-02-03T09:06:45.764684,-26.20937644631258,28.058345277521916
0914e1ef-040a-4a9f-867d-602b278ff3e4,2026-02-03T09:06:46.764684,-26.202011551738476,28.057069860832534
9928a1b2-0a00-4e79-bae0-5263066ad69c,2026-02-03T09:06:47.764684,-26.199937940766905,28.060124974333938
d35e9dd6-31b5-4601-8cd9-1871b013a45c,2026-02-03T09:06:48.764684,-26.203738572328696,28.031838676394283
397cb018-f04b-4f29-86f9-4c1996623af2,2026-02-03T09:06:49.764684,-26.18731499312452,28.05864644391214
a6c7e417-129b-46e9-aa2f-8f21aee1f9e6,2026-02-03T09:06:50.764684,-26.185377564880486,28.060387043308673
68355aab-074f-465b-99df-24142ea8ab33,2026-02-03T09:06:51.764684,-26.208091019544913,28.03242696460527
05be2d84-f2f1-4ad7-a181-aaa4c573610f,2026-02-03T09:06:52.764684,-26.218145521976986,28.040340604178837
449c510f-a12b-4260-8514-d19009fe66cb,2026-02-03T09:06:53.764684,-26.206100787461,28.0386436020732
0b3dcd07-b657-4190-b864-fa13c2ddd2c1,2026-02-03T09:06:54.764684,-26.200832607139603,28.046422240894103
993128ef-e5f9-4c9c-b5ee-7c35f9169e3d,2026-02-03T09:06:55.764684,-26.188731853090736,28.059152361965943
07cb7c4c-d66a-41c1-9632-462db5224f0a,2026-02-03T09:06:56.764684,-26.201814204571644,28.035812477216545
eb836865-e510-4bc6-9e7b-ec45bef564e5,2026-02-03T09:06:57.764684,-26.223924288760987,28.036551859672247
a823f4bb-864f-4a92-9602-3a7263ab3ffc,2026-02-03T09:06:58.764684,-26.2059404748812,28.062831608768843
b9a37a6b-83f7-44b2-9473-fd1243c04de6,2026-02-03T09:06:59.764684,-26.21123350125329,28.047953767771716
9c327ccc-abbd-4743-8325-c9883af33905,2026-02-03T09:07:00.764684,-26.201147969991275,28.06508926483821
1a407d8b-b673-4654-933b-7e1c34a21d8b,2026-02-03T09:07:01.764684,-26.20431462391932,28.04497387378859
bb079591-951c-43ce-bca4-93be96930240,2026-02-03T09:07:02.764684,-26.18961162132209,28.060844499016504
f26ef1b1-d1e3-47d7-a8de-35d4417043cf,2026-02-03T09:07:03.764684,-26.19597679687865,28.0424648487704
ec4e0aa4-c5bf-45ee-9a34-1d1741a947b6,2026-02-03T09:07:04.764684,-26.195396596462366,28.03986003657362
b6997876-085f-4ad4-8107-dedea2628c2b,2026-02-03T09:07:05.764684,-26.214990501096025,28.03802133664115
9b2a92f8-59aa-4212-a0f8-30abf632272c,2026-02-03T09:07:06.764684,-26.22221829723259,28.058649304681257
a9f741ae-423f-4b90-b387-899ec1ae37e2,2026-02-03T09:07:07.764684,-26.193880944500876,28.037047192814008
4db65fb5-e95d-4ada-8eee-497c65df50ce,2026-02-03T09:07:08.764684,-26.207792658434872,28.040075862773016
95628ccb-2365-4ddf-ba58-44ea84da2cf8,2026-02-03T09:07:09.764684,-26.19135001679921,28.042327553871775
6d3e6f79-6194-4629-923f-e03f0c6b6075,2026-02-03T09:07:10.764684,-26.19912015125465,28.030191276681002
44408466-cac4-4a4e-86dd-652dca792a27,2026-02-03T09:07:11.764684,-26.222385734977117,28.034901885018986
fe6a8c6b-34af-4600-a068-2ba878433139,2026-02-03T09:07:12.764684,-26.206885678237597,28.047717034662174
639a37fc-5262-4a8d-a7c3-b4846a034c35,2026-02-03T09:07:13.764684,-26.20820746925981,28.06670175285915
e0c3e0fc-0d07-4770-aa2a-1882052f2fec,2026-02-03T09:07:14.764684,-26.215339782569487,28.055205101534256
90552db3-a20b-443f-b9d4-7b8963e0301a,2026-02-03T09:07:15.764684,-26.185092980924043,28.0478956247057
b594efcf-1c79-49cc-829a-0ccf3d44f7ec,2026-02-03T09:07:16.764684,-26.222720606662122,28.064565052617954
fe4f1fcf-3aa6-419f-a0eb-cedb18ffa493,2026-02-03T09:07:17.764684,-26.21511678336827,28.041204278634975
febc45df-6d10-4c52-87b5-cb11daa7ec78,2026-02-03T09:07:18.764684,-26.18905662041809,28.03255042039894
c12b113c-a67a-416c-b824-ae0e58f7e8cf,2026-02-03T09:07:19.764684,-26.215970122100135,28.059792827460964
b87faea2-2f75-465b-ab20-c6f7c1f959bf,2026-02-03T09:07:20.764684,-26.217336270524132,28.064502734791148
eed97813-454c-4963-a183-f166f860034c,2026-02-03T09:07:21.764684,-26.199012260504748,28.041638501902813
dbb3cb1d-c292-4690-914f-8fadd565d833,2026-02-03T09:07:22.764684,-26.21664232334063,28.05993522165463
64b81577-50b7-44b1-88bd-c9d5b603e2fe,2026-02-03T09:07:23.764684,-26.215284552432877,28.045799175309984
6cd9c73d-11d7-4653-96c7-df8f9423b9d8,2026-02-03T09:07:24.764684,-26.205428826553966,28.063643670005536
12dd2697-e42c-477b-8fe1-59941f255cca,2026-02-03T09:07:25.764684,-26.200397027377836,28.030168140193727
d30fc392-745d-49b9-953d-8d148502b8f2,2026-02-03T09:07:26.764684,-26.186892179775594,28.03702879152149
fccb082f-3805-484e-8676-73c751d9ba54,2026-02-03T09:07:27.764684,-26.204532126782627,28.03929778470451
09afc8aa-29f1-4d60-b6fa-869ff832622d,2026-02-03T09:07:28.764684,-26.187840135643604,28.063074564249035
ffcd1b66-b398-4beb-9ea0-aaefd11e9fb8,2026-02-03T09:07:29.764684,-26.193026009736077,28.029219216496276
f133d6ab-9ee0-4c2a-861e-ba166ffc16ea,2026-02-03T09:07:30.764684,-26.21165855621904,28.03105420428572
84fb08e2-8926-40d9-b938-d4c52de596d9,2026-02-03T09:07:31.764684,-26.190976416793514,28.031716278847775
09f0e8a6-f7c9-47b7-93f6-7352bde6c47d,2026-02-03T09:07:32.764684,-26.19438185614175,28.039396845203832
bcc8758b-515d-4219-a96b-4092aafde6d7,2026-02-03T09:07:33.764684,-26.20669553529054,28.03687483559933
5df81356-6bbb-48f0-8216-dbc6203bd678,2026-02-03T09:07:34.764684,-26.208411038620028,28.059566532049384
550c4494-7a6a-476d-9045-0e399962b2e9,2026-02-03T09:07:35.764684,-26.203292108997843,28.036902527172384
4af1bbe8-5b69-438b-807b-b5d5492f6a8e,2026-02-03T09:07:36.764684,-26.19743638528024,28.054537003718583
6f0dbede-3484-4c42-9574-96b9a6f853aa,2026-02-03T09:07:37.764684,-26.197660826038668,28.06446296294746
b8c148d9-2154-4785-80a4-622bbe7ff4ca,2026-02-03T09:07:38.764684,-26.1905567332977,28.054947348724177
5f968eae-c2a9-4768-99df-300c9b13db17,2026-02-03T09:07:39.764684,-26.214703641767443,28.061351538540336
75c37276-ce3e-44f9-b7dc-aa8975766aab,2026-02-03T09:07:40.764684,-26.193614882706964,28.0282571849263
872c6a78-e480-4c8a-a868-3ed65eabfe86,2026-02-03T09:07:41.764684,-26.18609090770141,28.05626322232144
162d3985-6dfb-4761-93a1-0c8a965f01b7,2026-02-03T09:07:42.764684,-26.217711386052905,28.03332191399196
f145a718-8d6c-44d2-b25e-1b50b917c025,2026-02-03T09:07:43.764684,-26.213445568454134,28.062427989490704
e7f75fc8-4193-423e-9375-81e1046a8755,2026-02-03T09:07:44.764684,-26.196385532166847,28.04136547948899
85bdb395-596e-400c-94b8-d22c8d1d8c63,2026-02-03T09:07:45.764684,-26.21631634131599,28.049676241931195
26cd355c-5b14-47a0-a808-683976a9531c,2026-02-03T09:07:46.764684,-26.197047123251327,28.065819105595885
7845bca5-a2ca-4d90-add1-f31faf92bb58,2026-02-03T09:07:47.764684,-26.194428866841708,28.04643485679179
22fc81c0-c921-4671-893d-802eb0a4275f,2026-02-03T09:07:48.764684,-26.217382277789003,28.065773035324323
bf065871-4434-498f-bdd7-0c5c524c50e9,2026-02-03T09:07:49.764684,-26.21251567946525,28.052477408096593
32a032be-d236-4e0d-8430-40dc0a0b0f57,2026-02-03T09:07:50.764684,-26.198693589963543,28.053673054025538
7992f321-5dfc-455c-a7a2-501cbb539c34,2026-02-03T09:07:51.764684,-26.212550399884478,28.046469805924932
d9f64156-4886-4391-8747-118ba7db6eeb,2026-02-03T09:07:52.764684,-26.221409208160456,28.06525988122031
17d478de-42be-47bc-876d-32918ca39237,2026-02-03T09:07:53.764684,-26.207520718604194,28.05127398938806
f6a76fee-f237-43a2-968d-ae6d992ae7c5,2026-02-03T09:07:54.764684,-26.196995093761963,28.042193891689184
0e76f6ce-2e4c-43f2-bbf6-05a9be94fea0,2026-02-03T09:07:55.764684,-26.194756815111965,28.05437713631003
709f24a8-be6f-4f3d-a140-4343bb0b1894,2026-02-03T09:07:56.764684,-26.199522527558806,28.038325711527676
1c909e0a-1ce9-4c1b-b025-66664b7a4903,2026-02-03T09:07:57.764684,-26.202619143692274,28.064786128139257
a0ed5f1b-4810-4c51-9117-91d9599726c3,2026-02-03T09:07:58.764684,-26.202381636316908,28.06605535989984
0133317a-d436-44cd-8493-2d7d77367be1,2026-02-03T09:07:59.764684,-26.199747124691534,28.027408573000812
52db8676-e301-489f-807c-140646f96759,2026-02-03T09:08:00.764684,-26.212961118860648,28.050938549740955
7b42b9a0-7f79-4794-998b-76367a1f6d13,2026-02-03T09:08:01.764684,-26.187264158106604,28.03390814954008
193fe687-c8c6-495b-8d9d-7e327a5d36ef,2026-02-03T09:08:02.764684,-26.212598980047197,28.06105268495946
d51e8bc2-fd09-422e-9816-3c42e86d1357,2026-02-03T09:08:03.764684,-26.21682163328473,28.05313283482894
a7786845-9c5b-4fe9-a3bb-ef8dbaf0e8d8,2026-02-03T09:08:04.764684,-26.214992549014983,28.0501909533812
e1b0cd5c-b098-4b04-b2e3-02e50fe8299d,2026-02-03T09:08:05.764684,-26.218310849635643,28.0590236789461
25a6b0a5-65ad-45cf-ac29-c60175b99020,2026-02-03T09:08:06.764684,-26.188716101137,28.032068375591713
2b36c330-6fd3-42e5-af3d-af05d16a7f98,2026-02-03T09:08:07.764684,-26.218019437208998,28.036308653641626
b06cbb58-f15c-4d6f-994a-b1eac8ee5370,2026-02-03T09:08:08.764684,-26.19351967535162,28.05980506352896
0bb2dac1-6c5b-4802-b460-d650194502d4,2026-02-03T09:08:09.764684,-26.191070220248676,28.041690157742167
fbc27666-46f6-480f-999d-92fe667fec50,2026-02-03T09:08:10.764684,-26.222075987429932,28.040949800829814
41208080-c48c-4e4f-a87f-3522076adc40,2026-02-03T09:08:11.764684,-26.196810820407894,28.05178877547831
ea3f6820-6b6d-427d-becd-f9a2a38ebb20,2026-02-03T09:08:12.764684,-26.22369595035367,28.049675543006764
91517d9c-cdaa-478a-b2e8-e8357615cb1c,2026-02-03T09:08:13.764684,-26.19730771740681,28.061296547888624
22f43b0b-68ed-4fc3-9f67-4e56d92888f7,2026-02-03T09:08:14.764684,-26.206037594208524,28.03397305728097
47578ed0-becd-4086-8a7f-8c5efbba0c76,2026-02-03T09:08:15.764684,-26.19500761331146,28.03424171618714
734da757-8abf-46a7-b418-69627385675e,2026-02-03T09:08:16.764684,-26.188315453976177,28.036421579052448
0efd5229-be24-4f2d-98c6-81c136c667cd,2026-02-03T09:08:17.764684,-26.20398664835446,28.04152090936581
99f197e6-b41b-46f6-8cb1-027cab2b12f9,2026-02-03T09:08:18.764684,-26.206108307377345,28.043041788557453
c593d1e5-59df-45f6-9b29-8ae4386e64bb,2026-02-03T09:08:19.764684,-26.222217390038022,28.045332084575037
3c53e5e4-797e-40b2-90b1-79b5034373c0,2026-02-03T09:08:20.764684,-26.20041882990773,28.066511647407673
fa290089-99f9-4f95-aa96-ba9cd0959e1e,2026-02-03T09:08:21.764684,-26.191367135116902,28.060149632089196
3fea762b-4c97-4f23-a875-2e0773b6b71a,2026-02-03T09:08:22.764684,-26.218420134929783,28.047497835278683
ecf4e9d7-2368-441c-9d0a-b57b20103512,2026-02-03T09:08:23.764684,-26.19375455131946,28.042406395621313
4d134acf-703d-43c1-b1b3-0ac52835dc5b,2026-02-03T09:08:24.764684,-26.210729893481172,28.053566794746477
1d0a52de-d979-41da-b0dd-b4310769be84,2026-02-03T09:08:25.764684,-26.19021417370132,28.034165512517
8910a2a1-a5e8-47c0-9a4d-73fc266d77a5,2026-02-03T09:08:26.764684,-26.196048771052478,28.043186400195996
eb998a8d-a383-4329-8b8b-b89d44a83f80,2026-02-03T09:08:27.764684,-26.209266253408426,28.04502588866358
adb0c9c4-96dd-4ec6-ad8f-696b89b7ead3,2026-02-03T09:08:28.764684,-26.206110372968272,28.05043570066287
f3d8fffe-ba9f-4ab1-8c7d-60033b0bf152,2026-02-03T09:08:29.764684,-26.212288505069843,28.06043779196979
43f17fe2-98a4-4474-954b-d0658b785733,2026-02-03T09:08:30.764684,-26.19708757228371,28.049034263767023
7a2e3d94-fb36-463f-baad-dd46b5bc6c0c,2026-02-03T09:08:31.764684,-26.206382769010947,28.044056482730713
95b66ee7-0c24-43b0-9a12-f1299a42db3a,2026-02-03T09:08:32.764684,-26.206810839785145,28.046306529090547
1bdd0147-e8fa-4049-b0dd-cc3b413bf8df,2026-02-03T09:08:33.764684,-26.184694038352294,28.048087391490764
7668e8d6-1154-4056-9120-f6dda315621b,2026-02-03T09:08:34.764684,-26.19528751703024,28.031311768663084
2d48aea3-4e73-4688-ac08-0ea0c9f2c78d,2026-02-03T09:08:35.764684,-26.218295409194457,28.030508713810164
2d2cece9-757d-4b1f-9f4f-cf5c2a541ab2,2026-02-03T09:08:36.764684,-26.197697732300707,28.031174237792584
e59c82be-6c6f-4bb4-a62c-301577f0cc76,2026-02-03T09:08:37.764684,-26.190374074703012,28.03917431672385
bf34b4cd-2967-416f-b4b0-8ddb958f542b,2026-02-03T09:08:38.764684,-26.184423501533967,28.06228810854912
c20c7f36-33f8-42aa-8f42-473eaa4d855f,2026-02-03T09:08:39.764684,-26.18662677564719,28.051785776270453
da1bd45c-a98d-4e89-8147-2be71028ec0b,2026-02-03T09:08:40.764684,-26.213046925192934,28.04057243178487
2294f14b-4532-4d78-af2b-84c1c23ab64a,2026-02-03T09:08:41.764684,-26.205188050966512,28.029428965191972
4a11b272-0688-40a2-bec3-35b5d33ee879,2026-02-03T09:08:42.764684,-26.197376600122745,28.056293148044922
5ff8eeeb-5792-4637-99e6-62c1eccea17b,2026-02-03T09:08:43.764684,-26.189430890437514,28.05117568451944
8e25c4e9-6652-41ef-bcd2-f5844ecaec9e,2026-02-03T09:08:44.764684,-26.2160468209706,28.046729470709376
46d72a6f-36db-402c-967e-1d6ab5dae3ab,2026-02-03T09:08:45.764684,-26.208114673720363,28.05501901834836
aee97a13-6b9d-400a-85b3-3688fe9f643a,2026-02-03T09:08:46.764684,-26.21925931082453,28.03882432196725
548088a2-8d7d-41eb-85ad-042405f8b692,2026-02-03T09:08:47.764684,-26.213138444801704,28.029012384017378
eab5d460-e226-4f5b-b50b-a757a41ab23c,2026-02-03T09:08:48.764684,-26.19614710522497,28.05511878215798
77f0b878-2f28-47cb-a6ee-b24508d9ec9b,2026-02-03T09:08:49.764684,-26.2131955825933,28.044651718329554
ff21985e-4696-4b7d-8c17-8e99d9b48ac5,2026-02-03T09:08:50.764684,-26.195871225232413,28.06719442284243
6ad03ccb-1108-4b6d-8dbb-12526643dbc4,2026-02-03T09:08:51.764684,-26.2224901675731,28.060374110739865
a7c87713-2442-4481-a456-439bff076571,2026-02-03T09:08:52.764684,-26.209045469856655,28.048136793725764
eb22b5b9-93a4-4ed6-95d8-1665c5946987,2026-02-03T09:08:53.764684,-26.21200542980075,28.05424062904853
ed19bb81-05de-4ddb-9151-1b5be18a9896,2026-02-03T09:08:54.764684,-26.189769573535074,28.051990331850437
aebcc922-e540-4d94-8843-13b08bc2f224,2026-02-03T09:08:55.764684,-26.191733619170463,28.060168234669487
1a3cdf65-251c-412e-ae7b-d92053e2f752,2026-02-03T09:08:56.764684,-26.222515681805124,28.056212764208116
5e27b848-f32c-4d3d-935d-4095f561b37a,2026-02-03T09:08:57.764684,-26.212813476906355,28.029734636086637
b96d379b-f2c3-4586-b722-29b7c44c26ea,2026-02-03T09:08:58.764684,-26.196997110140522,28.056350349598254
d8141751-83dd-40b0-8be2-8ba77764d6fb,2026-02-03T09:08:59.764684,-26.20087786428245,28.0344747871486
8fd9bb22-4199-4c27-9628-bedd3aedcf72,2026-02-03T09:09:00.764684,-26.19943315687421,28.055929071742536
6ee62d95-a4fc-4197-922a-e842c32c7861,2026-02-03T09:09:01.764684,-26.191625368314963,28.058166516978165
a67eb1c0-4787-4bf3-b197-626f26b68ef5,2026-02-03T09:09:02.764684,-26.186552936980753,28.063408254910378
dc350892-79e1-417f-9394-d49f95043144,2026-02-03T09:09:03.764684,-26.20241444031552,28.064413448012747
880f304a-40b5-4589-ad7e-731168d16b5c,2026-02-03T09:09:04.764684,-26.222156278298705,28.05303876489618
9eedf644-543f-4d56-ae30-f7ec3c7d1435,2026-02-03T09:09:05.764684,-26.186287796776757,28.057639745383756
4d0125bc-e5eb-4feb-a94f-ee62f5017c16,2026-02-03T09:09:06.764684,-26.204506968751986,28.033532098792367
8ca04c72-1c51-4694-9782-f7ead3cd6c78,2026-02-03T09:09:07.764684,-26.220794888719784,28.064797039589216
37cf65e2-61d2-46a5-8745-f24becf8e606,2026-02-03T09:09:08.764684,-26.221627426520772,28.05842656809766
a0484805-ed93-4166-83e9-cb4d4f2122ed,2026-02-03T09:09:09.764684,-26.219244835855473,28.04506774380574
638c0d30-989f-4715-a32a-1a2db2382a02,2026-02-03T09:09:10.764684,-26.208041617053233,28.043326848668663
a7367e12-941f-4701-adf8-6ada135afd48,2026-02-03T09:09:11.764684,-26.203246200172806,28.04716021136643
c83a77ca-2700-454e-bd59-552c4fe66020,2026-02-03T09:09:12.764684,-26.213450136640017,28.048529573787125
791ad88b-e6b1-4780-907b-af9a7ef7cf77,2026-02-03T09:09:13.764684,-26.222046503613164,28.044401854712017
188d3053-cc4d-424d-b39e-c33f72fc26bd,2026-02-03T09:09:14.764684,-26.19655884556179,28.036248050851874
ca43e792-3cf9-4be8-a8d9-52a04f051d21,2026-02-03T09:09:15.764684,-26.20092678847815,28.05388801804017
f7589a42-2f53-4c20-a493-2b89edd6f5a4,2026-02-03T09:09:16.764684,-26.205577994633025,28.05743229818093
c350dbc4-3bad-4ed2-aeda-20d5f32c887b,2026-02-03T09:09:17.764684,-26.208873681211166,28.04352496357273
9f5a92d6-632d-459e-b4f4-36c2c5205099,2026-02-03T09:09:18.764684,-26.201551067642377,28.04890723258099
9a12befc-a4ae-4b1a-b48d-bb0baaafd864,2026-02-03T09:09:19.764684,-26.218780070280744,28.046061443453784
dbebf8f6-57c3-48c4-8854-55fb3d8a3b0c,2026-02-03T09:09:20.764684,-26.189823713712418,28.065441131240334
e6b78879-f897-40cd-ac09-4638a1d9a705,2026-02-03T09:09:21.764684,-26.191092798272678,28.05897271657281
cf57eb5e-a82d-4975-b722-befd202d3d69,2026-02-03T09:09:22.764684,-26.211368358319575,28.04093882283876
b8b973db-a336-42af-88e2-1ef96db30cf8,2026-02-03T09:09:23.764684,-26.191762172179732,28.037019373251493
eef00c5b-62b3-4002-8666-5316723fabd3,2026-02-03T09:09:24.764684,-26.197869928443627,28.053646149077604
aad670fa-01eb-4ec9-8608-16e26409ab0b,2026-02-03T09:09:25.764684,-26.2189588328189,28.037971735567602
f4fd3c5f-1a89-4f73-b667-b6e6b3042da0,2026-02-03T09:09:26.764684,-26.202060115916737,28.05529616355615
2804d424-2697-45a6-8ed4-15fe89ad4f7e,2026-02-03T09:09:27.764684,-26.2098232296728,28.059578724492535
d55bfb43-d5e9-4ad6-b14d-cd3d39475ef7,2026-02-03T09:09:28.764684,-26.189045537740807,28.049274971653546
7b852b56-bda8-4ce4-9fdf-331d85329f57,2026-02-03T09:09:29.764684,-26.195419860601163,28.03729215338403
b5b30f7e-fde3-4879-af5b-dce3e64ae1ef,2026-02-03T09:09:30.764684,-26.202394726986306,28.041519449669128
06ff35eb-33e0-4d0c-905a-2a0cdbe465a9,2026-02-03T09:09:31.764684,-26.197848090424653,28.04483215839098
1b61d99b-6731-47bd-ad5f-6987216853b2,2026-02-03T09:09:32.764684,-26.221478824065958,28.031381266616904
49f647eb-162a-4baa-8690-525a442b7136,2026-02-03T09:09:33.764684,-26.210106536468366,28.050125123539477
cc147834-ab27-419b-aabe-973ba83abe20,2026-02-03T09:09:34.764684,-26.21748085346635,28.06716907143388
51c53334-e35f-4ecf-9ed4-03e4656b554b,2026-02-03T09:09:35.764684,-26.20008525628977,28.029308434891668
ff993423-769d-48c2-ae2d-b9a51c08823c,2026-02-03T09:09:36.764684,-26.223048232118035,28.056862716005742
8e304c4e-5547-4b65-a8ca-f6f1ae8262db,2026-02-03T09:09:37.764684,-26.214046164804405,28.03103020026877
76e3a659-7958-4a4c-bdad-eb8648b3faf2,2026-02-03T09:09:38.764684,-26.20266079887163,28.031251674098826
c0c7ed37-1ceb-47f1-baa3-8f3419d0307d,2026-02-03T09:09:39.764684,-26.196003665310833,28.041109123108786
bdec5a69-244d-4a1a-b2b1-685bdd18b32d,2026-02-03T09:09:40.764684,-26.196110778244133,28.042579299556447
b4c078f3-9e0d-4826-aaa0-af2191ff5e67,2026-02-03T09:09:41.764684,-26.186438902793686,28.048815496682163
bc1c08e2-e861-47c2-9056-47b1bec93088,2026-02-03T09:09:42.764684,-26.2138166800527,28.03416600919032
90ee14c9-d48f-4a82-afc5-5135d73fd29e,2026-02-03T09:09:43.764684,-26.208167965962065,28.031835809787474
b5a94bc8-aba9-42a1-811b-b0bdb59d03f4,2026-02-03T09:09:44.764684,-26.19025386716366,28.03466488504641
6cea4e8e-5788-4edc-99ce-811b45a210ed,2026-02-03T09:09:45.764684,-26.218215261411757,28.066734023815982
433167ed-c02b-4a41-923a-2feaad54a4aa,2026-02-03T09:09:46.764684,-26.195367980298858,28.06418146929423
ae77f44c-505c-4f87-9e24-5399ee689ea4,2026-02-03T09:09:47.764684,-26.218584029097258,28.065756084554756
8e9a19a4-6972-4c37-95f9-728739a84d2e,2026-02-03T09:09:48.764684,-26.20540062095528,28.028509970195667
3d4ee329-8b79-4cc5-a1ce-2df22deb2f46,2026-02-03T09:09:49.764684,-26.210407286588943,28.055663506327367
2e9a10cc-1fbf-4938-8a42-c37658f4c61c,2026-02-03T09:09:50.764684,-26.2000053819975,28.045055884772673
7b3007bf-cce3-4fb4-8c71-4e7aa3fba459,2026-02-03T09:09:51.764684,-26.20611343638712,28.03839002334295
f17dcf28-9d64-481a-8404-c5218ce37601,2026-02-03T09:09:52.764684,-26.204062759976683,28.053696001369016
150f2a60-2d8b-43ac-b09d-d5718ff848da,2026-02-03T09:09:53.764684,-26.21369498198228,28.055014917898685
d7b5f25e-51c8-46f9-8a58-7a1402ff8e34,2026-02-03T09:09:54.764684,-26.209219628972427,28.044247233068802
03517874-a8e4-4d31-8344-f3f893e46d87,2026-02-03T09:09:55.764684,-26.188474452082758,28.034997660261286
0ddf99af-877e-49d2-abc4-559a8894cc6d,2026-02-03T09:09:56.764684,-26.19009282421487,28.04830095779093
d20e910d-9864-4e8d-8308-7750b5828701,2026-02-03T09:09:57.764684,-26.223945468523794,28.04032482660544
44ef1d91-c5a1-4096-9e2d-ab04420fd1e3,2026-02-03T09:09:58.764684,-26.1845943904388,28.06333066045559
14a808b0-aa37-44ff-b0b7-6cbc488b05a3,2026-02-03T09:09:59.764684,-26.192197976834613,28.045980598735902
4289a050-4dbe-4cd3-8738-b22740328506,2026-02-03T09:10:00.764684,-26.18830362016816,28.05054669882683
a4cbc035-b7af-4475-bba1-b7fb5dd740b9,2026-02-03T09:10:01.764684,-26.185343232493352,28.04183325791981
76762d66-e7d6-46b8-964c-d70afaf40ad1,2026-02-03T09:10:02.764684,-26.19473035996902,28.038793428040474
d8c48245-7aa6-4dbb-aa95-0a096ba87009,2026-02-03T09:10:03.764684,-26.214776812919084,28.057034513079312
b72076e7-a022-4e99-99ba-7a0acd7f4b55,2026-02-03T09:10:04.764684,-26.206156998939683,28.02739390064792
e5236578-692f-4dbe-984c-00cf261ba17d,2026-02-03T09:10:05.764684,-26.187833078809216,28.031368152440688
d4c26d15-c90e-48ab-9211-adefb445cd25,2026-02-03T09:10:06.764684,-26.187406483760242,28.051731333694175
71fdaf1f-9856-47b0-94fd-24592eb0bce2,2026-02-03T09:10:07.764684,-26.22025873273969,28.040793248355737
ea48a0d5-49d6-4e33-90c2-436e87aebe32,2026-02-03T09:10:08.764684,-26.192051804644727,28.03404050988464
b1a59912-f37f-4d16-be11-f96f9cd9c68b,2026-02-03T09:10:09.764684,-26.196485891494355,28.062759300119183
814df031-0590-41c5-b6f1-82a77dccb77a,2026-02-03T09:10:10.764684,-26.185899708352345,28.066930556738974
4278f4f9-e874-4df2-b7b6-ce6af71d4c73,2026-02-03T09:10:11.764684,-26.20393149281567,28.03245768491105
7fb8d33a-3f3c-44e5-8c69-df49a6081dea,2026-02-03T09:10:12.764684,-26.22380466479225,28.05075588309223
c9d928a3-8216-4c5c-8b71-9af0eed7f7c1,2026-02-03T09:10:13.764684,-26.195947506868283,28.030589267981807
6fc3aa1e-51fb-451c-9e58-838718fcca7c,2026-02-03T09:10:14.764684,-26.190626723004033,28.04058209131134
7d9f08bf-679f-4c35-9524-24bfb8a42f6d,2026-02-03T09:10:15.764684,-26.21204020198729,28.03707533127234
9f2e7aaf-849d-4285-bb9d-ebe2459cc5bd,2026-02-03T09:10:16.764684,-26.190390803578524,28.043255408507026
f512865a-e26c-457e-85fe-2c6a8234d6c4,2026-02-03T09:10:17.764684,-26.202343189625203,28.038832865975973
de3f7492-f8ae-42bc-a761-5d30685046a3,2026-02-03T09:10:18.764684,-26.198190091890364,28.064313974089323
99dd84ee-c3d5-4a17-b045-fc0f9cfc6765,2026-02-03T09:10:19.764684,-26.187627229763674,28.051855794048393
990f2e29-8922-49ee-ab99-6524532cfa2b,2026-02-03T09:10:20.764684,-26.208710904106784,28.058260111259496
e68d6faa-d823-41b7-87d8-c96dc961b6fe,2026-02-03T09:10:21.764684,-26.211059156119322,28.056976548744327
51616d10-2a48-47bb-85f1-56cce23f739c,2026-02-03T09:10:22.764684,-26.186182518947767,28.029903591961244
2cefb222-10e1-4d98-8b2d-8fc2b618a22e,2026-02-03T09:10:23.764684,-26.20578937917836,28.065329392954766
8fdf3d41-7aca-4605-acfb-5829a1d86977,2026-02-03T09:10:24.764684,-26.20316793801112,28.044109120998773
f5e8712d-791c-4343-bf89-bb569a452298,2026-02-03T09:10:25.764684,-26.20204849496932,28.06478823388938
ee98c132-e48f-46cf-b58a-d5d196f288a3,2026-02-03T09:10:26.764684,-26.21763684182918,28.061863525829438
a7328ec6-2abe-4261-b38b-064f5c42af49,2026-02-03T09:10:27.764684,-26.202171182603887,28.05212708627454
c1b231f6-6e95-4be9-8b60-0418fafa2fae,2026-02-03T09:10:28.764684,-26.21389198735656,28.051292222991194
a3d588a8-7a08-493f-ac84-e8b2e527899f,2026-02-03T09:10:29.764684,-26.18679099522647,28.055039108792357
3b6b0ffd-df5c-4c08-80de-d1a9f6fab5d0,2026-02-03T09:10:30.764684,-26.21321330774033,28.051920298921438
1220d689-52ed-4414-a5f3-37597d4d6d5d,2026-02-03T09:10:31.764684,-26.190175683960987,28.064600284345683
5d27a9bd-7bbd-4371-b0a5-7dbd90c4acfe,2026-02-03T09:10:32.764684,-26.220856809514263,28.057538221548825
8d719f48-cb7f-4754-b040-03597764e846,2026-02-03T09:10:33.764684,-26.21769224221138,28.058612391861857
cdbb3a07-4b19-4d47-8cc3-a9adc6f20a2d,2026-02-03T09:10:34.764684,-26.21092111813088,28.050403244053886
7dfa06c7-c50e-45e5-b14e-596fbc4a1233,2026-02-03T09:10:35.764684,-26.19138593666189,28.053684599819075
5e7aa6aa-90e6-44b1-96df-284573f98e89,2026-02-03T09:10:36.764684,-26.199345408597836,28.043835231167332
eaec1b09-d2ae-4ae5-838c-a9547c6b0506,2026-02-03T09:10:37.764684,-26.1876892847995,28.04897651947539
bdf6e09a-39ad-4653-9c33-f5d92276b10d,2026-02-03T09:10:38.764684,-26.217466709294634,28.044117240026793
02464dff-9a81-4dc0-827b-ac7f8d7c4b4b,2026-02-03T09:10:39.764684,-26.18436168780289,28.034450815266915
ee1992c5-d704-4fc0-b8a6-d8d0d701ac46,2026-02-03T09:10:40.764684,-26.19641326446375,28.04645958375945
cb23ce4c-1e00-4952-97d4-f29e1f3e5c63,2026-02-03T09:10:41.764684,-26.216584936879993,28.038631092373876
741b24c8-521b-418f-bba8-62aa8f202c91,2026-02-03T09:10:42.764684,-26.210268074025706,28.036182599614495
ca4acb02-2636-4f0d-a390-3ff71e71ac2f,2026-02-03T09:10:43.764684,-26.217892019571718,28.03014710303612
4f369ceb-6952-4e32-92e8-3d3ba4852292,2026-02-03T09:10:44.764684,-26.219658387940722,28.052778561578414
e9fde36f-b50a-459f-86e8-03498c784973,2026-02-03T09:10:45.764684,-26.220677026302194,28.039122813939674
2a70c612-bd3b-4944-8d08-6236d86d9b89,2026-02-03T09:10:46.764684,-26.2207917174471,28.03072570155436
8583591f-7a58-4d65-af73-f7087b8344fb,2026-02-03T09:10:47.764684,-26.215200121387742,28.045695078011626
5fbf068c-2173-42ae-9472-8c42bcbb9600,2026-02-03T09:10:48.764684,-26.198887831032415,28.037938465270805
0c32577a-7264-4164-af38-871d6a9c6356,2026-02-03T09:10:49.764684,-26.220283755049735,28.056195284822483
11dd2127-0525-4aad-a258-e8428958b10c,2026-02-03T09:10:50.764684,-26.210510180064237,28.067218429052804
2d3b0e4e-66a0-4d51-8aa0-46f0883de006,2026-02-03T09:10:51.764684,-26.210133541108007,28.03026192568325
2ac304c4-7b5a-4702-a3c4-6e3c23476d53,2026-02-03T09:10:52.764684,-26.218465564446355,28.063142200077742
2022edba-29b2-4045-b2ad-8037da62fd60,2026-02-03T09:10:53.764684,-26.184661616120266,28.052234412538212
e31509c0-e3ad-458c-932f-6b87ba957fa1,2026-02-03T09:10:54.764684,-26.20999412741887,28.038185502326275
537ba33a-7444-4080-a2fb-cdb6115309dc,2026-02-03T09:10:55.764684,-26.21915996556198,28.027974686855917
ae72fb2b-829d-46df-a3e3-5d0bd93b6c5d,2026-02-03T09:10:56.764684,-26.211745791705873,28.059736272932092
ca5b824d-7261-4754-8e66-f8b24758ba91,2026-02-03T09:10:57.764684,-26.20995552848525,28.040902568215092
1a6cf462-0503-4c75-9c8f-7e326337e864,2026-02-03T09:10:58.764684,-26.217080856822744,28.057850709088918
dc8508be-23c5-4f1e-bbad-0dfc55916478,2026-02-03T09:10:59.764684,-26.193334323012945,28.046497586732965
d2288983-e0c6-4f50-a793-176abdd3762a,2026-02-03T09:11:00.764684,-26.207779866011716,28.038303173579457
d2d6e49d-71fd-4afd-ad19-8873cd01e8aa,2026-02-03T09:11:01.764684,-26.185957178831742,28.038759299049914
b58dbbe6-27c8-4537-b912-5e664ef66813,2026-02-03T09:11:02.764684,-26.209854708857137,28.051231557584302
4d716f45-b215-4e1c-8cfb-584c66353f1a,2026-02-03T09:11:03.764684,-26.2212008831529,28.059123020718232
2f232a9f-0917-400c-b625-b195fa645222,2026-02-03T09:11:04.764684,-26.20359031316893,28.048704147844038
dfa757ea-c218-42f2-9c9c-a3f4e816a09b,2026-02-03T09:11:05.764684,-26.21905862957313,28.06327636401605
77bad60b-041b-4f4e-a4ca-2556e5dc1681,2026-02-03T09:11:06.764684,-26.20984745236581,28.031209022692444
66530852-4adf-46c9-8b13-52b6483298d3,2026-02-03T09:11:07.764684,-26.22047858754548,28.039295169021255
65d3a840-6dd6-43ca-b54e-0cb2d28d21a3,2026-02-03T09:11:08.764684,-26.197995784248295,28.048132587052244
e6dec4d5-d875-4e03-b000-21f2ffc05677,2026-02-03T09:11:09.764684,-26.195046490031626,28.06402303842102
8544424a-ed5a-495e-8de2-b8d46e1d3d0b,2026-02-03T09:11:10.764684,-26.186664178786966,28.051843058011936
0ecb0acb-9b84-4c3e-a841-2710de311df8,2026-02-03T09:11:11.764684,-26.206719981554947,28.037589722704023
4c616896-6b61-4408-968a-ad5115985645,2026-02-03T09:11:12.764684,-26.20309445205577,28.056961039536375
2ea45547-ec48-4cc1-9ebf-29bf0df8d7f5,2026-02-03T09:11:13.764684,-26.197104997438213,28.061372178285303
4831c0d2-6d87-4b95-8634-0ce1652d3437,2026-02-03T09:11:14.764684,-26.215601178386486,28.04232929372462
1d74f599-45c4-4a8b-b129-3e1f8fdfcf87,2026-02-03T09:11:15.764684,-26.189365418347446,28.04478933625174
c05b4579-38b0-4c8d-bba3-b7a6f6e3c050,2026-02-03T09:11:16.764684,-26.20195040060588,28.057885392551952
f3972c53-bb35-4d49-9138-221ffdb4d51d,2026-02-03T09:11:17.764684,-26.198408729618453,28.038491314206162
83f1a083-379f-48a5-abea-66febfd0b335,2026-02-03T09:11:18.764684,-26.205171188515212,28.06609430672175
bc22da34-76a1-4150-90d7-a2e9e7ce7dbb,2026-02-03T09:11:19.764684,-26.212737794369026,28.055532062350828
5c7c64d1-93bf-46dd-8835-5a6a3bbcebe2,2026-02-03T09:11:20.764684,-26.19805733791464,28.030507466667924
de54c3f7-8163-44a8-8dd7-19be71ece9bd,2026-02-03T09:11:21.764684,-26.201818163255524,28.05041799743099
9d118488-ed84-459a-8919-7a13d9b289fc,2026-02-03T09:11:22.764684,-26.210856287839185,28.032292822319505
29bb748f-0a50-4aec-921c-8dfbf5142b4c,2026-02-03T09:11:23.764684,-26.21667143084312,28.02935826935319
4c6dab40-dff5-4569-bc47-a71450d33e4a,2026-02-03T09:11:24.764684,-26.20278343012757,28.057643228195854
0d7f009d-ec90-433f-ba66-35295d3883c6,2026-02-03T09:11:25.764684,-26.199552963357466,28.04514985135195
fff5c555-2466-4803-a286-351560875915,2026-02-03T09:11:26.764684,-26.22001891060653,28.030944773193387
79373034-41fe-4a00-8c75-ca3498584cd4,2026-02-03T09:11:27.764684,-26.184518348674064,28.04186593279351
e3d5bedf-c332-4386-be92-2909c8229771,2026-02-03T09:11:28.764684,-26.204925292334032,28.05187689939196
920fb151-8628-44c9-97a0-f3e34b3427a2,2026-02-03T09:11:29.764684,-26.221175064544354,28.0488706084974
8bf3125b-2ac6-4d81-ad17-ce5130d7fc23,2026-02-03T09:11:30.764684,-26.2215623304509,28.046188596300833
728473b1-f1ff-4d95-97eb-624d046d65a8,2026-02-03T09:11:31.764684,-26.2226605040944,28.049975754223453
cbc72ccc-22da-4297-9bf8-a30a260825d3,2026-02-03T09:11:32.764684,-26.20970231065904,28.06435765568669
527fde7c-d21f-4584-a2f1-7f14483d3aa3,2026-02-03T09:11:33.764684,-26.21806346741172,28.04117478697704
0d664908-98a0-4d1a-91e8-7f872a5d804a,2026-02-03T09:11:34.764684,-26.208239673782426,28.028229367776348
98bfde15-4b4a-4e95-9675-6fc47bc52d35,2026-02-03T09:11:35.764684,-26.217722501930048,28.058696244551008
936ff115-c880-42bc-b0c8-a46918a00c65,2026-02-03T09:11:36.764684,-26.223494991112627,28.034298230788774
0263f388-77f8-42ac-ae53-4447ec04f1a0,2026-02-03T09:11:37.764684,-26.21108384300303,28.05949529856494
c31622bc-00cc-4940-a961-2b2e9f726895,2026-02-03T09:11:38.764684,-26.200967931515535,28.064680246874282
8bf869b6-fc15-4da8-aee7-50305aac0952,2026-02-03T09:11:39.764684,-26.199213638019554,28.030672985449517
1d711feb-9b2b-4796-aea8-6d7aa8d46f76,2026-02-03T09:11:40.764684,-26.208388286635273,28.040722408405863
fa247fbf-363a-46ca-bef6-d9cefaba7c31,2026-02-03T09:11:41.764684,-26.20365661666122,28.03259754742473
b34206bb-2968-428b-9e4b-f1766abc603a,2026-02-03T09:11:42.764684,-26.213635861108266,28.053040781962714
fab2639c-f93c-4fae-a486-760630f20ee1,2026-02-03T09:11:43.764684,-26.20950729231556,28.05698382272042
e43350ad-be7a-4636-87d6-de2b7872b5e2,2026-02-03T09:11:44.764684,-26.18497994126158,28.03822745499082
308c7a55-c8b8-47e5-a590-3ea75896ee8f,2026-02-03T09:11:45.764684,-26.210964315348743,28.03044036251901
3e923f63-85c8-4a40-88f1-1ee19ec3399a,2026-02-03T09:11:46.764684,-26.21788270541854,28.052020853337904
93947efb-dcff-4070-ac7c-415ab3a39033,2026-02-03T09:11:47.764684,-26.215945989948032,28.065160084355366
a2466b64-671f-423d-a80b-b0b9b59b096e,2026-02-03T09:11:48.764684,-26.196878349404734,28.054018757536607
c5e311cf-507d-41e3-904a-53c3651bfcf5,2026-02-03T09:11:49.764684,-26.210034450505567,28.054787928851106
ac6d214d-e275-4b36-98c9-fb0340674126,2026-02-03T09:11:50.764684,-26.215732893630808,28.049373996330512
5e038fa1-1cf2-40f6-b536-ec9265a3c3df,2026-02-03T09:11:51.764684,-26.200048477464357,28.04756010559228
7ad184df-82d5-4bc2-b13f-febccfb23eac,2026-02-03T09:11:52.764684,-26.19923052354253,28.061271766214094
931b8948-b4e9-4938-a300-a4900b307a0b,2026-02-03T09:11:53.764684,-26.208746193067757,28.06593884651369
3899f48f-babe-4b35-ad1a-9c1fbc4bff22,2026-02-03T09:11:54.764684,-26.192633087165753,28.06249748280644
6cbc48ea-d2ac-4d6c-a4eb-7e9a9c312b4d,2026-02-03T09:11:55.764684,-26.205509921268572,28.05690910589683
d9610a3d-fb04-40fd-9232-959da5ad873b,2026-02-03T09:11:56.764684,-26.186232595422556,28.0636297393793
9f7b2039-3378-4405-8740-83ae492df277,2026-02-03T09:11:57.764684,-26.21973487403507,28.06520319299702
40842ef4-60b0-4b10-a784-234244e842bf,2026-02-03T09:11:58.764684,-26.194985611628116,28.065135638973548
2e7b6f5e-65f6-4e49-9802-9cb77cbeb3de,2026-02-03T09:11:59.764684,-26.19383495724089,28.055493201680857
e4e70e50-2274-47c7-a48d-872f9dced1c3,2026-02-03T09:12:00.764684,-26.19287942738212,28.028557756029507
ca9f1134-c291-4694-806a-6dab9aa5802b,2026-02-03T09:12:01.764684,-26.186656346830528,28.052818725477458
5ab3b0f2-7951-4777-bb28-a31d4fbc05d7,2026-02-03T09:12:02.764684,-26.207853159061354,28.02990380549238
9b430b62-4094-442f-86b2-ce1f1f542e84,2026-02-03T09:12:03.764684,-26.20461072803536,28.032906693154967
be2409ae-4bd1-4c14-b80d-f9d09c1e87ef,2026-02-03T09:12:04.764684,-26.20468200599978,28.040472502077467
cbfc3d7b-c5ba-4887-b62f-fef63c904ce3,2026-02-03T09:12:05.764684,-26.214493188702676,28.04986461724443
72fe0609-a083-49c8-9ecc-239fd02813f4,2026-02-03T09:12:06.764684,-26.220635307765413,28.065069509961
483b26fb-7854-41c4-a170-d72efe063058,2026-02-03T09:12:07.764684,-26.20540731443264,28.06338510431933
1fc1d92e-d104-4ed7-89d5-14a377792a3b,2026-02-03T09:12:08.764684,-26.188596381281872,28.053729314607654
fba2c9de-89d8-4650-b723-39b296cd7709,2026-02-03T09:12:09.764684,-26.2108883364977,28.057972462435533
45e53eb4-9bc3-4f9f-a395-ef1aac3c88c4,2026-02-03T09:12:10.764684,-26.18967015021241,28.039503978040667
8ca64acc-ae31-4d18-8df9-82c685c9aaf3,2026-02-03T09:12:11.764684,-26.193070933408663,28.060462926345245
a372742c-f7d3-41d9-9c13-5dc5eafa096b,2026-02-03T09:12:12.764684,-26.188177412392704,28.066380315465626
e9fe248d-57ac-438e-b31a-3a697d4b98cf,2026-02-03T09:12:13.764684,-26.186344830292107,28.06167819038749
319ebaf1-f0a0-46e0-8da9-1a1dfe181143,2026-02-03T09:12:14.764684,-26.21765536824685,28.053862443599247
b55be5e0-d01a-4694-98d3-2916d3203de1,2026-02-03T09:12:15.764684,-26.217205803406745,28.056993689556883
d48d1f4f-3951-4485-aaa5-2a0cffa99ecd,2026-02-03T09:12:16.764684,-26.21955781223879,28.03385778449233
322c3e9b-76aa-4e0a-9c17-e19ca909a327,2026-02-03T09:12:17.764684,-26.18528030134124,28.06079557195477
7bac5981-b766-4a9b-bc80-f0326318ee46,2026-02-03T09:12:18.764684,-26.207598266640158,28.034455406017468
31847f22-1836-4fff-a0fe-5957d9add1bf,2026-02-03T09:12:19.764684,-26.201122188440486,28.0664888367654
75eb331c-aae2-4349-9ce7-dc188552da0e,2026-02-03T09:12:20.764684,-26.195970721645498,28.063585747668405
e9dab085-abf7-4779-b834-fb6cf60ea816,2026-02-03T09:12:21.764684,-26.20593040044339,28.03522141316847
e840f5fe-2d74-4747-94a2-bb4243946064,2026-02-03T09:12:22.764684,-26.201912451116492,28.061683227399374
be26f0cc-87ad-4c04-8b2a-e52accfba269,2026-02-03T09:12:23.764684,-26.2138105284302,28.0395360083478
3d5764ac-48e4-4ac2-b346-b6c395cb6d7c,2026-02-03T09:12:24.764684,-26.18732773778543,28.05572902706942
d3f728e4-bdbd-4770-a6a6-e02324717a24,2026-02-03T09:12:25.764684,-26.219428791119913,28.029551042147673
992c26f8-cef2-4e38-99ea-79ad72c2549f,2026-02-03T09:12:26.764684,-26.199876126699095,28.037019062956837
5d04a562-1423-4c50-a58c-bc74c7e4ac63,2026-02-03T09:12:27.764684,-26.208123509480814,28.060184247738732
da4d3566-4ab1-4351-80b3-bd1a6d1a4a1b,2026-02-03T09:12:28.764684,-26.210142530763758,28.065000933506163
0a6976b7-8230-40fa-8e11-96be4366076e,2026-02-03T09:12:29.764684,-26.218356704533157,28.053414013740536
729ede31-d0ac-4f88-be34-93ce5193ebaa,2026-02-03T09:12:30.764684,-26.222477378171295,28.05779724597342
7e7f5e38-41e2-4747-8e1b-ad9dfc2910e8,2026-02-03T09:12:31.764684,-26.21513625162871,28.065949703942408
8074b732-c409-4c1c-8207-0fa73b43ebe2,2026-02-03T09:12:32.764684,-26.218509392321536,28.047552958984497
d914f85a-dd88-4e2e-8c55-7b9bbdc04f3a,2026-02-03T09:12:33.764684,-26.18617061482166,28.06700124490464
a439e2d5-915f-4e61-a64c-b4ca7adcb5b3,2026-02-03T09:12:34.764684,-26.209947325928493,28.032121290227433
d242eaa4-efb5-43c9-9221-d75c0a537a7a,2026-02-03T09:12:35.764684,-26.19398130097009,28.033101453337302
c29698d9-15a8-4cb0-897f-3bd65880a37c,2026-02-03T09:12:36.764684,-26.221672452356707,28.06528778843905
bee266e4-9ea5-403a-b68d-6f16cb1a852a,2026-02-03T09:12:37.764684,-26.21322844427465,28.064324891924144
2a43b98d-27e0-4830-b455-d999af96c709,2026-02-03T09:12:38.764684,-26.208901763078917,28.04559677573668
a54fd011-4d71-4c49-a0ac-f2d57846b2d8,2026-02-03T09:12:39.764684,-26.19710075166031,28.06181882877923
ace5dbb1-be2a-46a9-b94b-7f271624aeb7,2026-02-03T09:12:40.764684,-26.214919115701317,28.052084701718236
de27faad-0950-448b-8ef3-9cd74fc96989,2026-02-03T09:12:41.764684,-26.190433136831277,28.0468541225067
beedd0e5-2276-41f4-8bb8-84bce234a4d2,2026-02-03T09:12:42.764684,-26.203517562324496,28.045381470316375
9ef78d2f-d352-4e41-b8e7-671a23e1df34,2026-02-03T09:12:43.764684,-26.200938901515183,28.059844247124555
4a4e732a-f1c7-4913-903d-9dd13fc9a7d8,2026-02-03T09:12:44.764684,-26.21945508202488,28.04486453289609
8ba93cad-9855-44db-9bb2-409797128dfd,2026-02-03T09:12:45.764684,-26.19224595673907,28.061519919892906
da1b9810-fc62-4fe6-bd2d-5bc8c53f14fb,2026-02-03T09:12:46.764684,-26.214146151267535,28.03614920795539
119925a5-a34a-4f39-ac6b-3bef051e11d5,2026-02-03T09:12:47.764684,-26.218555686965686,28.060428388803818
eb462420-e744-474b-a04f-d27cf88e6c77,2026-02-03T09:12:48.764684,-26.18708755607937,28.045267355094143
edabed25-0e46-49f7-80fb-5456519376ce,2026-02-03T09:12:49.764684,-26.204748635233504,28.039866048864003
1f41804a-ea7c-47b9-9989-3850ea7ff84f,2026-02-03T09:12:50.764684,-26.21134998274356,28.040061353948918
bdfd444b-19d3-4ade-aada-38637b32b592,2026-02-03T09:12:51.764684,-26.184656589376928,28.05412583043633
1d6c994f-29b9-4920-bd0b-dc5140a6d204,2026-02-03T09:12:52.764684,-26.190022833006633,28.054835496277043
6eff5064-0572-495d-90b6-a718a0c4c8c8,2026-02-03T09:12:53.764684,-26.22347650512055,28.0360253600483
4394a003-4ee8-45ea-84d0-71a473d41614,2026-02-03T09:12:54.764684,-26.18426739463622,28.06594906756024
8ab3b163-0050-4158-b24f-9481ee1b1db0,2026-02-03T09:12:55.764684,-26.197590762035524,28.04690784889238
05b9f769-ee54-4058-9f4c-98f9dba2506c,2026-02-03T09:12:56.764684,-26.197373299659336,28.058134168696103
6cbe0524-9fbe-4426-ac21-673fe46d52a4,2026-02-03T09:12:57.764684,-26.190999687144853,28.06561498420477
7d948e83-c454-4323-9fd4-3f973beca7f8,2026-02-03T09:12:58.764684,-26.221410610841858,28.054274576765987
ee8df87c-e896-45d2-aa6b-303a617a3c79,2026-02-03T09:12:59.764684,-26.218058300971148,28.058968221924417
8a589961-0eae-444a-b374-355f5255ba44,2026-02-03T09:13:00.764684,-26.211920566288324,28.066880605963572
9ed9ab15-6845-4446-80f9-d88896c515b9,2026-02-03T09:13:01.764684,-26.19736344316036,28.04375792540105
bb90d055-61e9-4361-aa79-ac624a741303,2026-02-03T09:13:02.764684,-26.21597130938194,28.03085760240802
cac5969e-fd12-4840-8797-0beee3078575,2026-02-03T09:13:03.764684,-26.18616269489312,28.033063276806796
8f1248b9-d5ca-4e9c-9eb5-1916fdc6cf0e,2026-02-03T09:13:04.764684,-26.2204556429919,28.045363626781626
305d2fee-d073-43bd-a71b-6a6104eb6f58,2026-02-03T09:13:05.764684,-26.208496799668303,28.046368279346126
a96bbc7f-016f-4ec3-bd81-a8c0c7bcd0e9,2026-02-03T09:13:06.764684,-26.216379031409904,28.032020793844755
5678c59c-c169-40cc-85e8-36e1e6e34bf8,2026-02-03T09:13:07.764684,-26.197831068058854,28.053736236470392
dadf2354-a1fa-4171-aedd-1f3507fa5faf,2026-02-03T09:13:08.764684,-26.21955408083772,28.045770666728938
cc6b831b-8e1f-4565-8f19-a5ba776cae36,2026-02-03T09:13:09.764684,-26.185445423109705,28.058208780860383
b816a7c7-27b9-4f79-8f9e-d4c437cd85f5,2026-02-03T09:13:10.764684,-26.191204537073506,28.036652116821532
2caadf5f-de21-42dd-bfe0-fe00df3f0900,2026-02-03T09:13:11.764684,-26.215492725649998,28.047819654876516
2e21cbc1-d593-4efd-b621-0d29d995f717,2026-02-03T09:13:12.764684,-26.19710273833059,28.036565841810486
d7f84231-9242-4b3a-8417-005470d2ad39,2026-02-03T09:13:13.764684,-26.190243285628178,28.06443883562261
645b7dc7-cef2-43d3-bd41-209eb17b834c,2026-02-03T09:13:14.764684,-26.2102932006023,28.04214665190453
35f43d69-5e3d-4573-8b6c-390d502b70fd,2026-02-03T09:13:15.764684,-26.19730805290153,28.043648929925972
5ef624aa-75d3-4cca-9d1b-21417ce9900b,2026-02-03T09:13:16.764684,-26.21138038331085,28.03745733096404
486b8764-45e3-44ee-8aa1-1f78dc901625,2026-02-03T09:13:17.764684,-26.185112941434493,28.059721539026963
eb3ab903-fd4a-4bdc-9cb2-8c10d10c263a,2026-02-03T09:13:18.764684,-26.209405915968187,28.05792186743283
10744ef6-d86e-4006-a66b-64d16c4d8c7b,2026-02-03T09:13:19.764684,-26.206918381714786,28.043420210537867
2d82e525-5cca-4bc6-b136-3461c41274e4,2026-02-03T09:13:20.764684,-26.21985560484376,28.038201679262134
053dcf65-ee58-42b9-b2da-f790fd93eb59,2026-02-03T09:13:21.764684,-26.18570090584379,28.03928380817245
b76b8a26-b369-452d-a14d-8dd7cf41cfbf,2026-02-03T09:13:22.764684,-26.184407782627677,28.041240474507873
a37348dc-4d09-48a7-ab5e-33b2ae4a6bdf,2026-02-03T09:13:23.764684,-26.20371379339383,28.0651434417052
b4842d27-a905-4392-825b-638605d8c7db,2026-02-03T09:13:24.764684,-26.206230102706108,28.046136028087552
a4a7a60b-293c-4e25-9376-a6857fadae04,2026-02-03T09:13:25.764684,-26.20863464796182,28.06247642770789
40bb5023-4f09-4ab9-b030-43a0e6eabc5a,2026-02-03T09:13:26.764684,-26.217777590639198,28.046269229053042
bb977031-e44d-4254-b14d-1bc912928ae0,2026-02-03T09:13:27.764684,-26.190058352063357,28.065950157262407
3c47f3f2-2cd9-4ad1-857c-6f29800e93ca,2026-02-03T09:13:28.764684,-26.198642275838306,28.05308715482767
874203cb-3a17-4ff1-b175-31c005c99ab8,2026-02-03T09:13:29.764684,-26.184975129157337,28.058897399378743
14ab89f1-548b-44dd-94bf-068940b0e1b6,2026-02-03T09:13:30.764684,-26.184747823942402,28.036711747258472
9b24a916-adb7-46b8-8b4d-e5fecafccddb,2026-02-03T09:13:31.764684,-26.213079313160666,28.04482451269975
e5413a2f-788d-45d7-a76e-9f0ca03e4150,2026-02-03T09:13:32.764684,-26.186371823085253,28.0529028744403
6f58b348-b8e2-4780-aa44-41e7eabe561d,2026-02-03T09:13:33.764684,-26.21481920792217,28.05684012463131
9084f2b8-8ad5-494a-9050-df143cc3beb6,2026-02-03T09:13:34.764684,-26.21854910386565,28.029001612586484
eff7a378-d54e-4118-b4a4-f453581727c7,2026-02-03T09:13:35.764684,-26.196824765849957,28.040025725355957
adb4596b-b729-4667-b396-c3504415597b,2026-02-03T09:13:36.764684,-26.188494208131047,28.063468451766134
ba4d6025-aa96-4525-b48b-5aff2330ca32,2026-02-03T09:13:37.764684,-26.20605505125884,28.034785735127137
e81b1b16-8d80-4bfc-81ea-0dfb95eec1ac,2026-02-03T09:13:38.764684,-26.197162439499728,28.03600482289476
9d47eb9c-70d1-4467-81a3-61f258b36c29,2026-02-03T09:13:39.764684,-26.21159057773736,28.050170977195744
d251a887-41fa-4ce5-8306-edf2c2631d45,2026-02-03T09:13:40.764684,-26.187940474926034,28.035977180493482
f0dd6865-b117-4cd9-9be1-0b8d3302a418,2026-02-03T09:13:41.764684,-26.18592692092248,28.048267519753086
98d05b4a-f1cf-430f-a6c7-499d52adda95,2026-02-03T09:13:42.764684,-26.18568948130576,28.04475442809664
33a787a8-6c2e-4ef4-b6a2-f1387cb70a0e,2026-02-03T09:13:43.764684,-26.196402033482407,28.06687745180021
7d66f1a4-cac8-4c6e-a928-23edc88438cb,2026-02-03T09:13:44.764684,-26.19854698597109,28.06250355190274
00118128-0b84-47f5-8f69-30488b288d25,2026-02-03T09:13:45.764684,-26.197169800884513,28.063566722309844
5c4dbd4b-4053-4bbe-860d-50f244c1114e,2026-02-03T09:13:46.764684,-26.218045879256877,28.031133717323407
6a13d9a5-62af-471b-947d-301e9a715f6b,2026-02-03T09:13:47.764684,-26.200989830618738,28.066435714660738
c3133d44-e3cb-4754-8d74-ab60ccea1ecb,2026-02-03T09:13:48.764684,-26.19480619083504,28.0647250606746
fe2d0965-9f68-4db9-bba5-a3c375e623bf,2026-02-03T09:13:49.764684,-26.203625640451502,28.03868376410483
e89e9a7e-bbb6-4ab4-a354-1963e1bf95f8,2026-02-03T09:13:50.764684,-26.21173337650822,28.060758248707113
c1d65938-a1ba-441a-b00b-9947ff918a2e,2026-02-03T09:13:51.764684,-26.22398637014709,28.061823514081535
591b4ac9-38aa-4ec5-99d4-2aa887ebe753,2026-02-03T09:13:52.764684,-26.210485225689638,28.062214673936403
2164d04e-924c-4023-ad34-0b27808260c3,2026-02-03T09:13:53.764684,-26.194401126496224,28.050438836437497
5881f947-82a6-4f97-959f-035c34466bfe,2026-02-03T09:13:54.764684,-26.222245192520077,28.036487138581876
eb3b04c1-b791-408f-bbbf-6f8d1debeafd,2026-02-03T09:13:55.764684,-26.195765157935142,28.065277070620713
365163f8-aefc-4a07-9d98-3c791662af66,2026-02-03T09:13:56.764684,-26.185208008926114,28.03380710544643
748c7b8a-8ebe-4c56-a8f6-a67c1a69e5c7,2026-02-03T09:13:57.764684,-26.194135090866308,28.06604138184697
a4db5dd5-61e2-4d42-90a5-1ed37cc8342c,2026-02-03T09:13:58.764684,-26.191024474710204,28.056438488382348
31e28c23-71b5-4fea-9967-2a0844487bf9,2026-02-03T09:13:59.764684,-26.192583602694555,28.048612231205738
dcacda1d-052c-45b9-a0de-31a9643ecfa7,2026-02-03T09:14:00.764684,-26.184674298806232,28.04299147043014
452d2ca5-febd-4152-acf2-920424d8223b,2026-02-03T09:14:01.764684,-26.223433373053545,28.05509855736363
28831ab9-f408-4d24-8c16-634fae155154,2026-02-03T09:14:02.764684,-26.19032008332426,28.040504541885102
8b1fc209-4752-476f-9ca2-ea71e35e409a,2026-02-03T09:14:03.764684,-26.20763744139769,28.044391326108794
2b6628cc-7df1-45cc-a14d-ab9482345f72,2026-02-03T09:14:04.764684,-26.20805526011704,28.031970566599302
07c72af2-09ea-44bc-9272-7ae9c5056b53,2026-02-03T09:14:05.764684,-26.198895320286375,28.04477716246753
532c65d3-1c29-4853-a2b5-83c5c4014117,2026-02-03T09:14:06.764684,-26.197091469014953,28.047364582841965
ac1926d1-d1e7-40f1-8f3f-f1f8a2f1bfdf,2026-02-03T09:14:07.764684,-26.18797684158392,28.032892857409173
2de6ec52-6bb8-44bb-9c14-ffd507e11c2d,2026-02-03T09:14:08.764684,-26.18768744511609,28.03656943055292
bdaebacf-b1df-4aaa-b759-5509af75c7ee,2026-02-03T09:14:09.764684,-26.21469619673832,28.054727875136937
8ca44fb0-e0cd-48d2-b5ba-4ac1af70ba88,2026-02-03T09:14:10.764684,-26.212909790161405,28.057697123719024
fffc7a2f-7b2c-4eb5-afa2-6b93a7e5208d,2026-02-03T09:14:11.764684,-26.20699330946244,28.028395212789324
91c61d88-79d8-4ca2-a4d4-8d0b9ae7e3af,2026-02-03T09:14:12.764684,-26.20476879086968,28.03249969382285
edaa8f44-bb65-4636-90be-8ecd9d2bef03,2026-02-03T09:14:13.764684,-26.21009595846872,28.033252747526767
b391af64-5e9b-4db0-8d8f-429a4ac0d00a,2026-02-03T09:14:14.764684,-26.218501326373204,28.033068367876332
79784101-fc0c-408d-891b-4e3d95dd175b,2026-02-03T09:14:15.764684,-26.21962870537404,28.027373465550586
39323c40-498b-429d-b4e1-00551b0c14ef,2026-02-03T09:14:16.764684,-26.21056403838577,28.0300991741074
72df15d6-e51d-412f-9518-205c07dc7538,2026-02-03T09:14:17.764684,-26.210030478795648,28.02753316389063
41aa737d-decf-4758-a61a-02c5c980ea2e,2026-02-03T09:14:18.764684,-26.2068755405648,28.028791142950595
59dfe63c-613e-481a-ac48-ce8c566f4f7b,2026-02-03T09:14:19.764684,-26.222563722581796,28.046389263494024
7fb64385-571a-44df-a7bf-052ae7da31e1,2026-02-03T09:14:20.764684,-26.216011454705342,28.06320889391831
b7831d2a-67c8-4d8d-86de-b99defa840df,2026-02-03T09:14:21.764684,-26.192367724194494,28.05695503012786
1fbbf19e-c807-42ef-b0cd-a85e4cc122d5,2026-02-03T09:14:22.764684,-26.185016802972797,28.043777623622315
01c8a13e-2343-41fc-abc1-9f5510f87d24,2026-02-03T09:14:23.764684,-26.217078731208296,28.037588343854118
a9e33370-ceef-43ef-b97b-a8ebbd72e693,2026-02-03T09:14:24.764684,-26.202985583825846,28.046161651237448
d978ef77-35e4-4697-86c7-51af047f7ab5,2026-02-03T09:14:25.764684,-26.214161851733028,28.04034501119259
d207eebc-b25e-4560-af1a-a909a4fbb5d6,2026-02-03T09:14:26.764684,-26.19242052464612,28.040092707659678
38322335-1f1f-41b2-8693-93326948c46d,2026-02-03T09:14:27.764684,-26.19514542129965,28.05043843280106
8f87d197-dbd0-4698-b0b8-b204f922f663,2026-02-03T09:14:28.764684,-26.194539000416235,28.030440823202028
5af8e6aa-7c48-4199-8ed1-81dbd32c81cc,2026-02-03T09:14:29.764684,-26.21520660031376,28.066753390937976
cf2097c8-c029-424c-9d25-984357f6a0a0,2026-02-03T09:14:30.764684,-26.1868326113188,28.03310611240231
b965b223-bb3c-49c4-88e4-3ef096ae73fc,2026-02-03T09:14:31.764684,-26.213698534774704,28.0599773904457
727014dd-a153-4916-a5b3-bd50aa571b9d,2026-02-03T09:14:32.764684,-26.21952988210857,28.02757122351398
9b426752-3417-46a8-964c-b587ed1e84c7,2026-02-03T09:14:33.764684,-26.213891920733232,28.059376529239856
49f836e5-3589-452e-97d5-4e4846827a09,2026-02-03T09:14:34.764684,-26.21310123619748,28.05850182063958
0ff7cc5e-cddd-4ef3-a4c8-f1279acece6b,2026-02-03T09:14:35.764684,-26.189324132345384,28.03183033184454
dbf00913-f950-4dcb-b27e-86c43cd2a0cb,2026-02-03T09:14:36.764684,-26.195079933221294,28.033480303288236
12b7fc9c-cc37-46cf-bde3-c754c7aa7ad0,2026-02-03T09:14:37.764684,-26.210500484619708,28.028220357895094
da7e6d03-7aff-42ab-8d9b-6dba76545fba,2026-02-03T09:14:38.764684,-26.19485977558979,28.055486026061345
1201abe2-943f-4efb-b949-14c2ed18fb0c,2026-02-03T09:14:39.764684,-26.20296859901567,28.06621177006691
98303f37-6af7-4436-9a19-c279f7387265,2026-02-03T09:14:40.764684,-26.21342441392112,28.064190263864752
f88ead70-5a0b-428d-964c-38f69c1f5dff,2026-02-03T09:14:41.764684,-26.186568839781614,28.032608837159344
77a558c1-9738-4054-9200-d69368855b0a,2026-02-03T09:14:42.764684,-26.213084596127914,28.06191102568705
c6c4c15d-42d6-4e1e-b2ab-270105e2d38f,2026-02-03T09:14:43.764684,-26.203829464170468,28.05498980738335
1cc9ae26-508b-46c0-940e-86c119c6bbd9,2026-02-03T09:14:44.764684,-26.19294142511152,28.03503608632223
003436eb-7a1d-4efe-9e9a-3f4f44ff699d,2026-02-03T09:14:45.764684,-26.20525103333776,28.030925504907344
ccf571ce-7f79-45e8-ad8c-87d1654beba3,2026-02-03T09:14:46.764684,-26.219339828927332,28.05228722007112
0ae1f450-c29e-40ab-9820-3de3e9ae610b,2026-02-03T09:14:47.764684,-26.2002519616744,28.02798333955496
45f192ef-6038-4d15-a7d2-bce147145690,2026-02-03T09:14:48.764684,-26.218778559824532,28.05921887522733
dd35ca8a-1d74-4cb2-b94e-26253e9e25e9,2026-02-03T09:14:49.764684,-26.194018366574944,28.05041538232745
de6f5173-195f-4634-af51-20937c90b358,2026-02-03T09:14:50.764684,-26.19671508055292,28.051595415599184
888279e1-a424-4b42-b6d0-10eeda8685a1,2026-02-03T09:14:51.764684,-26.193245242100065,28.041394997200968
b3b4c77d-f51c-4e71-838e-772880aff69f,2026-02-03T09:14:52.764684,-26.21164323067301,28.047205772760673
358b4d8b-36a1-424a-8bf3-071a820fc51c,2026-02-03T09:14:53.764684,-26.203403112260567,28.04054634781182
b82d7c7f-4421-41af-bcd7-0628492fcf45,2026-02-03T09:14:54.764684,-26.217828863115262,28.0303264670242
f7a20a46-d1fb-4758-a37a-54f53566e935,2026-02-03T09:14:55.764684,-26.221956820893805,28.035585821991315
ff9c7415-1a08-4a03-9bef-fec1c25eb7d4,2026-02-03T09:14:56.764684,-26.20369577567097,28.059815785548594
97c084be-de03-4bb8-903e-5c227b69da21,2026-02-03T09:14:57.764684,-26.202059707867292,28.04130147917396
7eb82cfc-79e8-44d4-9816-461772b7ea11,2026-02-03T09:14:58.764684,-26.21862477967684,28.060874625009912
273c4593-29c5-498f-9fe9-4ed20f8bb65a,2026-02-03T09:14:59.764684,-26.221362475806696,28.06221164818908
56359980-9912-43fe-93a1-86e37a13fb4f,2026-02-03T09:15:00.764684,-26.187348447031017,28.035097373052487
16ffa0d6-5959-468d-925b-0b1871b793c9,2026-02-03T09:15:01.764684,-26.21456026820158,28.02914840902699
bb0b448c-3302-42ed-aefa-80da152dbb54,2026-02-03T09:15:02.764684,-26.19872634168323,28.041911108544554
33d6676a-8a36-447f-b984-ee5a3f2e5a05,2026-02-03T09:15:03.764684,-26.201617321706006,28.048638471079695
aadaa99c-10f1-42a0-8b01-77050533b3c4,2026-02-03T09:15:04.764684,-26.203477289729832,28.042270111641404
cc6b6409-2984-4aa6-9df7-0c1fcac01eb0,2026-02-03T09:15:05.764684,-26.21065806197263,28.051007699508144
fd63bb22-9f80-4eab-abee-d64c44e177db,2026-02-03T09:15:06.764684,-26.20553830070583,28.066167135976425
e8e0ee12-a137-40e9-81a8-921f0b10551e,2026-02-03T09:15:07.764684,-26.211394083447697,28.048993707590114
66ef4cec-a864-4365-8a03-a171f8ce2e36,2026-02-03T09:15:08.764684,-26.204740627011898,28.066596568045092
f23af42e-e7ad-4215-91c3-5c932068f9a8,2026-02-03T09:15:09.764684,-26.210885160681094,28.039312880333423
f339338c-a233-4b5a-9bbf-82b324b4970d,2026-02-03T09:15:10.764684,-26.223482226602886,28.06245589437684
a5a40337-bf97-41db-ab8e-1f7da6270bc8,2026-02-03T09:15:11.764684,-26.215878230185602,28.038402847053796
892cbb4e-6179-4e97-a74b-410e8a5e0e93,2026-02-03T09:15:12.764684,-26.206864348750926,28.040884600062455
3bd44146-cad5-489f-bd04-55e99bdd2fc6,2026-02-03T09:15:13.764684,-26.19843218919443,28.05663270448283
02eb194e-4d9d-4264-a24f-737eb25ae35b,2026-02-03T09:15:14.764684,-26.204706901038808,28.06615183856978
7026b9b3-303a-4894-87b8-c4a0441cb827,2026-02-03T09:15:15.764684,-26.208303775504994,28.061631854294326
7ac20ad9-1b00-49b1-9cec-56258ae108b0,2026-02-03T09:15:16.764684,-26.20604445013058,28.042968997968657
e57f601f-09dd-4173-8d53-5000eaaa8d5f,2026-02-03T09:15:17.764684,-26.20667319964109,28.045684535668837
6eb68d48-e4cc-4021-b7f9-01015a5b1370,2026-02-03T09:15:18.764684,-26.188190522482746,28.027899400937578
e19f9e33-09b8-430f-a05d-f43b0dbfdec4,2026-02-03T09:15:19.764684,-26.205969530429613,28.03017162720754
4cfaa572-00c8-4bb8-8b93-e85c8ed8c3d6,2026-02-03T09:15:20.764684,-26.219439333791843,28.046465217630274
69851dbb-911a-4aa9-a796-69e3b77b05b2,2026-02-03T09:15:21.764684,-26.206143641151545,28.04189644775408
ddc7e921-dac0-48ed-876a-9d105a51212f,2026-02-03T09:15:22.764684,-26.20188435403549,28.033812649825318
8bede16f-3097-4070-b63b-877bbed75dfb,2026-02-03T09:15:23.764684,-26.223931931442408,28.036476505438166
19142702-9221-4913-8752-b4f17d2c5a1b,2026-02-03T09:15:24.764684,-26.185081123676415,28.03504647430698
16689d6c-b6e9-4bd5-a595-54ca740a4475,2026-02-03T09:15:25.764684,-26.212794178321932,28.033784860917144
11727171-37f2-4733-b7e7-281f1b57b675,2026-02-03T09:15:26.764684,-26.187414702862455,28.045515238898098
c3a852cf-9064-47e5-a7d6-7ef2bf2d9676,2026-02-03T09:15:27.764684,-26.193197461587,28.067233440179812
93f9efd1-95ab-43cf-8977-80f7e726192d,2026-02-03T09:15:28.764684,-26.2052608120223,28.03207071023823
079d2aac-f6a3-4128-9057-2a9447a93184,2026-02-03T09:15:29.764684,-26.187217415959907,28.042936977757215
54b88d32-dd1c-47d8-ac6e-4e580793d1c1,2026-02-03T09:15:30.764684,-26.223567826159073,28.06335881291158
42538396-b5fe-4ef1-a5c3-887be8f4015d,2026-02-03T09:15:31.764684,-26.19663871221952,28.053087628825402
108f0526-9012-4893-a004-bfbb1fbb4b07,2026-02-03T09:15:32.764684,-26.214423042959496,28.028394197483422
74a6da48-e651-4296-9dd5-5866cfccc1cc,2026-02-03T09:15:33.764684,-26.208585665620486,28.061073523281518
97624e04-2760-40d4-947a-751ffa8131ea,2026-02-03T09:15:34.764684,-26.202225492934144,28.03451490887487
19c38761-7acb-4e60-9576-b44f9b01e538,2026-02-03T09:15:35.764684,-26.196437518739806,28.05981181284702
cfcd8287-63ef-4025-9e76-edf1a9ef4927,2026-02-03T09:15:36.764684,-26.187453907523246,28.037216981637748
76ccaab4-7e0d-4402-a6ab-bfb14006b850,2026-02-03T09:15:37.764684,-26.198943094711527,28.038674472545427
d83a7e33-b5ad-40b1-8b84-a2529b354175,2026-02-03T09:15:38.764684,-26.20881685072877,28.046102102071316
93f4e64e-568d-4a24-832f-951d9410518c,2026-02-03T09:15:39.764684,-26.21114409157734,28.037427652966233
bf99efa6-61ba-4d89-8f9c-f14e21b91bd9,2026-02-03T09:15:40.764684,-26.199462872642183,28.05144470382389
48e56f59-847d-4e58-87fc-2a57a1119ce0,2026-02-03T09:15:41.764684,-26.19789119217839,28.052791685389604
301f04d8-9602-4295-a2d0-494a8ee84de9,2026-02-03T09:15:42.764684,-26.208734907650815,28.04511976079339
311fe7a6-3119-42f3-84df-3089dcf05ea5,2026-02-03T09:15:43.764684,-26.21448890424371,28.031445521568546
390b2eb9-a526-422d-a66a-d22b22325ed4,2026-02-03T09:15:44.764684,-26.21860966209652,28.0490294679955
d99c2eba-04ef-44c2-aeaa-f56437273568,2026-02-03T09:15:45.764684,-26.220422247247118,28.046555971476998
461fc63d-5210-4b68-83dc-d4b26008f2b9,2026-02-03T09:15:46.764684,-26.2034115993533,28.046887983317372
f9ccc1d4-ca4b-413a-a54b-8364d2a4a8d8,2026-02-03T09:15:47.764684,-26.21344635651067,28.064284542598084
93e08388-c1e8-45ae-b5d6-d8d40d894c1b,2026-02-03T09:15:48.764684,-26.20608427596989,28.042831847571378
701294dd-6014-47e9-ab07-a488687b7a82,2026-02-03T09:15:49.764684,-26.185810781281504,28.031105539187855
dc9775fb-b534-4bdb-a254-ec562c24c5ac,2026-02-03T09:15:50.764684,-26.207662351082718,28.063834492667507
5e97e575-51da-4841-9897-57e7152c6bd4,2026-02-03T09:15:51.764684,-26.221879879826314,28.05701470492518
10a5f794-8679-41bc-bf84-472f29043712,2026-02-03T09:15:52.764684,-26.2230104903161,28.0340612619957
c1c8fe04-670e-4cc6-a277-3d354c55ff7c,2026-02-03T09:15:53.764684,-26.20206657314116,28.05805002672054
d45426b7-6457-40eb-a4a0-04406215d72d,2026-02-03T09:15:54.764684,-26.197300356167858,28.02739258110654
e88e72e0-9472-4056-a612-20d2170b2396,2026-02-03T09:15:55.764684,-26.221977046905028,28.040277543008123
9de3002f-4535-40cb-9c62-5a2408b547b9,2026-02-03T09:15:56.764684,-26.210226358092317,28.060469390395422
c50a4909-6438-4405-8041-ff75e0c1276c,2026-02-03T09:15:57.764684,-26.208341039394796,28.054460050454736
4bb08c0c-46d0-4126-a431-f1ef526f8d10,2026-02-03T09:15:58.764684,-26.216675109536496,28.03607494055048
b492e591-f92f-4014-ba50-b105124a9191,2026-02-03T09:15:59.764684,-26.20016450409869,28.057128147352056
8de98bb5-3f37-44ea-b905-e6698015896c,2026-02-03T09:16:00.764684,-26.20912641530405,28.0337727193243
f73f26da-6046-4a61-ae92-4572a94cd6ce,2026-02-03T09:16:01.764684,-26.223573964214722,28.06542251942226
38db0089-fbe3-4abb-ae1c-50f8a72898cf,2026-02-03T09:16:02.764684,-26.188795164088805,28.046702622254013
a94ed540-7f7a-4d24-9abb-5582c51d7e2e,2026-02-03T09:16:03.764684,-26.206292805748657,28.063433823240125
8f528c4f-d009-44d5-b559-14814a6d43bc,2026-02-03T09:16:04.764684,-26.205375210425295,28.04004779275114
1b850002-2c9a-43e6-adc6-ddffee93d109,2026-02-03T09:16:05.764684,-26.186145797573825,28.06494016935488
3bb5a26b-a70b-4c62-bb80-cbe463dee186,2026-02-03T09:16:06.764684,-26.20051633230752,28.03034051477563
25636bc7-e579-4fc9-b69a-4e1bc8c3db7d,2026-02-03T09:16:07.764684,-26.199450153673304,28.056187929759876
f9dede4e-2c6c-441f-86a6-efc4e5aa5f7a,2026-02-03T09:16:08.764684,-26.21843284829473,28.051238896441202
81100147-ce77-4273-8e4c-2138524d46ea,2026-02-03T09:16:09.764684,-26.219002767277548,28.034730902649617
699824cd-7622-4ed8-985f-418c5942df5f,2026-02-03T09:16:10.764684,-26.20364521473138,28.066796415387063
087cd9e3-68e5-4667-9f2a-2ec283cf0a04,2026-02-03T09:16:11.764684,-26.213084182059387,28.040073079611954
72b1eab4-f114-452a-b3f6-4b0ede27759e,2026-02-03T09:16:12.764684,-26.222595350731314,28.039948662010577
a61550d9-6680-46d1-8d97-9b0d32f4942a,2026-02-03T09:16:13.764684,-26.210373825480218,28.03527337260833
8ba5c77f-a887-45ea-b95e-0d7c1573fd76,2026-02-03T09:16:14.764684,-26.19570418052353,28.046376625827566
f56b9c78-b112-41d5-96da-0cba2ef01295,2026-02-03T09:16:15.764684,-26.208637809129762,28.027960913867375
cf2a62ec-a490-4308-9333-5e9fbe95a544,2026-02-03T09:16:16.764684,-26.209943656262173,28.056730352584953
bb8415f5-5173-40b4-bfee-e80cbdf4872f,2026-02-03T09:16:17.764684,-26.21337733262999,28.053413299072783
38370863-937b-4473-9245-cd3dd72c89fb,2026-02-03T09:16:18.764684,-26.193604920917156,28.03633833998924
6543537c-5214-4834-9db2-1865a98dda7a,2026-02-03T09:16:19.764684,-26.205900670890212,28.042093433281682
33381553-2ffa-456b-a21b-35ad904929ff,2026-02-03T09:16:20.764684,-26.206887733384775,28.052716197541077
efd23fd5-4783-4ac2-a05e-4115bdd7668d,2026-02-03T09:16:21.764684,-26.18685433694047,28.04437928296266
dd33c968-a491-48cd-b773-dc3f40f38122,2026-02-03T09:16:22.764684,-26.190475241090788,28.027734531975256
ff09b650-b233-44fa-ab30-104bece57550,2026-02-03T09:16:23.764684,-26.192477502687275,28.029834249495334
bbab33ab-e683-4f23-b7ad-ba3ee6552b97,2026-02-03T09:16:24.764684,-26.19754747683763,28.058341264230236
1948fd54-be66-4941-8426-97fc5bad63be,2026-02-03T09:16:25.764684,-26.191514497227804,28.047287116254438
104b5593-90d8-46d9-9388-cb86795a720e,2026-02-03T09:16:26.764684,-26.19384041186839,28.063648614255285
fbc962f5-7d20-4373-9f09-0376bc98b83c,2026-02-03T09:16:27.764684,-26.221024748732756,28.043764073313863
075379aa-f4df-4662-84b2-3fcb088bfef9,2026-02-03T09:16:28.764684,-26.21960510587617,28.047900857326024
d3d4a838-0924-4ecf-a866-27473527dfdc,2026-02-03T09:16:29.764684,-26.213532768671556,28.03311509228774
4fdd7bb7-4e43-468b-a0a5-ceecf13370e2,2026-02-03T09:16:30.764684,-26.204658355728974,28.063241423011174
b50f5991-58a5-448d-a165-aad06b11c0cb,2026-02-03T09:16:31.764684,-26.195205450849773,28.041472397194013
c4ba65b5-5639-4b7b-a5cb-c6ae2030d17b,2026-02-03T09:16:32.764684,-26.21490423541235,28.031741944482413
eb3ad7b0-29dc-46f4-b3dc-93a665fb69a5,2026-02-03T09:16:33.764684,-26.20714685344155,28.035854039552614
1671cbcd-f08f-4901-b9df-d1c502554f24,2026-02-03T09:16:34.764684,-26.19469289045986,28.06653809402129
59f88b73-b76c-48ff-b0e2-3f7a11bbde8f,2026-02-03T09:16:35.764684,-26.20324685762324,28.051305955128708
a8d5643b-2347-456d-a74d-41be70107565,2026-02-03T09:16:36.764684,-26.205093471313592,28.02965181030958
f2d01220-338c-40c0-9950-92d21ea7440a,2026-02-03T09:16:37.764684,-26.19804152003351,28.062695344859865
58805abc-2040-4f10-bd66-c4af89348eec,2026-02-03T09:16:38.764684,-26.188449626318157,28.064754526891296
b9d33868-3122-4658-a8e4-b0cab2408e95,2026-02-03T09:16:39.764684,-26.19698370182025,28.057147892074475
7b54851e-8a80-4106-a672-8acf8c066ecd,2026-02-03T09:16:40.764684,-26.21963812934627,28.0655382089888
2c24127e-91d2-4244-a4f7-ced5a468eccb,2026-02-03T09:16:41.764684,-26.21033013122738,28.065917677111162
49b8c89d-153e-4d98-81c5-bc4d6c947815,2026-02-03T09:16:42.764684,-26.21220635485755,28.05753766378284
bf850f73-ef8e-40c9-893e-526cb9bfb94b,2026-02-03T09:16:43.764684,-26.192586773363818,28.061660921213402
61423aab-4e61-4aa9-ab71-49b26f6cd84d,2026-02-03T09:16:44.764684,-26.218307362350693,28.064110991134747
d94c6106-1f64-4edf-ab13-81b43451a20b,2026-02-03T09:16:45.764684,-26.20500027943483,28.06563188916554
feaf2ae4-b136-4ee0-a287-b54187881717,2026-02-03T09:16:46.764684,-26.206691098196064,28.034348540595808
2ac9d717-0c57-491a-a0f6-2da57b0646bd,2026-02-03T09:16:47.764684,-26.194058908404166,28.060596982599606
593c0ba0-9ecc-4bb5-be22-3555a1dbf91b,2026-02-03T09:16:48.764684,-26.216277928029886,28.055720645367725
bc84b2fc-de1a-4b2a-81da-ed182f82ed3f,2026-02-03T09:16:49.764684,-26.21374491375128,28.060111400662816
ed9bd405-4b76-4b79-a83b-81bc971b7003,2026-02-03T09:16:50.764684,-26.18459457531057,28.03631218378668
b0954e75-1aa5-47ce-8399-2014d0aba03f,2026-02-03T09:16:51.764684,-26.202213126073303,28.027544914966573
e5e4ebf7-1091-48ba-aef1-a154aae36c3a,2026-02-03T09:16:52.764684,-26.215712978546957,28.031221478535205
b0738c54-a802-4fd9-a64e-7e38ce19e54a,2026-02-03T09:16:53.764684,-26.213290716129784,28.064520728361458
d4117817-157a-4355-bdd6-a5abf2b33bcd,2026-02-03T09:16:54.764684,-26.185741430690413,28.063766194720905
aa4707f9-9459-4dba-aa59-5ce2da9a5f2f,2026-02-03T09:16:55.764684,-26.193541882691292,28.027839774416954
1efa5e5e-17fc-46b9-9d6c-cd1d196ac8a7,2026-02-03T09:16:56.764684,-26.21471938904501,28.035424607048718
86c6e941-6601-4f63-bdf3-df9479375ad9,2026-02-03T09:16:57.764684,-26.188666970975547,28.028914143286116
5791b8c4-d00f-425d-af50-ffee06aad58d,2026-02-03T09:16:58.764684,-26.212908664169966,28.037807284554788
5c985656-ea3f-4b0b-9789-c67dd164ae48,2026-02-03T09:16:59.764684,-26.2091648869174,28.055009938858905
741f9b70-ea89-42e3-9926-80673716002d,2026-02-03T09:17:00.764684,-26.196444058671734,28.044077597163092
b6113580-5e55-4a3a-84a9-d99006914a56,2026-02-03T09:17:01.764684,-26.210565843208563,28.050447513599803
40e85d93-12ab-4ece-8419-98aadfc3a5ca,2026-02-03T09:17:02.764684,-26.18640107164133,28.05419882897387
dc8288c6-da15-4a63-9c80-d36a42566b4d,2026-02-03T09:17:03.764684,-26.212991943113433,28.02776822650337
f8cc706a-150e-49ba-be47-7f8dede2b0e4,2026-02-03T09:17:04.764684,-26.18745744399417,28.06599819408924
2118dc12-b084-4316-8869-f3046de54a59,2026-02-03T09:17:05.764684,-26.19551375084199,28.041009374733438
75be3b1e-bbb9-4af1-bbda-4a45a593ced5,2026-02-03T09:17:06.764684,-26.19051855653266,28.053964194852433
3bbfe277-b6ba-48c2-b917-2c133966bad4,2026-02-03T09:17:07.764684,-26.21237856793345,28.06315564699565
5d6ee3b3-35c7-43e1-890b-b76cf4b58dd8,2026-02-03T09:17:08.764684,-26.185518918931283,28.054993339345376
517ed602-de22-40f1-9a22-7856320c07fa,2026-02-03T09:17:09.764684,-26.190243707599155,28.038545059975746
4183c853-3455-4c62-91cb-9b7a2616c05a,2026-02-03T09:17:10.764684,-26.195684879859623,28.042549958577858
f5c5b299-16ba-41f2-b39a-6b1f31cf16f7,2026-02-03T09:17:11.764684,-26.187179847314425,28.034065168796634
42720897-7007-4d86-a768-ef84aeb94168,2026-02-03T09:17:12.764684,-26.224065436944457,28.045886926287842
25b44296-a209-41ff-8652-bdb7d306b31a,2026-02-03T09:17:13.764684,-26.219524678520862,28.031403990019783
5976e8ce-fef9-4476-9e4d-2fc6520b22c2,2026-02-03T09:17:14.764684,-26.223836004516087,28.05703545707533
c4208112-52be-4f6f-a64a-e08e5dc2bace,2026-02-03T09:17:15.764684,-26.209556057882036,28.041554604107116
cb29da05-f4e7-4393-b302-7c16047b0207,2026-02-03T09:17:16.764684,-26.1853566495009,28.030353126459218
21c5775e-c5f4-4555-90bc-5fa52554e7f7,2026-02-03T09:17:17.764684,-26.21965499315306,28.03742272441378
6ec11ebb-0c0b-493f-951b-bbdb11297984,2026-02-03T09:17:18.764684,-26.223738848122387,28.055494927651296
0b2b3e3d-8489-4e90-923d-ecb4c92bd367,2026-02-03T09:17:19.764684,-26.19887669384383,28.030410977272485
ac8607af-3c61-40d9-87bf-9ed06e3b07e2,2026-02-03T09:17:20.764684,-26.190482250736498,28.029682655165594
2a564c0d-fdb3-4cb2-a614-bbafaf1d6133,2026-02-03T09:17:21.764684,-26.190599011462762,28.056926126676455
2b60ceea-a787-4bac-a15a-9adefd6191da,2026-02-03T09:17:22.764684,-26.195608922697563,28.039705262580537
886fdb01-b284-4f71-970a-3a37db936621,2026-02-03T09:17:23.764684,-26.191249095396184,28.035833073106165
adfe2eed-9ddc-451a-bf0d-29e99a62b3c2,2026-02-03T09:17:24.764684,-26.211989619611433,28.03200639930289
ef5099c2-0149-4354-8dfd-1fe39dde5361,2026-02-03T09:17:25.764684,-26.220336088196717,28.037213230349316
ef47d10c-17c3-4887-91a2-1995acdcd172,2026-02-03T09:17:26.764684,-26.1851281537704,28.066889997567568
2fdc2038-46e2-461a-9265-4b721e837ca9,2026-02-03T09:17:27.764684,-26.222518734038502,28.03877778566361
c1414d8c-97d7-4e34-9d26-700ed6591a60,2026-02-03T09:17:28.764684,-26.1998659428746,28.061796288173152
c13d0412-e190-4d29-8b9d-9d37b32a0349,2026-02-03T09:17:29.764684,-26.202956307135082,28.055000939144605
290655f2-9eb0-49b0-b59f-2f93ff8514d4,2026-02-03T09:17:30.764684,-26.222454349440444,28.03044993486417
c3e755eb-5148-4e1a-a24b-6a39e5f41d8f,2026-02-03T09:17:31.764684,-26.214536674319007,28.033469580577037
7e1c63e0-d765-4937-aacf-cb43b0043919,2026-02-03T09:17:32.764684,-26.216057580241518,28.029334105024045
8a5815cd-22cd-402c-a7ad-d75a70acff60,2026-02-03T09:17:33.764684,-26.188587113905438,28.04458657221353
f0aa7bbd-d1dc-4ac8-9ae6-6bd5bc98df63,2026-02-03T09:17:34.764684,-26.20136965059354,28.048367085403033
58de8d3a-cc04-4661-beb8-8bb812a28197,2026-02-03T09:17:35.764684,-26.20517727802907,28.04330253930195
cbeffea8-1617-4e93-a0c8-9b8874aaa524,2026-02-03T09:17:36.764684,-26.22185300737126,28.061800998783948
8d11d515-9b60-48f3-bd29-a5097be72fc0,2026-02-03T09:17:37.764684,-26.20644953991189,28.042926537872404
bcaa76b1-9454-42f8-9009-bef20e880aa0,2026-02-03T09:17:38.764684,-26.192335201835512,28.057767985713912
bff6ad69-880b-4241-bdbb-02d755ff4e2d,2026-02-03T09:17:39.764684,-26.20716699127664,28.04306629587546
bd9fdef6-b10a-4b55-9121-93d556b86f68,2026-02-03T09:17:40.764684,-26.21630801387669,28.037669597443404
2d31ff45-8354-4aaf-a453-407f109b0ce0,2026-02-03T09:17:41.764684,-26.195976286226696,28.059445005724537
a5c58363-b36f-43be-8f3e-b2a4f664e651,2026-02-03T09:17:42.764684,-26.197326519052456,28.052747240849257
226b195b-11dc-4283-9b68-ccc90d1be75d,2026-02-03T09:17:43.764684,-26.187456389766364,28.06012499891552
defea854-6d07-4762-b44d-7e010455f5a8,2026-02-03T09:17:44.764684,-26.207599970838288,28.035768542128693
dcef5f59-2144-4b9e-af80-3845492061cc,2026-02-03T09:17:45.764684,-26.214316808872944,28.033310871866576
5b41c837-8124-43e4-b4ad-7ab4a9f6ac9d,2026-02-03T09:17:46.764684,-26.19258763279949,28.061871588855404
ffb6ff85-a9fa-4f90-99e4-fedc910d3329,2026-02-03T09:17:47.764684,-26.218346674168572,28.035029277825135
d7252c82-be09-4617-84a9-7fbc2c2ac18c,2026-02-03T09:17:48.764684,-26.18792669692908,28.041884724802735
233ef9a1-f0be-4070-a251-9359d9d41856,2026-02-03T09:17:49.764684,-26.213577220661364,28.03416627596537
0eda5f74-b86f-4f88-86fc-1a2970fbf433,2026-02-03T09:17:50.764684,-26.189568649928695,28.06451904232161
e70c23be-9345-4225-8f1b-b10eff4a0b66,2026-02-03T09:17:51.764684,-26.18449374863018,28.0468021058634
2b9d9880-96a2-4a39-b71d-ccd60e641495,2026-02-03T09:17:52.764684,-26.203928520275632,28.03435243604008
aa3e3338-ce41-437a-b9b6-243269b67487,2026-02-03T09:17:53.764684,-26.188429442988525,28.06212272939646
e193861a-53ff-43dd-aa83-d9afd20a628e,2026-02-03T09:17:54.764684,-26.209219746878343,28.046253723235147
51b0f873-f8cf-47f4-b037-7e7f920d36b9,2026-02-03T09:17:55.764684,-26.219626998984896,28.057702152030096
2fe6a1a2-14c5-4f40-aa5d-4e7164823d32,2026-02-03T09:17:56.764684,-26.197678474718273,28.033118628636075
e8889562-7bf9-466a-8892-058543edbb18,2026-02-03T09:17:57.764684,-26.193865318234725,28.032542558268002
fb72a3a4-c6cc-449b-b88d-2e07e31e9171,2026-02-03T09:17:58.764684,-26.215618492904746,28.028330069952602
3e2d4482-5751-42f7-9419-ec250d497a48,2026-02-03T09:17:59.764684,-26.206479199445255,28.057055853001657
7fc8a682-07dd-4445-996f-c356c67e7c4d,2026-02-03T09:18:00.764684,-26.19981027387055,28.02851104044076
6e800d70-bef4-4987-92cb-10f11f683ab6,2026-02-03T09:18:01.764684,-26.187165396547364,28.067060622784783
1c0714f2-0b7c-49ea-9079-ebc57600c81a,2026-02-03T09:18:02.764684,-26.203239607258954,28.055648220497286
c82f2c02-1867-4c98-89f9-e1f61b2f7a7f,2026-02-03T09:18:03.764684,-26.222527419929033,28.04129670370193
dafcfa4f-fe26-4b99-9a47-59b2e3934333,2026-02-03T09:18:04.764684,-26.202073485311168,28.054291922233503
322da756-26c5-48d3-a5b0-703bfbc6d2ed,2026-02-03T09:18:05.764684,-26.18437974818167,28.041391806320846
f82c80c8-714f-43a9-8941-1833b63fdfa8,2026-02-03T09:18:06.764684,-26.222090913846568,28.052866697389106
3881dc4e-f171-4e39-8163-3763a84e6363,2026-02-03T09:18:07.764684,-26.201832245295368,28.038204597125343
d5f0d550-f833-4fe9-869b-4bfdc12395fc,2026-02-03T09:18:08.764684,-26.198782530810547,28.03252576715596
ae8e6c59-2020-4512-8427-d43c85fa7daa,2026-02-03T09:18:09.764684,-26.193389593581784,28.037158715474565
8e5a5597-8ede-4809-9740-11539dfb4f8d,2026-02-03T09:18:10.764684,-26.2122392907799,28.059688933932232
8634de4b-4182-47d6-87dc-b898dd986714,2026-02-03T09:18:11.764684,-26.188861318891053,28.027788834170767
4bcf9c47-2c5a-4999-a043-7f5c8a350a80,2026-02-03T09:18:12.764684,-26.18956804406109,28.053356458049297
eca45ed0-4d0f-4b6f-8aea-0264d8e7ebff,2026-02-03T09:18:13.764684,-26.20996081585677,28.029921315421074
9149d2b7-082d-41d7-bf6e-2321e4808dd6,2026-02-03T09:18:14.764684,-26.219968851650556,28.04082719449771
b0ace052-3468-43aa-8090-467f51cf4ffb,2026-02-03T09:18:15.764684,-26.197039373771748,28.05983565994842
b26cd17b-8592-489b-8ec9-43db5230cd3f,2026-02-03T09:18:16.764684,-26.213792844549904,28.038739291353796
70eee2c8-42b5-4966-9dc3-9369d5ddd19f,2026-02-03T09:18:17.764684,-26.190043314719112,28.06229874019221
e0a5159f-9026-4458-b6cb-dcc157a599fd,2026-02-03T09:18:18.764684,-26.21581704393507,28.029606003008066
92d58a98-d5f3-4109-8090-b1c28aaff05d,2026-02-03T09:18:19.764684,-26.188062548945933,28.027893819885673
c503053f-c2ca-4f20-9650-f7798a5a7c1d,2026-02-03T09:18:20.764684,-26.18837347390295,28.066699698050176
4de2a29d-37fe-493c-b138-e63ccaf05ad8,2026-02-03T09:18:21.764684,-26.200046201045925,28.059125856640964
d8a050b9-303d-4cea-873d-89e324572ad0,2026-02-03T09:18:22.764684,-26.20153591214151,28.058347054559455
b4802646-9c19-4b51-a21d-a32dbe7c322c,2026-02-03T09:18:23.764684,-26.206152350741114,28.032990112434593
daf7e353-484a-4be7-8af2-c62582ff2722,2026-02-03T09:18:24.764684,-26.190766772579224,28.062208883404114
11319894-6e32-47af-8996-2d2e2e818e9a,2026-02-03T09:18:25.764684,-26.22241718921522,28.06515225470975
7fab1292-4ce8-4733-bdc6-a9fb34082df5,2026-02-03T09:18:26.764684,-26.19627061451594,28.033028116376602
bda3460c-4e94-43c3-b069-d0025504aa13,2026-02-03T09:18:27.764684,-26.19529487370797,28.046036761644423
b749952b-8a24-4def-85c6-6f35debe15b4,2026-02-03T09:18:28.764684,-26.201685752032493,28.048819950091715
6594ab87-c8c8-48be-a65c-31de21b734c7,2026-02-03T09:18:29.764684,-26.200983679695813,28.032107732987708
dcc564ae-a233-48af-9592-9e4e031e77ce,2026-02-03T09:18:30.764684,-26.20851772392942,28.04113397838062
70e73ecd-a360-40e7-b04a-0b158b6e3c8a,2026-02-03T09:18:31.764684,-26.189561461895345,28.064658424618468
45202287-d64c-4038-a4a8-8186d764cc84,2026-02-03T09:18:32.764684,-26.18575361096992,28.02948273067386
a7e166e4-2b3f-4f62-a1b2-d20130f63043,2026-02-03T09:18:33.764684,-26.198887242970468,28.028299698670782
2603bfa0-966d-4db3-bc27-8fa0d8192bba,2026-02-03T09:18:34.764684,-26.22259272004236,28.037665856598473
580ccbec-68a5-482c-9c0e-0799e2d81b53,2026-02-03T09:18:35.764684,-26.19778172230485,28.0354050587566
00d86ed7-65bb-47a3-9e09-79688e5db2bc,2026-02-03T09:18:36.764684,-26.197786319854867,28.030491604839444
605d2c07-71c2-4b34-8255-d02bc901fbd9,2026-02-03T09:18:37.764684,-26.18600646892058,28.06118625662667
c20b0d7d-58b5-4058-a510-010e4635d84f,2026-02-03T09:18:38.764684,-26.195372622185037,28.066692050075126
21f3ad2e-2333-484c-ad8b-b15cc73d9a02,2026-02-03T09:18:39.764684,-26.200654635829117,28.04101185639119
aece78a3-3fcd-44e1-a242-0b03bf604cec,2026-02-03T09:18:40.764684,-26.18720021164202,28.042316130835072
b87a2c69-327b-4d78-8e8b-583ae1bde2bc,2026-02-03T09:18:41.764684,-26.21686494779808,28.056169268488002
0c9c6c91-a8c8-421e-8805-8a08f08a48cd,2026-02-03T09:18:42.764684,-26.20475747829524,28.063934355411448
bac77d6c-d745-4cd0-ac81-6b0bbc68d47b,2026-02-03T09:18:43.764684,-26.194433164409695,28.028053618938973
6260ce39-dff1-4085-afe3-7749b2f43081,2026-02-03T09:18:44.764684,-26.191595255176008,28.028633892219222
c72cc1fc-e48f-47f5-b898-f5352f13daf5,2026-02-03T09:18:45.764684,-26.217309752541727,28.062686862809432
6ed9c593-d98f-459d-8faa-fe0606dfe5cc,2026-02-03T09:18:46.764684,-26.213427066356207,28.028732701647115
4194e90f-94c5-4deb-9fe6-efd2adc9c7b5,2026-02-03T09:18:47.764684,-26.184218229216274,28.049751808763155
e3da4b98-7ca3-45fd-a52c-d6b639a0be56,2026-02-03T09:18:48.764684,-26.20348728188529,28.04021515522621
aca76103-f591-456c-b01c-f824dc0785bd,2026-02-03T09:18:49.764684,-26.18659858112153,28.05089759951099
9d280ba3-fc22-4a81-9e2b-a5994c2c3d0d,2026-02-03T09:18:50.764684,-26.21096880458756,28.03496236495355
2b19070f-e074-43cc-a345-3baff74d68b8,2026-02-03T09:18:51.764684,-26.19112162016284,28.04223963295721
ba1ea884-0091-4138-ae04-53b3a8ee02fa,2026-02-03T09:18:52.764684,-26.217885346599214,28.03378744045775
2faf9088-4b31-4ad4-be92-11a05568af05,2026-02-03T09:18:53.764684,-26.219832714289222,28.032638222045616
87874b86-15fc-48d8-8319-ad644eb5eadb,2026-02-03T09:18:54.764684,-26.195200861300638,28.03282757220388
58feb069-da20-45c6-99da-e9d8414f94cb,2026-02-03T09:18:55.764684,-26.185109162981067,28.044276166826116
a705a513-1ca5-489b-b89f-5ddf76960f70,2026-02-03T09:18:56.764684,-26.218335095212566,28.030779566343572
34b93856-0b7d-4d07-84a3-42e7324fdca4,2026-02-03T09:18:57.764684,-26.189512724109992,28.063821260171363
5c1c76ec-8b7c-43d1-8b71-1d8c23796a0f,2026-02-03T09:18:58.764684,-26.18806324341082,28.039065245069878
260cdfe6-8cea-4966-82ce-45b49e1bb3c2,2026-02-03T09:18:59.764684,-26.19385772189455,28.033983360907538
b7712e05-ef39-4c98-b6f9-388ff777f9c8,2026-02-03T09:19:00.764684,-26.220045488878338,28.064874370920133
d0855dee-00ca-4d21-939b-c3d684f905c4,2026-02-03T09:19:01.764684,-26.184227734960558,28.057154666764315
55532e9b-668b-42f9-beca-6c0248438941,2026-02-03T09:19:02.764684,-26.213250370164147,28.049457875232246
fbcc5b32-e873-4352-9e60-c54835ece51d,2026-02-03T09:19:03.764684,-26.212458507859093,28.062779638065127
3b9721b6-a713-41f1-8e60-881640eb3631,2026-02-03T09:19:04.764684,-26.200282292144948,28.04090228383679
2e8f5181-e2bc-49e6-b23f-5820fdcf4f0c,2026-02-03T09:19:05.764684,-26.214443531386575,28.060344053441963
59d5d001-e526-42f8-84d9-7cd6823eba03,2026-02-03T09:19:06.764684,-26.184675627531,28.05156860717407
3539589d-d469-4152-a14e-088334e5c2ec,2026-02-03T09:19:07.764684,-26.219472746055175,28.066961756520907
2e2a384f-c2d2-4864-a28b-ebb3a6712595,2026-02-03T09:19:08.764684,-26.18522177353722,28.04819523451841
cf50d91c-5981-44b9-b6d3-65037010ce86,2026-02-03T09:19:09.764684,-26.189112669142357,28.03340618542201
a7efe1f4-804d-4101-b9b6-c3cc2d3b4301,2026-02-03T09:19:10.764684,-26.197972663184167,28.058719556582542
f0b5ba2f-044b-4413-9797-7b8ce83bb553,2026-02-03T09:19:11.764684,-26.210293874291185,28.05158641268527
e1937163-386a-4cc9-a1b8-577b87ed0d66,2026-02-03T09:19:12.764684,-26.213765056255195,28.032970722171616
ef41013f-7faf-4eb0-9e8b-c191ec749481,2026-02-03T09:19:13.764684,-26.19955965100977,28.031472475720797
bbaa68a4-5bb1-429f-91f5-0c9f8b6d1245,2026-02-03T09:19:14.764684,-26.189883472698433,28.046581547690806
e25bd8e3-0a0e-4c55-96c8-f76b1503f729,2026-02-03T09:19:15.764684,-26.222910112216063,28.05452057710773
9b77e87b-7f52-466d-8d34-fa941d16a120,2026-02-03T09:19:16.764684,-26.18534285628057,28.031509353552917
33028b6c-7031-4bbf-9281-51f8de711134,2026-02-03T09:19:17.764684,-26.220931543742275,28.05393920293452
461e4056-33c7-4ba5-a13e-9da4d7d55eb4,2026-02-03T09:19:18.764684,-26.213725020586608,28.065151236599824
cb206ab9-7e28-465d-baa1-114b6255a217,2026-02-03T09:19:19.764684,-26.223070441539733,28.02838008944544
904a3538-aaa4-48c4-9345-97dc808c1d19,2026-02-03T09:19:20.764684,-26.18876092962656,28.041934851975274
a3430f3b-f536-4f59-a447-5b398198bdac,2026-02-03T09:19:21.764684,-26.19601501930026,28.053023582594424
1b77550d-de21-482c-b886-216fcc87ed88,2026-02-03T09:19:22.764684,-26.184427453120488,28.065803089924582
d980159c-3b84-4326-8338-5ec905e956f7,2026-02-03T09:19:23.764684,-26.195790547045455,28.051062830008284
8e6dcf52-1c96-43d1-9371-5e9e78e6b755,2026-02-03T09:19:24.764684,-26.22108036829864,28.048643374401863
57c4ab84-e579-4715-8cf5-1faee317427f,2026-02-03T09:19:25.764684,-26.210915574198275,28.047986285452648
ee2c11f6-5ea1-423c-a83e-a392f0fe38ec,2026-02-03T09:19:26.764684,-26.212408824285795,28.067297799292795
1e2b99be-f63c-4c96-a038-67157086a9a0,2026-02-03T09:19:27.764684,-26.202856591349974,28.05914062868925
e45c70af-978c-415b-99fa-1a6c1b670238,2026-02-03T09:19:28.764684,-26.187006288614743,28.04740525104806
8598d0a4-019e-4858-a5be-3f1a22880ccd,2026-02-03T09:19:29.764684,-26.190558608511992,28.05847841523852
3fa9a697-3a17-40d9-9d7b-c4208716ce15,2026-02-03T09:19:30.764684,-26.185208288235586,28.033250473902104
849bd624-463e-4258-aa0a-a4ea15cade06,2026-02-03T09:19:31.764684,-26.216154363668764,28.03387614475959
a851a9f7-d4b8-4382-b870-6a6044ddcc29,2026-02-03T09:19:32.764684,-26.20116931357912,28.05757693928074
6d60c27a-9911-4e49-a8c7-8decefe71b71,2026-02-03T09:19:33.764684,-26.19313185597371,28.032973133513593
c0dd6159-9e78-4a44-b74b-97983cf0a533,2026-02-03T09:19:34.764684,-26.223527041257686,28.027616734046898
eb3b190c-ac31-45f0-8ec8-5989cc5e91cf,2026-02-03T09:19:35.764684,-26.219647624983438,28.058530669723407
e66c06da-81f4-40b3-8304-0b0a51e0be93,2026-02-03T09:19:36.764684,-26.193685267530835,28.031884040416724
c2647985-0b51-4009-bf30-20caa049a186,2026-02-03T09:19:37.764684,-26.201769922343196,28.058050238910184
20422aa3-92d4-4b81-ad2e-35498762adb4,2026-02-03T09:19:38.764684,-26.19275218380703,28.039632190624225
b37d1a5f-1065-4061-8b46-b9ff2b92ccda,2026-02-03T09:19:39.764684,-26.211472967947497,28.028325252603413
957b4e09-4b46-427b-8318-0b4f8e113fb9,2026-02-03T09:19:40.764684,-26.207672350418935,28.04334221423196
adf4b40d-447b-42a9-bd0c-3bd0d33c5393,2026-02-03T09:19:41.764684,-26.20540601549928,28.056715092255267
fa6a07da-d25f-44dc-81e3-15513854f697,2026-02-03T09:19:42.764684,-26.196544412160222,28.06415552292052
c02c36aa-b009-44eb-badf-070896e21e00,2026-02-03T09:19:43.764684,-26.220037782409154,28.05168282926887
9e71b4d2-b3ee-4a34-9f36-bae0f851ea11,2026-02-03T09:19:44.764684,-26.21268076057251,28.042400973651233
64c8a949-e344-4def-8ead-1312e62f788a,2026-02-03T09:19:45.764684,-26.193563691340902,28.04178169449546
23187ab6-0241-4ebd-a3d8-f044c206297e,2026-02-03T09:19:46.764684,-26.20280910080536,28.0304136619475
8f84b329-ce88-4fa3-9d85-f5e64d30cb69,2026-02-03T09:19:47.764684,-26.214824541031124,28.028449629569632
5e761631-af5c-458d-912d-017f5ce522ac,2026-02-03T09:19:48.764684,-26.203155717792256,28.035554302960804
83c922e8-aeda-4d0a-8a03-cdd8004554f9,2026-02-03T09:19:49.764684,-26.21923157262969,28.02730990781393
483b5573-6c6c-40df-af48-c5e2a8846659,2026-02-03T09:19:50.764684,-26.199079761619608,28.0353560430836
dcd2c4db-a394-47ec-966f-d7d2e7c228cb,2026-02-03T09:19:51.764684,-26.197492322336554,28.041743446614788
3eb72729-ffbd-4d8b-937d-a1790b3dd4d4,2026-02-03T09:19:52.764684,-26.20723452182645,28.05102184021809
0610f7cc-6165-4aa1-89b0-8541e580afe0,2026-02-03T09:19:53.764684,-26.20488568214758,28.056141509398632
b979750c-6c42-4e14-b9a1-9ad620efe826,2026-02-03T09:19:54.764684,-26.223331827542186,28.048578184685162
52e24303-7546-4716-851c-e49d466b21a3,2026-02-03T09:19:55.764684,-26.185509952344773,28.033531875260298
80156097-181d-446b-bade-c9bc384b0413,2026-02-03T09:19:56.764684,-26.18415367566306,28.048311895172397
b67245b0-f338-4a57-aa5c-d1bba7764c4d,2026-02-03T09:19:57.764684,-26.202467139973564,28.046139645340567
0b39c00c-8dd1-42ce-bc8a-6eb277fa20df,2026-02-03T09:19:58.764684,-26.21272232866937,28.058536897505785
ca54ee0c-6d4a-47d3-b747-f56ae8fdb8a2,2026-02-03T09:19:59.764684,-26.21932041159235,28.03142297568663
09aaee7b-93ba-4874-984b-48bdc674d7ef,2026-02-03T09:20:00.764684,-26.191401769220576,28.051934733764433
09f83334-046a-4453-a543-05eb6841dc86,2026-02-03T09:20:01.764684,-26.21719105603093,28.042569629631355
6351be9e-285b-45b0-837c-2bf60c57c451,2026-02-03T09:20:02.764684,-26.192224439081333,28.03747811886187
3ff7a4b4-2cd1-4a18-8394-8c45d573cef1,2026-02-03T09:20:03.764684,-26.213603286453594,28.03900660355996
9d14c30c-ae09-4b0c-b721-8a9ed9074b5c,2026-02-03T09:20:04.764684,-26.206606713090228,28.050113385802856
ecc0cd49-0ca1-4264-9345-d519847772bb,2026-02-03T09:20:05.764684,-26.218742927494173,28.045934456771487
6342a2ca-855d-4e2c-ac40-95d22823af82,2026-02-03T09:20:06.764684,-26.22092895896591,28.047381391379503
e9787a19-5932-4a1a-8d7e-0054c8240692,2026-02-03T09:20:07.764684,-26.215665498945455,28.06678583902838
90445637-83a9-4347-a271-94ed8f7722a5,2026-02-03T09:20:08.764684,-26.188125593346065,28.046144141100385
d76eadcb-2b42-4e23-b47c-bcbf4254f562,2026-02-03T09:20:09.764684,-26.19091798508643,28.040296719379
a83128e4-a793-444f-ba4c-1981b43bae01,2026-02-03T09:20:10.764684,-26.21256443499444,28.066477810232996
c56ffdc8-899d-4470-9d92-ce3f6218f34d,2026-02-03T09:20:11.764684,-26.18678269299703,28.06617070213103
9b584560-4170-48ed-bd7e-8858fa42aa14,2026-02-03T09:20:12.764684,-26.21093520505972,28.043941725117786
aa5afed3-8401-4699-b2b1-1d91e2c7f9e9,2026-02-03T09:20:13.764684,-26.204055676895013,28.060084346916376
7fc4a936-8713-4337-a6ea-f328633b0a7e,2026-02-03T09:20:14.764684,-26.19658656678741,28.061222328108702
01175010-f8e9-4803-9634-d6a8d2e18d70,2026-02-03T09:20:15.764684,-26.19844050763561,28.053202722520474
9e250284-e79b-48e3-9bb4-8c85f81fda00,2026-02-03T09:20:16.764684,-26.216190432175853,28.044021739931257
5cfe780b-67f2-4ebd-b3cc-2c874545dce5,2026-02-03T09:20:17.764684,-26.19459622689519,28.062122845434125
dfec3193-0d20-4265-aeba-443f038dfd18,2026-02-03T09:20:18.764684,-26.220156122292227,28.034199027015237
816c5206-0933-41f6-8c41-b10299d259a6,2026-02-03T09:20:19.764684,-26.22046202009538,28.062215850758836
d87e2ae7-e7d2-499c-8382-d4720ad0175e,2026-02-03T09:20:20.764684,-26.212845497132914,28.047932481373877
4dd46e2a-7872-4712-aca4-bb71ba6e1c5b,2026-02-03T09:20:21.764684,-26.19124136183432,28.03464126351742
a4cdb729-e681-49a8-bba9-c365125d01be,2026-02-03T09:20:22.764684,-26.185205289665724,28.029303691522458
b312ea31-74ea-40ed-840f-09093e652ea0,2026-02-03T09:20:23.764684,-26.220035201932248,28.047875888396412
29268895-60d1-41e5-9131-9a48c94b2d12,2026-02-03T09:20:24.764684,-26.187395599440308,28.064268324642185
e65cd77f-d578-4241-b362-448784cc5a2f,2026-02-03T09:20:25.764684,-26.201946905009407,28.061053729288094
e1a8cfc7-1578-4324-b649-96cba51caedb,2026-02-03T09:20:26.764684,-26.221268840316895,28.03079631632623
80961434-e675-4640-a1cd-2ebe15861fe2,2026-02-03T09:20:27.764684,-26.204103538646685,28.037095415230915
bd14ac76-6a3b-4477-8089-028fa2775040,2026-02-03T09:20:28.764684,-26.189633901190234,28.05823843345901
92feb612-36d5-465a-b3d3-64e6cede8ec7,2026-02-03T09:20:29.764684,-26.19907149126642,28.046017616818943
8c90f8b4-9c88-49d5-a3d2-ba6819f61e65,2026-02-03T09:20:30.764684,-26.19242928207068,28.054888709288676
0e61eb5f-793d-47af-bc48-d2e3722de937,2026-02-03T09:20:31.764684,-26.22240936215557,28.04400676054843
b67b174f-6eff-46be-a347-108a93fc1ae5,2026-02-03T09:20:32.764684,-26.205432942174248,28.06288582148067
6089b7b7-3e3c-4b85-94d3-44f41d0166b0,2026-02-03T09:20:33.764684,-26.22248458324518,28.04278212132109
2125d4ea-3222-4590-bc06-571fba0cdf06,2026-02-03T09:20:34.764684,-26.216571689604606,28.037728104679346
13878dbd-fbbd-4fdb-9ee5-0b1b625894ef,2026-02-03T09:20:35.764684,-26.18703100433213,28.049847959840136
ac9211a3-3070-4800-aed0-b6ee990b6dbe,2026-02-03T09:20:36.764684,-26.207705241037704,28.055001109356116
d3f68b76-b179-46a3-ba39-b159c1fab3ab,2026-02-03T09:20:37.764684,-26.21110453315224,28.054410628344232
5b985d22-b83d-4b97-ab11-05e6cc13c0f1,2026-02-03T09:20:38.764684,-26.2208170515825,28.06324676229544
da67ed6c-1e56-4851-9abd-90df591c698b,2026-02-03T09:20:39.764684,-26.211398724096174,28.060284574186166
5db85293-1ef3-4622-b961-dd385f4cb274,2026-02-03T09:20:40.764684,-26.222496848871714,28.05790060192401
699fefb1-337e-4e05-ab63-de484f51ec95,2026-02-03T09:20:41.764684,-26.222569521445863,28.02993727508376
4bdffe5e-322b-4fc5-b156-56b885a7552e,2026-02-03T09:20:42.764684,-26.194130713087763,28.05334977421044
7d955c28-01b5-4891-9a98-f5ba436f64d4,2026-02-03T09:20:43.764684,-26.21411821324231,28.06210740376126
2a81c179-d860-4b80-80b0-4cc1228c0095,2026-02-03T09:20:44.764684,-26.20903765126455,28.049670750728456
e407af5d-d5fd-407a-94b8-b0761e2616e7,2026-02-03T09:20:45.764684,-26.210117498062697,28.046301944975493
72e4ffb4-c2a1-43da-94aa-e3e822e6bd8f,2026-02-03T09:20:46.764684,-26.221317259640546,28.063953837140396
8a595290-e5b6-405e-a82b-ffff9a85bc9c,2026-02-03T09:20:47.764684,-26.20503814120869,28.042055294572183
c28aa79d-61c0-4139-b228-404cf7ed6a34,2026-02-03T09:20:48.764684,-26.217003938345346,28.052678630828048
298e0598-02da-4316-bf3c-44e7d7304643,2026-02-03T09:20:49.764684,-26.21186415223096,28.036369725931895
1a4c308a-79e6-490a-97f3-207c2debd201,2026-02-03T09:20:50.764684,-26.19554879353359,28.04062432153537
bdb37bf2-8c45-4fec-aedb-485a753c15d0,2026-02-03T09:20:51.764684,-26.199926175979343,28.04717907930197
e7c8568b-180e-4c41-b73d-f344fb728bd7,2026-02-03T09:20:52.764684,-26.22115393145083,28.036408063729144
2d759c75-6432-4ce9-b298-24313859de62,2026-02-03T09:20:53.764684,-26.198492350208674,28.044644593956523
593098da-cf75-4249-bb48-106f5b8c2060,2026-02-03T09:20:54.764684,-26.208392993669328,28.066284274859147
77fc4a6c-a59b-4b73-889a-1b8dbfbf5a7a,2026-02-03T09:20:55.764684,-26.19957168438776,28.039367279429243
b4d115be-1d52-4d3c-bb80-1b374de9c118,2026-02-03T09:20:56.764684,-26.2148770420722,28.063428959777077
86338137-0b01-40ed-b458-6ff07412a93e,2026-02-03T09:20:57.764684,-26.203351418251422,28.054144708307614
9fe54242-a868-4fd6-8343-df0196e73814,2026-02-03T09:20:58.764684,-26.184782101983544,28.06555890806117
97945572-d610-4b41-88ef-2c6891136cdd,2026-02-03T09:20:59.764684,-26.213895162629004,28.035650349083358
41afb51b-94a2-4ab4-85f0-727e7479e76a,2026-02-03T09:21:00.764684,-26.190527381879857,28.028966294131955
d9edd7dc-12d6-4275-915d-ffa62b4fded9,2026-02-03T09:21:01.764684,-26.192598302887017,28.036308272708787
84a5fb3b-5449-49e1-bc3e-8fc61855c581,2026-02-03T09:21:02.764684,-26.221170172607554,28.032413110455682
6d88fadf-c0fa-4155-8694-273dad5db38c,2026-02-03T09:21:03.764684,-26.21102826321103,28.06006755317051
f53d5c0a-e2b1-4964-a40a-0a095b0b3b8a,2026-02-03T09:21:04.764684,-26.219310376224822,28.029048992301895
67bb2010-9f2c-4859-a0c7-b86562280bdc,2026-02-03T09:21:05.764684,-26.221178240169596,28.03067227681154
d285f324-4061-40f7-9623-6e90680a69b2,2026-02-03T09:21:06.764684,-26.22064034081669,28.038634864865404
61bbaefe-53b7-487f-bf1c-e373825976db,2026-02-03T09:21:07.764684,-26.204593228392206,28.029152114357544
cb0c0bdc-ae6b-4617-8ce5-539b3b663d6d,2026-02-03T09:21:08.764684,-26.21149210381802,28.04814007681888
3595893f-4ba8-4011-a743-4c09da1bd7d3,2026-02-03T09:21:09.764684,-26.21850179673527,28.046223949497982
4645857b-740b-40f7-8d09-74cfee87ac10,2026-02-03T09:21:10.764684,-26.220534095425005,28.065531765360873
55133def-d6c4-4a63-b17f-33592d92eca9,2026-02-03T09:21:11.764684,-26.20375347480604,28.030428464317556
0b5ad9e9-bfb2-4b44-ae07-5ee14ef6799f,2026-02-03T09:21:12.764684,-26.186434254213324,28.046560358749225
0478afe3-ef47-4805-bbf4-de881f26b0d3,2026-02-03T09:21:13.764684,-26.19330053413065,28.033966194443902
96ce3e3b-506a-4584-a8d1-07d9513f802d,2026-02-03T09:21:14.764684,-26.186836744144784,28.037906580518815
d0c9fae3-fcb6-4aab-b8ee-1c391e0312b5,2026-02-03T09:21:15.764684,-26.198343392800776,28.063920594914546
33e32617-3eb5-402c-856a-8e9bdde96b35,2026-02-03T09:21:16.764684,-26.185280515792503,28.03832575815547
31dee2a3-0811-46b8-83b2-8117ea0ae889,2026-02-03T09:21:17.764684,-26.20965796965663,28.06183258037603
c2e76633-acc9-4e76-9ab1-8a9913219dc0,2026-02-03T09:21:18.764684,-26.213962977287178,28.059190066252288
dfd88902-f1ff-4a3c-8561-38208e3876f8,2026-02-03T09:21:19.764684,-26.19837917267956,28.042662863040317
db75ca0e-91a3-440c-b975-315dc37d1903,2026-02-03T09:21:20.764684,-26.190461252224228,28.041919630948524
206b15e8-3574-4dd4-93fc-ef0bd938014b,2026-02-03T09:21:21.764684,-26.21033719424915,28.04953438240317
b3eb52ae-d81a-46ce-b1bd-b62ea76b5785,2026-02-03T09:21:22.764684,-26.19615594228706,28.051959102314
e089ef6d-c08b-4386-ad10-51e83fc94e4e,2026-02-03T09:21:23.764684,-26.223077757540384,28.05013170899916
e0b50eb7-89c6-4296-9adb-3c100089b866,2026-02-03T09:21:24.764684,-26.19611917168111,28.05344771063595
08903ffd-dbd5-4976-8fd9-0582b2bf12a1,2026-02-03T09:21:25.764684,-26.19624974492345,28.03554155455777
bfe06f7a-f585-4513-9327-6d524877d93f,2026-02-03T09:21:26.764684,-26.19967998947078,28.06151779722317
9f5b22f0-517d-4dfc-abad-d2a77a99d554,2026-02-03T09:21:27.764684,-26.197661687649433,28.055387914097683
96496f4c-c74d-4b94-ac12-e6d2714044aa,2026-02-03T09:21:28.764684,-26.19593642416686,28.047561932198512
3cf1d4f6-aa30-477a-bca1-254f9190bb42,2026-02-03T09:21:29.764684,-26.19857411269829,28.04467538063425
b5041c47-779e-478b-a0d2-f3d927feddfa,2026-02-03T09:21:30.764684,-26.22402393133386,28.027930679799464
ac6e272d-0a7d-4f18-9069-34652e959220,2026-02-03T09:21:31.764684,-26.18624639520325,28.033495287537527
c297ebec-6798-4ba6-b632-eebc2d4fd54e,2026-02-03T09:21:32.764684,-26.187168542142203,28.061037052981852
43504d47-6abb-4295-a2c8-437a780580b7,2026-02-03T09:21:33.764684,-26.20080528314113,28.034320677630195
7962dc21-b5ff-4616-a0c4-49d047a73f75,2026-02-03T09:21:34.764684,-26.20330958224332,28.04372423769758
5704d02b-e7d9-4ab7-8843-87a7453d7300,2026-02-03T09:21:35.764684,-26.2207248763691,28.051086578479683
abd3bba4-4e8a-4d4f-83ca-c40e8756a3bb,2026-02-03T09:21:36.764684,-26.20247517962933,28.046144059242195
61163c70-b850-4a6e-a191-9ecddcc7a15b,2026-02-03T09:21:37.764684,-26.18563904589072,28.028237527639117
52464393-b332-42ab-b99a-52996763ad31,2026-02-03T09:21:38.764684,-26.185050822175004,28.048479596748855
c9b93ffd-23ab-40fb-be60-30f9b07242eb,2026-02-03T09:21:39.764684,-26.18597479571571,28.060302811865043
eec8cf5d-499b-42c6-b872-315571778f64,2026-02-03T09:21:40.764684,-26.198785144495986,28.040309111576384
7d93afc3-4500-4016-a43f-b3bd80996e51,2026-02-03T09:21:41.764684,-26.199414676712617,28.050773884927096
25e10b8d-9d5a-4d14-a119-9a66c624f09c,2026-02-03T09:21:42.764684,-26.189317510847303,28.06338116158275
c458559d-5114-4ec8-a8b7-cf6f2d4ed194,2026-02-03T09:21:43.764684,-26.221152944448647,28.03433309852726
7e2f2e9c-36b2-4be8-85f5-1bdbb41f2364,2026-02-03T09:21:44.764684,-26.207307875048468,28.063202736980337
6dcbe525-1a24-4150-b50c-9110ce66818f,2026-02-03T09:21:45.764684,-26.196750146513487,28.04319439056452
fe42839d-f3f7-4739-bdc6-e2df4a432f11,2026-02-03T09:21:46.764684,-26.18864942581573,28.05513293635599
613e763d-3dac-4355-a41b-a59575ac0f7f,2026-02-03T09:21:47.764684,-26.214805677701875,28.039412489657707
f1e70cf6-7cb2-4cd7-be32-12a687685265,2026-02-03T09:21:48.764684,-26.199192686390877,28.030174650860552
1d2c8796-9feb-4087-b278-d7012493dd8c,2026-02-03T09:21:49.764684,-26.20665697263589,28.032910239918508
8a5e82c5-5fac-4896-a37a-5ebdec70dc4e,2026-02-03T09:21:50.764684,-26.193545204236106,28.043527531353963
e2fe1138-ccc6-4333-abfe-c19789845892,2026-02-03T09:21:51.764684,-26.22158052117476,28.043957074667755
fcacaeaf-8f44-4265-b02b-62623c2df070,2026-02-03T09:21:52.764684,-26.20714066921621,28.043082934257676
765e48e2-8736-4846-8a76-f283444850d7,2026-02-03T09:21:53.764684,-26.22366691077971,28.032138278953273
585ef0bc-08a8-4bf0-9da6-a9c71456a27e,2026-02-03T09:21:54.764684,-26.1905730157002,28.062294904519952
b51121c4-b4f5-4709-bb06-0762f0c78e0a,2026-02-03T09:21:55.764684,-26.21830230452014,28.066943311919147
755d49ea-352c-4a8d-897e-edf858e17ec2,2026-02-03T09:21:56.764684,-26.222769978388097,28.03855563626331
2b6fc647-5a70-4313-8100-c4207599e28c,2026-02-03T09:21:57.764684,-26.1999413305426,28.05683575030381
8b9788ec-ce09-45eb-8ea8-684f3f815088,2026-02-03T09:21:58.764684,-26.207379104241603,28.054130385471744
6424c9f8-dd8f-4701-ae3e-0763cfc418c9,2026-02-03T09:21:59.764684,-26.187133651054733,28.034457178395648
00fc4230-3fc8-45a0-bdcd-239c49649c82,2026-02-03T09:22:00.764684,-26.215436267809565,28.050807456687703
6f5ff719-d9a9-4171-afbc-952ebf9ab324,2026-02-03T09:22:01.764684,-26.21346911688482,28.04789542765897
4b516845-fb8d-4983-b40b-e32f88b2d689,2026-02-03T09:22:02.764684,-26.210760861876516,28.052529169155555
801f3ed6-f439-49c1-9ff2-9bc8502797e6,2026-02-03T09:22:03.764684,-26.212117409341648,28.04191473512282
c9e471fc-0e9f-464c-969a-97aaaebf3b4d,2026-02-03T09:22:04.764684,-26.214844944944332,28.05649816473564
92762d95-5267-44e1-9343-33d96f4054da,2026-02-03T09:22:05.764684,-26.191320148218445,28.056347379402
4b8aed87-9172-4874-a323-9466047b1423,2026-02-03T09:22:06.764684,-26.212308597741785,28.037056011419324
fda4ba98-12aa-43a5-a7b9-4d1dd933acff,2026-02-03T09:22:07.764684,-26.20633375879709,28.043025668941947
104d4bef-0cfc-459d-9835-a54b1b767067,2026-02-03T09:22:08.764684,-26.20759534458197,28.049598174950663
a018bf49-c603-42d0-96b0-d3c0d7091d2f,2026-02-03T09:22:09.764684,-26.214441630540616,28.028443162288482
848116ed-ff0a-4d65-8fc4-b99614894390,2026-02-03T09:22:10.764684,-26.193536156196405,28.028991097293126
94200742-19c8-451d-8019-3a28a7847233,2026-02-03T09:22:11.764684,-26.199024259599664,28.036110378585963
1112bb5d-a622-49da-bcc2-221335374d84,2026-02-03T09:22:12.764684,-26.22203434478574,28.057967154712202
94108f4c-6d39-430b-b108-c388e4ba4aa5,2026-02-03T09:22:13.764684,-26.19195394026646,28.0580649007511
5ea5110a-c80f-4637-beda-0dd8c8927b2d,2026-02-03T09:22:14.764684,-26.21617626623949,28.04507368334276
dd75e6dd-1443-464c-b85e-2ccc7f95fcc1,2026-02-03T09:22:15.764684,-26.200064614993703,28.03277708479091
40e6b2c1-cc51-4f30-8b70-7303ed6ae0c0,2026-02-03T09:22:16.764684,-26.2105112624007,28.038534586449515
a93a1cd5-93b7-48dc-bc38-f81fc9893b9e,2026-02-03T09:22:17.764684,-26.18668650555053,28.044668615195395
8921e1ef-42f8-4512-a7b0-23ef4cf80807,2026-02-03T09:22:18.764684,-26.18611793903836,28.061657570986508
54567c49-7359-47b3-8be6-4040cd26946c,2026-02-03T09:22:19.764684,-26.19180449611094,28.049013997720813
16665765-e3c2-4e06-a6b3-f9476d1b2ab7,2026-02-03T09:22:20.764684,-26.202631182538624,28.052796855853675
16f20b1e-415b-4b04-96fc-753dda078f37,2026-02-03T09:22:21.764684,-26.188686465031573,28.04950936279806
aa605ddf-5e6f-45c0-a828-a0deadbace8f,2026-02-03T09:22:22.764684,-26.192951800887847,28.06042200776963
4c961537-2fa3-42ab-8617-41e7d2a5d6c0,2026-02-03T09:22:23.764684,-26.207575229209613,28.04551232721518
b977fcc6-8467-4c67-945a-112747b0644b,2026-02-03T09:22:24.764684,-26.190176689589045,28.042736958195675
c20f468e-5006-43a3-940f-fe2ee629dfdd,2026-02-03T09:22:25.764684,-26.212968940766732,28.063829400763538
9f86179d-31ee-4b90-b211-49ffe5410ad0,2026-02-03T09:22:26.764684,-26.199734192161337,28.055096572887294
92d5a1af-7104-40d2-8f91-822d70837be8,2026-02-03T09:22:27.764684,-26.197294312445973,28.052821426378426
a7d9644e-fe14-4956-b0b2-5b1b18da8db4,2026-02-03T09:22:28.764684,-26.19985391032272,28.06525345723335
83617880-aa23-49b6-bb91-c83309253cf0,2026-02-03T09:22:29.764684,-26.184672184354895,28.05282529648787
a87a13c8-d490-4f2d-b7d6-c858c63281ea,2026-02-03T09:22:30.764684,-26.201523959416015,28.028766356419528
29bb29d4-6eea-4b09-8e13-55cdd9d1bb9d,2026-02-03T09:22:31.764684,-26.189586269969112,28.06671296360748
2703caac-5431-434d-9014-51d1370b7dd7,2026-02-03T09:22:32.764684,-26.200700467591922,28.032991253184576
128bcd18-5f4f-41fa-9ea7-c1d3a8d5e849,2026-02-03T09:22:33.764684,-26.199889849412347,28.066139282369015
8338473b-43fd-47df-bc90-4113cdc34033,2026-02-03T09:22:34.764684,-26.21645012599967,28.03614932941737
8e0ead5a-619b-4e24-a48c-4a33633f77da,2026-02-03T09:22:35.764684,-26.185287506203675,28.032318707701673
dbc08bdf-ee92-4fbb-b0f3-439013b515b1,2026-02-03T09:22:36.764684,-26.188535045192552,28.042471721744405
49a6d060-0cb3-40dc-846b-f53c7598794b,2026-02-03T09:22:37.764684,-26.207148462534416,28.058431813188953
82588552-7cb3-4c63-8b2b-4609adf4ae1c,2026-02-03T09:22:38.764684,-26.21410075925303,28.054173894135896
cf2cbf17-9edd-42db-a6bb-ec50bef5ac5a,2026-02-03T09:22:39.764684,-26.213356848596042,28.05682200210864
dd15d141-6f8f-49d0-b7b1-7c08c10e2c71,2026-02-03T09:22:40.764684,-26.20453586405829,28.02778983287408
8b113d1c-727b-4f0a-9a74-384d19c23eb0,2026-02-03T09:22:41.764684,-26.19033857052617,28.064606696494856
a068775c-713b-45bd-a4f3-078d8ffbc5d0,2026-02-03T09:22:42.764684,-26.189550961075618,28.042043995810072
f4d679b4-9300-4616-8818-681d06f700f1,2026-02-03T09:22:43.764684,-26.21515879797004,28.048301981622455
b3ee14d9-3199-47db-b3a7-29a5413d4a60,2026-02-03T09:22:44.764684,-26.19813526501419,28.038248372652017
a874fd3d-890b-4222-b749-7c8433d9910a,2026-02-03T09:22:45.764684,-26.21576557046568,28.0321517285827
d1db2fb0-4672-4b86-bd0c-dfd0f5b76ed2,2026-02-03T09:22:46.764684,-26.200347365016274,28.063273339538597
69d09c7c-918f-40e7-ae0b-c94402b87a44,2026-02-03T09:22:47.764684,-26.19533495874163,28.06335651665092
4e0a90f0-8c2d-49c5-8285-4f071c209054,2026-02-03T09:22:48.764684,-26.20833574438433,28.06081441703333
c5c46c43-a0e7-4335-a053-8c44fe8076ce,2026-02-03T09:22:49.764684,-26.199775349077793,28.064318287600468
996797f2-5d29-4173-b057-dae78f1f66c7,2026-02-03T09:22:50.764684,-26.219192333283953,28.05868745634521
793b1efd-a77a-4efe-83e2-3a559e24203d,2026-02-03T09:22:51.764684,-26.2145713839015,28.02989800588999
8e25d147-4ccb-4b6c-956b-5674af4a3fa0,2026-02-03T09:22:52.764684,-26.191116868156243,28.066343909725443
bc75bdda-041b-4d92-b516-59db7538fee0,2026-02-03T09:22:53.764684,-26.191926615125812,28.060405839170667
93848f9e-0b50-4aa5-926b-b6e2c875b111,2026-02-03T09:22:54.764684,-26.214982309626425,28.031585207756105
8e1c2c24-c239-4dbb-85ff-e4a911c1ea1b,2026-02-03T09:22:55.764684,-26.213768460181285,28.035906126165756
6ddacefc-3ecf-477d-8aeb-d27ab58d98a6,2026-02-03T09:22:56.764684,-26.202904729706063,28.052267941982773
af5dba8d-8f93-410d-8d6d-7df750b9cbd2,2026-02-03T09:22:57.764684,-26.216357701262094,28.03815235495307
950995bf-afef-4851-95d0-51ad68ef97f5,2026-02-03T09:22:58.764684,-26.215889351694656,28.035310297907365
a2719fa3-6fc8-41dd-bc61-d11f224d5d0b,2026-02-03T09:22:59.764684,-26.223783325860534,28.054156371615893
5935713b-12e7-4e9b-8519-550828f5391f,2026-02-03T09:23:00.764684,-26.193693894553345,28.03823969109193
264d342f-b170-45c5-9d18-6bb0973a6bd9,2026-02-03T09:23:01.764684,-26.221734300029837,28.044547652782313
e0345950-79d1-4170-8a0a-1ec3872901d5,2026-02-03T09:23:02.764684,-26.18755686760831,28.059620452725742
024da157-a94a-4b19-bd25-c43b66f39230,2026-02-03T09:23:03.764684,-26.212713136154527,28.031912000043587
08259685-8820-4302-8bcf-89b813b238c9,2026-02-03T09:23:04.764684,-26.193945578063087,28.030720202831038
83da48c0-f13d-49b3-a59c-85e78d012e13,2026-02-03T09:23:05.764684,-26.194317742979976,28.042279413353793
c676136d-bd21-4f85-b9d2-4b17591dda25,2026-02-03T09:23:06.764684,-26.208453023267907,28.033094267127485
3d3ad0d7-0bb0-44cc-914d-3c8fe60b4881,2026-02-03T09:23:07.764684,-26.20300703298265,28.05968746442347
d7180130-e85b-49a3-aac9-e5c84ce49f74,2026-02-03T09:23:08.764684,-26.199934873797865,28.063268193755423
2fa5959a-c0c0-4787-88da-9e051601a0fa,2026-02-03T09:23:09.764684,-26.19602307844047,28.0477414457189
31b19179-9d95-4f13-954d-bb0bc678a0b9,2026-02-03T09:23:10.764684,-26.21185091956071,28.061159459382512
b6e3280c-a5a1-4ea6-919e-5cf06bac54f7,2026-02-03T09:23:11.764684,-26.188040549906738,28.066746149763755
58da2688-e766-4944-b1d9-6366240ed7aa,2026-02-03T09:23:12.764684,-26.204477616772998,28.03119671007005
c828d4b6-f260-450b-813a-0dc1ec771d94,2026-02-03T09:23:13.764684,-26.210046565204916,28.039945071020057
ec196a73-deac-43fc-a136-067167062a90,2026-02-03T09:23:14.764684,-26.205627883424793,28.04263752584757
da00ed6f-8d6c-4d31-86d2-4e5e12a00b61,2026-02-03T09:23:15.764684,-26.193403222568534,28.051918250197783
789551c4-4db5-481a-a8c4-17712edeae27,2026-02-03T09:23:16.764684,-26.19194952141781,28.033547700138666
1b5e207d-d39a-45da-bae3-70b2966f21ce,2026-02-03T09:23:17.764684,-26.202572163958504,28.053845203081874
045b898f-713c-4306-ae07-47493d0ad3c4,2026-02-03T09:23:18.764684,-26.217206955325363,28.03020293607158
abaa29c1-2736-4f0d-910a-706615937798,2026-02-03T09:23:19.764684,-26.222527772934665,28.03767782427455
dac52186-a35c-42cb-9256-e4ae3996b37c,2026-02-03T09:23:20.764684,-26.186806407359754,28.039446348881167
7eb15826-aa05-46e5-bdb7-331f7a1b4508,2026-02-03T09:23:21.764684,-26.19489125235411,28.033309785202864
fe5bb792-ff05-49cb-a53c-7c873c3002f4,2026-02-03T09:23:22.764684,-26.214338484139326,28.048993787509566
d1105d39-1dfa-4983-b489-d0f2f10c6138,2026-02-03T09:23:23.764684,-26.196606249063702,28.032819541439487
cbf05691-5dee-4042-86a1-be83c8cedca9,2026-02-03T09:23:24.764684,-26.191849630066617,28.029536966946594
75ad331b-8b0f-4cf3-a171-18a2b8c76ceb,2026-02-03T09:23:25.764684,-26.20399283195519,28.047889169500547
e9d471fb-aa99-4ab9-aea9-c936b26aa779,2026-02-03T09:23:26.764684,-26.200812506717444,28.057734919312786
f2a295fb-f53f-48b4-a2c1-60d94268c645,2026-02-03T09:23:27.764684,-26.187825051976258,28.059562591692476
da440ed2-cf9b-4409-b16f-8155c056fb8a,2026-02-03T09:23:28.764684,-26.21250670621896,28.065228259331466
41791b06-d3cf-40ee-b8f8-0d37d45b4259,2026-02-03T09:23:29.764684,-26.2183529753754,28.04314473874538
d9f45b6e-df52-42a6-b0ea-a5f99db19791,2026-02-03T09:23:30.764684,-26.202882984314616,28.05748589732507
e3b6608b-9d61-4cf5-86cc-81a20b999b91,2026-02-03T09:23:31.764684,-26.19352962052173,28.05492582220694
f6d87a60-9f3f-45b7-a055-daff097305ff,2026-02-03T09:23:32.764684,-26.204716122608687,28.02990532923687
3b9acfe1-3a09-4256-bf9b-bc9aa48c93ca,2026-02-03T09:23:33.764684,-26.193305264062978,28.059673990091063
2f0e1c22-0c87-49c9-b22c-99663e128f18,2026-02-03T09:23:34.764684,-26.214945249292565,28.02999492571125
9743c7db-535a-439f-b057-7160f495e986,2026-02-03T09:23:35.764684,-26.1970964138471,28.05285049189821
adc5233b-b56f-44a2-a6b7-09b8951cfb26,2026-02-03T09:23:36.764684,-26.218566866139156,28.05658014354795
529f2cec-8ff0-4535-8dd8-f534dceb955e,2026-02-03T09:23:37.764684,-26.21670296614794,28.04329091096779
941c0476-4ee5-4578-9b60-45d489c9a6b5,2026-02-03T09:23:38.764684,-26.190127144694596,28.035764823771185
89c77e84-bb1b-45d0-9761-4c05ed4cc57c,2026-02-03T09:23:39.764684,-26.20214860684365,28.03992524234653
5e5673b0-c1cd-4003-8226-ca10418fdc65,2026-02-03T09:23:40.764684,-26.196999968981732,28.055273706612503
d248d692-a59f-4a0c-8f2d-631f963a8801,2026-02-03T09:23:41.764684,-26.20747300046973,28.046322833958893
341149cb-52c1-4576-82c5-6ce83bdfc9ea,2026-02-03T09:23:42.764684,-26.222350745712195,28.03489054230802
23fa9666-fd36-4b3b-a6a1-50730110db98,2026-02-03T09:23:43.764684,-26.19572586295186,28.06270913407323
e2c5a26a-7e6a-4aa9-9966-362f1103f0d3,2026-02-03T09:23:44.764684,-26.22280272742337,28.048876622927523
42373846-e678-4a77-a218-34a1f423a989,2026-02-03T09:23:45.764684,-26.20085071268151,28.061547220369334
ddbf5073-d789-4ae9-80ff-0d8593581585,2026-02-03T09:23:46.764684,-26.198079076463287,28.03586458293325
f878630c-8906-47ba-becf-f36419c96a3c,2026-02-03T09:23:47.764684,-26.198323058654655,28.0371017453003
a0b003e3-5cd8-43c6-be02-0942592b36cf,2026-02-03T09:23:48.764684,-26.20852992528859,28.061395330821828
a5b54fc5-195d-4b9c-84ec-1547e2082e7b,2026-02-03T09:23:49.764684,-26.220791505623062,28.05480200841853
8d1704c7-9331-4031-84a0-2ea38bda61fa,2026-02-03T09:23:50.764684,-26.203251622471875,28.030999808007603
1368d469-3bf3-4196-b650-36195061ea58,2026-02-03T09:23:51.764684,-26.18535875583493,28.03696576890227
054fecd9-fcdd-4059-99ae-6bd258e4bbd2,2026-02-03T09:23:52.764684,-26.19260669239438,28.028904256286328
cb879ffd-8c1e-4da1-b82a-f8d32958209e,2026-02-03T09:23:53.764684,-26.20768213428777,28.059171772321097
2b4478ec-12bf-42b9-95e5-a3ec394a4718,2026-02-03T09:23:54.764684,-26.184965025402406,28.065340163795483
aa904837-8e4a-42cd-98ee-b715914caf95,2026-02-03T09:23:55.764684,-26.200852530567104,28.045483572488966
4f5a3e34-816e-4806-b2ff-202d42b1067f,2026-02-03T09:23:56.764684,-26.214796651948795,28.067093198949994
3fc237c6-8063-4813-963e-a6aebf5ed256,2026-02-03T09:23:57.764684,-26.20221078951015,28.064172987310755
67c85112-500e-426a-9ea3-0b6d5a6d57e2,2026-02-03T09:23:58.764684,-26.197284291775002,28.033019535572354
6775a7c6-f43c-4e7f-9885-606f8f804beb,2026-02-03T09:23:59.764684,-26.189776431465436,28.0377182262998
df54338c-c7ea-43ff-abff-f179844f4844,2026-02-03T09:24:00.764684,-26.193977402438573,28.0313368374878
eff9f361-c7d5-4c7c-ac0f-1805cd7f345a,2026-02-03T09:24:01.764684,-26.206836529519087,28.04702787444419
071dfb3d-86d2-4f90-b62b-1e474018c685,2026-02-03T09:24:02.764684,-26.197341410310386,28.037238308810156
d113274c-8e14-461a-b53d-b5a126fda38d,2026-02-03T09:24:03.764684,-26.184897096442484,28.062678177980718
69544a84-4e70-49c7-875e-248891cb45da,2026-02-03T09:24:04.764684,-26.220433231094106,28.046077209419177
ec916542-e600-49fd-b6a2-477e60f0d510,2026-02-03T09:24:05.764684,-26.196763978828614,28.02940959341129
55f2e394-6583-4ce9-99f8-9ba1e5f7be66,2026-02-03T09:24:06.764684,-26.22133544492609,28.055263382229263
10f1ac6d-f9a4-4b61-9bb6-008159002560,2026-02-03T09:24:07.764684,-26.201747200267853,28.05017155216301
540e9695-ca68-4fce-bce4-dbda60565746,2026-02-03T09:24:08.764684,-26.210404102965573,28.030798389828718
cbea293e-552d-428f-aee7-f0062b13e4e9,2026-02-03T09:24:09.764684,-26.215127603144325,28.053299469339965
981453fe-f074-4001-8666-d10edb327dba,2026-02-03T09:24:10.764684,-26.2048628353227,28.058678275804247
3ee58109-472d-43af-ad59-9af0b060336b,2026-02-03T09:24:11.764684,-26.18792428914793,28.044589603818654
4c4734a3-b73d-4944-9a8b-2f15022d6220,2026-02-03T09:24:12.764684,-26.20193980236558,28.03673463011809
601c100f-0014-4d25-98a8-5418a0520d70,2026-02-03T09:24:13.764684,-26.214704405075803,28.039950752105867
f28a4d3b-e485-4eeb-b024-c63b7dc70d77,2026-02-03T09:24:14.764684,-26.207755445716533,28.045000313808394
b58d4add-2049-4a4e-a660-f79d61c4092e,2026-02-03T09:24:15.764684,-26.2184461034992,28.054103154672347
0ce516b9-3b10-4760-9650-5e9d647e928d,2026-02-03T09:24:16.764684,-26.214389759720483,28.04496154865566
a3bfe13a-c80f-40fc-842c-88699f547ba5,2026-02-03T09:24:17.764684,-26.190877201250558,28.054398604228115
a7006ffe-dd9f-4e43-a2c0-f7d5fc9da6e9,2026-02-03T09:24:18.764684,-26.18587420888277,28.029124326888713
b219321b-de53-482b-b41e-c6fd99e4d240,2026-02-03T09:24:19.764684,-26.207018687804155,28.06638216534097
7d0e1517-b0f3-4eb6-a2f4-f76eb775a08a,2026-02-03T09:24:20.764684,-26.201720498403343,28.033390402662594
4c9f8fc2-8600-4cd9-b97e-ccff6bef3a19,2026-02-03T09:24:21.764684,-26.201280932663646,28.04326676688036
8e276b58-9c4b-456d-be45-78af4becba0a,2026-02-03T09:24:22.764684,-26.217888831625398,28.031706759226566
ae35f6b7-b4d2-4d93-a30e-e3ed85d94076,2026-02-03T09:24:23.764684,-26.186072955461437,28.0531748996657
77d2ffc0-159a-47b5-8551-27ed3cf7421b,2026-02-03T09:24:24.764684,-26.219518480356303,28.042318615815294
516a152a-3016-4bf3-8118-b4381e56589e,2026-02-03T09:24:25.764684,-26.211799733860683,28.048562867509506
84e1db9d-bd26-4d5d-b683-9f320c058d04,2026-02-03T09:24:26.764684,-26.188420167138823,28.03397553646015
4619bc6a-d1c3-4584-b6e7-ac83dab42549,2026-02-03T09:24:27.764684,-26.21156448290802,28.033129613799634
f26bc52a-53b4-4945-8635-120e1f89d566,2026-02-03T09:24:28.764684,-26.207355000767354,28.06075179121548
1377e3ad-a637-45e5-8eb2-bc244ba96b92,2026-02-03T09:24:29.764684,-26.218860883796,28.06055473602689
0f21dfb7-e1e9-4708-a0eb-b9ead619fd1e,2026-02-03T09:24:30.764684,-26.223546365590618,28.038645419455424
a72dbec3-a855-4810-9c2f-2204f94ecd4f,2026-02-03T09:24:31.764684,-26.205492621931437,28.048092749970877
8e23260f-2a16-4c29-b3cf-ba8c3b489e8c,2026-02-03T09:24:32.764684,-26.196705998009254,28.057388599394276
617f0a20-c43f-47a9-979b-f8b8f4af2126,2026-02-03T09:24:33.764684,-26.195410031815527,28.066522061704354
ea03cf8c-9515-4752-8814-6b6904449bc5,2026-02-03T09:24:34.764684,-26.200706950933885,28.060578594195597
f7344b0a-f1fc-404b-b71d-4cb2e28cf1d4,2026-02-03T09:24:35.764684,-26.18824074415129,28.055648173990893
750a888f-2e83-4816-acb3-2e3dd80e6d0d,2026-02-03T09:24:36.764684,-26.20403590256624,28.032811685931385
13d7ff97-97bd-4893-a2b4-7631fae852d8,2026-02-03T09:24:37.764684,-26.202091709194463,28.052006955232514
93212e34-c896-4fb7-882d-017d9b4702c3,2026-02-03T09:24:38.764684,-26.22260127876745,28.06195090222697
032bc62d-4ac8-4897-aa97-eb72f53ede7d,2026-02-03T09:24:39.764684,-26.20169718787514,28.032968132072874
565cd5d6-ad3d-4a1b-8b29-03fdd3767d67,2026-02-03T09:24:40.764684,-26.18507235415695,28.03406867493035
358f7065-361f-4afe-85d9-13cd4360b1e3,2026-02-03T09:24:41.764684,-26.20823119568161,28.03630418492901
4dd853c5-187f-48ed-861b-e663a9bb77b2,2026-02-03T09:24:42.764684,-26.195279756801565,28.055063525942458
f6a37530-ba95-4022-babd-7b9245c9db3e,2026-02-03T09:24:43.764684,-26.19528050678072,28.053747277563467
9ce3fcbe-5d9d-4a91-b256-37bb0d653331,2026-02-03T09:24:44.764684,-26.193691156795964,28.062837017983146
0855dcd8-b203-422d-a906-cd9646e90c75,2026-02-03T09:24:45.764684,-26.203013846552466,28.047938209113244
80930b24-0787-4bad-90fa-e764db4c45a3,2026-02-03T09:24:46.764684,-26.22306813912831,28.059950089872473
bce656b3-c605-44dd-83b9-13d5ff652217,2026-02-03T09:24:47.764684,-26.20294257053245,28.056359319166173
ae74d253-3d01-4833-bccd-d6002fb61a16,2026-02-03T09:24:48.764684,-26.193205768124262,28.06258989698931
f584f5d7-0ff2-4d1b-8400-db1189f7f91c,2026-02-03T09:24:49.764684,-26.21481312399401,28.05490515032544
0a9d9119-49b1-491b-ac7f-e171ac9586fe,2026-02-03T09:24:50.764684,-26.215669636634598,28.034131458213466
47a112e2-f030-46f4-865c-a15232678d7e,2026-02-03T09:24:51.764684,-26.217912864435554,28.030365560156593
163da659-f471-4f86-bef5-942ed41e43bc,2026-02-03T09:24:52.764684,-26.207826683805102,28.052843800780913
16f56544-b068-432d-af52-21539249e540,2026-02-03T09:24:53.764684,-26.185894554555727,28.03068164607822
cfa46aa4-a744-4781-9e2d-31ff246740c1,2026-02-03T09:24:54.764684,-26.20821112074941,28.042566577250277
aa4ca4f7-3c1d-4048-8a6b-e3854c99c764,2026-02-03T09:24:55.764684,-26.186349718071867,28.043524608094522
462007fe-85c3-452f-83a5-7aa2a08bc3b3,2026-02-03T09:24:56.764684,-26.22125377910229,28.03946956770899
b1006233-538f-4315-a1fa-8f5b7746f7dd,2026-02-03T09:24:57.764684,-26.200593222059275,28.054731527917276
2a105718-e78f-41ce-be76-8150007ef358,2026-02-03T09:24:58.764684,-26.218290675749607,28.043613877010525
19870f54-b713-4bea-ba62-b271fde307ca,2026-02-03T09:24:59.764684,-26.20938094654067,28.034599676382655
1715fe43-b17f-4c22-a553-57272dbf182d,2026-02-03T09:25:00.764684,-26.19189457987207,28.037643673879263
23dd8219-40a9-4fed-b3b8-a6fb87931dad,2026-02-03T09:25:01.764684,-26.217449823402838,28.041572212960272
e4cd8c23-a98c-4aa8-a3e1-410123eb5558,2026-02-03T09:25:02.764684,-26.195155252876642,28.030507556983217
83910897-6edc-4449-8178-6605945f823a,2026-02-03T09:25:03.764684,-26.20966095174487,28.061218478894418
5e4bffcb-2f83-45e4-b83a-415bb9b31826,2026-02-03T09:25:04.764684,-26.213493713939428,28.05449449829979
f309a92f-83d7-4d76-bb56-a9bd6d62f74a,2026-02-03T09:25:05.764684,-26.186232899119116,28.05021977557473
0dafcbca-cd0c-4513-bca1-062f110a5076,2026-02-03T09:25:06.764684,-26.2001426843716,28.04835401912188
9c267506-e81e-4623-8d13-545562428652,2026-02-03T09:25:07.764684,-26.218971747403135,28.0642249133522
90651d21-559a-4383-a25f-de128c94067c,2026-02-03T09:25:08.764684,-26.209570189259725,28.030554349816953
5dc6ba22-524c-44ed-9709-abc6d79fd072,2026-02-03T09:25:09.764684,-26.198553046149556,28.040538953358137
a7a99a57-7400-47a9-ae27-37cbcc501916,2026-02-03T09:25:10.764684,-26.203777034309244,28.04114987285169
14f7f4dc-c19c-49a8-b1eb-a20c8a73ba36,2026-02-03T09:25:11.764684,-26.198325936307256,28.05163520327691
875fb692-8881-4f92-9313-928191caddff,2026-02-03T09:25:12.764684,-26.219918145699047,28.038605440329366
74ab78dd-4b8c-45cd-8093-1ec56c2d72d8,2026-02-03T09:25:13.764684,-26.19675593404261,28.02855337421333
11eefc5c-c4d0-4622-972c-2e1f9a635e00,2026-02-03T09:25:14.764684,-26.222775591115926,28.06701230594409
45d22f5f-13f2-4fe0-818a-2d4d1c5c91a8,2026-02-03T09:25:15.764684,-26.21663623548172,28.05284503881563
9a7591a3-4a53-4c04-ad3f-f3615e3b6af7,2026-02-03T09:25:16.764684,-26.19476491440867,28.040166605549228
38ddb99d-aaa5-491a-b963-c2d088f40290,2026-02-03T09:25:17.764684,-26.192977411629546,28.05326853928065
d9bec4a2-79cf-488c-90b7-76d1b24eeda4,2026-02-03T09:25:18.764684,-26.194396646826764,28.041779169426714
a953c417-5983-4e85-8854-00534b831a1e,2026-02-03T09:25:19.764684,-26.188931891348037,28.05546401944095
568c8c7b-e0ff-4a9b-adfb-6e464dc46674,2026-02-03T09:25:20.764684,-26.220511766090883,28.052209698793185
d7813a28-4c66-4011-9809-a5f768511a9d,2026-02-03T09:25:21.764684,-26.185458864497523,28.052123105850566
8dc2350a-8a03-4739-a2bf-7d62cba3f64d,2026-02-03T09:25:22.764684,-26.19189856851466,28.037820088792902
39a6b008-7822-4182-9de9-f35c43c02360,2026-02-03T09:25:23.764684,-26.186179093619433,28.03704520321163
c49de0d1-693d-42c1-b9a9-16e58a186f48,2026-02-03T09:25:24.764684,-26.219616281562445,28.062018574296545
842053b0-04b3-4426-91f8-0e78608980b3,2026-02-03T09:25:25.764684,-26.217011094408107,28.065174895593962
caaeae63-7cbf-4e02-afbd-29c246cd2950,2026-02-03T09:25:26.764684,-26.214459891365227,28.037323112463547
01621edb-aa87-47f2-8811-77ab6e4ac52f,2026-02-03T09:25:27.764684,-26.188948408303748,28.053334884611534
a570b739-7e43-41b4-b6bd-3a2f54e9eb6b,2026-02-03T09:25:28.764684,-26.20557712528183,28.029418168586687
1beb7b19-4033-4262-820a-1e670ec6e0d4,2026-02-03T09:25:29.764684,-26.188192689073688,28.03366327962942
bb18fe65-7c73-493a-86d9-43f3a0f103f6,2026-02-03T09:25:30.764684,-26.20359151138659,28.0395380283678
ea6d44c3-e49c-4621-bcfe-907ad5929f88,2026-02-03T09:25:31.764684,-26.207020188822387,28.061950670838534
9dcba82a-a0bb-4473-8354-1bb1ec0e5255,2026-02-03T09:25:32.764684,-26.199281626014972,28.05505607135446
fe7aa44d-1d3c-4393-b07d-61a1bbf3952c,2026-02-03T09:25:33.764684,-26.188088089610876,28.055142041280465
b1cb05d8-4f6c-4603-8a4d-933b48d406c8,2026-02-03T09:25:34.764684,-26.189959408001567,28.03592464030842
b01fb9e0-e01e-4460-b3d4-1711a8b8a556,2026-02-03T09:25:35.764684,-26.193432872027916,28.065109651410417
70d7e48e-236d-4500-9f30-9335dea767b0,2026-02-03T09:25:36.764684,-26.20104592887881,28.027995152187312
4600ef8b-29b9-42ad-87e4-839c492d3430,2026-02-03T09:25:37.764684,-26.220944948237857,28.030221622759655
a6af1419-79e1-41b2-bd40-3466ac4c04eb,2026-02-03T09:25:38.764684,-26.195876910477768,28.065051263338596
4d26158d-46d5-4ac6-949a-49e0a3c43516,2026-02-03T09:25:39.764684,-26.198758483754702,28.05979828400302
9a6304b1-303f-4905-8c58-d106d6185811,2026-02-03T09:25:40.764684,-26.216061606682644,28.030270993612078
405b8c21-3b40-44e8-ae14-36bc6888d11f,2026-02-03T09:25:41.764684,-26.191367530892666,28.029304436966775
731b6b4c-842e-46c1-8f29-c87657e81ddb,2026-02-03T09:25:42.764684,-26.21068251720192,28.04324424718999
51ffc1b9-d143-4798-95b0-3f8f2854d0e2,2026-02-03T09:25:43.764684,-26.206811056751018,28.065416086339248
4c841786-f5aa-4427-a19e-5113916793c4,2026-02-03T09:25:44.764684,-26.20241097084596,28.02981754225354
908d3992-6150-4336-b873-8d0f9ebe0f83,2026-02-03T09:25:45.764684,-26.22326177048554,28.061534258696334
a33bde2e-fd90-4b90-89d4-b277b4f41dd1,2026-02-03T09:25:46.764684,-26.21495193748057,28.044223304412018
ddff34f5-a339-4c73-bd04-85854ac79788,2026-02-03T09:25:47.764684,-26.216627077603277,28.053426524545383
91c3cf95-d7b8-4add-97b5-416179726024,2026-02-03T09:25:48.764684,-26.207984771005425,28.06642024689214
e2711644-40b2-4917-9060-1269ea350872,2026-02-03T09:25:49.764684,-26.220066392892985,28.06303351388333
cd3f3f8f-618f-4462-b8fb-0e8d269c8b50,2026-02-03T09:25:50.764684,-26.201919133739505,28.044713052086806
2c25ecd3-1361-40d5-81a9-e7f99df5c66c,2026-02-03T09:25:51.764684,-26.20134435281052,28.038422464176943
2ae64211-de1a-4002-847f-c4cf10fa5b6f,2026-02-03T09:25:52.764684,-26.216373870474225,28.042591100274382
c3bd69c5-78b4-453f-8bf0-a2ae1f70ec9e,2026-02-03T09:25:53.764684,-26.208916979945272,28.066756877309427
1de343ad-0d80-425c-922c-908ad763739e,2026-02-03T09:25:54.764684,-26.198279758411054,28.050793044697105
518b9096-b9d3-4728-b05a-a4b48f14c90f,2026-02-03T09:25:55.764684,-26.219677113282295,28.045330485300614
fd13683c-a32c-458f-ac8c-79e44417d787,2026-02-03T09:25:56.764684,-26.190636548103733,28.029182035120325
71e65a23-fa86-442f-acfc-480139e3acf9,2026-02-03T09:25:57.764684,-26.201484549525965,28.064223533880817
42365d7c-bc9c-4bc7-8ca8-7a7c39dde6f4,2026-02-03T09:25:58.764684,-26.19738931162949,28.039631440739182
8ed567a5-ceca-4898-84b3-aff8b15c08c4,2026-02-03T09:25:59.764684,-26.223832325280714,28.038081481002056
2b43e867-fd4b-405f-8275-e5247089f3f6,2026-02-03T09:26:00.764684,-26.192233896736838,28.061996111159555
16dfd8b4-fc4c-4d45-83dd-3205149f63db,2026-02-03T09:26:01.764684,-26.211060275979985,28.045924128544332
a0f58e81-c099-440d-9274-605a59637c35,2026-02-03T09:26:02.764684,-26.222174390431466,28.054449252084908
90dc34be-9b9c-4953-b403-3e91c4786002,2026-02-03T09:26:03.764684,-26.18694872091888,28.064075797690286
a7324fee-ee90-4bdb-8d28-c919edb62037,2026-02-03T09:26:04.764684,-26.189151956583437,28.061839329332887
048a3290-5640-4b78-b38b-30a3845f26cc,2026-02-03T09:26:05.764684,-26.187307408856075,28.04018434675211
76a6073a-5838-46a9-bfa3-8deb7af5974d,2026-02-03T09:26:06.764684,-26.18843019725033,28.036620180855046
af577b90-f7e4-47ed-acfb-c8cfc05c55b5,2026-02-03T09:26:07.764684,-26.202126981843083,28.03596370307645
ca5a7947-4d2e-48da-bbcf-90722c606360,2026-02-03T09:26:08.764684,-26.2086757699458,28.055018931565876
2e0a3dfc-3659-4c91-bda3-efd171257fc3,2026-02-03T09:26:09.764684,-26.19022040797749,28.066393910072502
ccae42dd-2fe3-4fda-9d02-fe5059a5b9a6,2026-02-03T09:26:10.764684,-26.200507410314458,28.055409489960542
8308bb9f-801f-4725-98ed-822c8fe295b1,2026-02-03T09:26:11.764684,-26.19922246556232,28.044109886548124
1a5dff66-0cc8-43d8-9224-b66d0bbe475d,2026-02-03T09:26:12.764684,-26.206312890374928,28.062830546516324
a978faf6-e7cd-4c2e-8952-bac9efdefa91,2026-02-03T09:26:13.764684,-26.20135834921881,28.053781079752014
4039dbe7-38cd-42bc-828d-157ed9dbb3e9,2026-02-03T09:26:14.764684,-26.184237359255004,28.030746219931395
23ceb49c-9a6d-457b-8b3f-3eacd1897cd9,2026-02-03T09:26:15.764684,-26.22351009644638,28.03998536386942
4ade118d-e713-4ac2-8c82-36e9138c414f,2026-02-03T09:26:16.764684,-26.21256238125528,28.063055474431913
e2b3ab8a-325b-422b-b443-a7dc5e5f9234,2026-02-03T09:26:17.764684,-26.206077957052877,28.03658821734454
95e219f4-3898-42c9-8cb3-777114455a0d,2026-02-03T09:26:18.764684,-26.22095711028982,28.051519862532007
65286801-28ab-4c9a-9082-293f8551edc1,2026-02-03T09:26:19.764684,-26.184572752843952,28.02747323688949
44f35584-8a80-40f6-bd32-d2f387ecc520,2026-02-03T09:26:20.764684,-26.206575501927173,28.06110051511694
aa9b9790-fe8f-44d1-b61f-a9ad4a029b42,2026-02-03T09:26:21.764684,-26.222394005988715,28.057494361963457
789bb633-1c54-494a-8208-138310080545,2026-02-03T09:26:22.764684,-26.215583675550373,28.039013951553486
6d706612-1dd7-4330-90be-8af3ecd31e35,2026-02-03T09:26:23.764684,-26.21902196273006,28.06288504004526
666efb33-71af-456a-9af5-f241723412fb,2026-02-03T09:26:24.764684,-26.187470704584484,28.04260727632164
9365d532-f043-4d8d-b1ef-e37d68c93cd2,2026-02-03T09:26:25.764684,-26.18666349943189,28.042866379320873
1e4e311b-4cab-49a2-b670-b8d0c031e671,2026-02-03T09:26:26.764684,-26.19165228823214,28.03244122802224
f5737136-a7ef-4e56-a948-e05bb9c85eb3,2026-02-03T09:26:27.764684,-26.211356586507247,28.035180513793257
a41d4f47-0b06-45b4-911d-59b0f77e273a,2026-02-03T09:26:28.764684,-26.218889762206224,28.035301882986744
b626237f-1c76-42a0-a19d-81e8a438bd68,2026-02-03T09:26:29.764684,-26.196125832874316,28.066123398761874
664bc48e-642f-4b17-94e5-4fb21fdae8d1,2026-02-03T09:26:30.764684,-26.20307668850678,28.038949480074272
3a5088aa-0a7c-4192-8de3-2f41edefa335,2026-02-03T09:26:31.764684,-26.207083259105953,28.064208023988854
b27008b4-9637-41d1-8412-2fe2da5837aa,2026-02-03T09:26:32.764684,-26.19417573979405,28.05817644803517
c645a75f-8784-4b0a-9d87-4af7377e929e,2026-02-03T09:26:33.764684,-26.213179580165647,28.056223228570673
b4d9404c-a4fd-4db7-b7d2-634931d18c90,2026-02-03T09:26:34.764684,-26.207660627667355,28.027477832402855
6cd0416a-2bc2-4816-8702-fc70c777ce3c,2026-02-03T09:26:35.764684,-26.193912735492226,28.054769273263403
2156e68c-6033-4d97-ae03-63feace83fd4,2026-02-03T09:26:36.764684,-26.205346365147854,28.05384431438671
80e9c217-9086-4498-9d65-eaf7c164f9be,2026-02-03T09:26:37.764684,-26.199164219401638,28.0623727402949
8775d897-e53c-4b62-b1c6-06718327ffba,2026-02-03T09:26:38.764684,-26.21453231221538,28.06333631829812
17e51b28-7f0f-4d5b-8401-ef1865f76773,2026-02-03T09:26:39.764684,-26.192758955457645,28.04157461056888
0925c640-f7f3-47f4-bd78-6c89b6137c54,2026-02-03T09:26:40.764684,-26.223948561592973,28.059195851365715
bcd36354-328d-4c09-9cb7-23cb60fdf20d,2026-02-03T09:26:41.764684,-26.214871893157223,28.03341270380569
3358cf07-3ac0-46eb-a3bd-3796ad84c5c3,2026-02-03T09:26:42.764684,-26.22251395849899,28.04397543550365
97923ce7-d3a3-4de5-bb2a-56b8f7c92407,2026-02-03T09:26:43.764684,-26.19541574826026,28.066615199148007
6c4c18b7-8290-4f61-895d-a50269131de1,2026-02-03T09:26:44.764684,-26.222714473859423,28.05966656323078
e6d95fe8-9400-495f-94f0-00d53b593269,2026-02-03T09:26:45.764684,-26.215276454132354,28.064292246276167
78dac89a-4ca3-49d3-ac12-f92f1ec80d23,2026-02-03T09:26:46.764684,-26.20050021549103,28.063682098793024
a8e94127-7d88-48bd-81c1-365bf08e957b,2026-02-03T09:26:47.764684,-26.223198179211067,28.053691232938533
6a2ebcee-f551-404e-a701-bbfb39e7ce54,2026-02-03T09:26:48.764684,-26.203784320377626,28.067081831047457
dfeffbb9-62fe-458e-9a42-c345b14dc4d5,2026-02-03T09:26:49.764684,-26.20867107789221,28.035036169939993
8a73bb1e-21a3-4bc3-9d61-5b0a149d03ee,2026-02-03T09:26:50.764684,-26.184544447279134,28.031162112831808
fb58b696-3ecb-4fca-8852-e8ad592d78f4,2026-02-03T09:26:51.764684,-26.20757120449644,28.035872865832097
9e1cb024-60e6-424e-b496-8cae10493254,2026-02-03T09:26:52.764684,-26.21731781800007,28.052717493612633
6d15d756-f174-41d0-b5d1-c227ef0678af,2026-02-03T09:26:53.764684,-26.205603362346306,28.06085834392146
5dc124e0-3c22-4841-b3e2-60d46cd288e7,2026-02-03T09:26:54.764684,-26.19922364742804,28.045091266613575
4de0dd6a-b2fa-4361-924d-724b35ba7b7d,2026-02-03T09:26:55.764684,-26.205666552118924,28.051949698030118
ab4d4ec4-714c-46f6-8e9e-fb928dc721c5,2026-02-03T09:26:56.764684,-26.216450853592832,28.04846162504192
4d4b690a-9878-43b9-9bbc-842ec19e48eb,2026-02-03T09:26:57.764684,-26.21735262447808,28.046343323792346
de14c6a5-f24a-4f60-94cb-ca33ca97c0e9,2026-02-03T09:26:58.764684,-26.19775617893625,28.04659670821041
5d4f7933-32c8-4b5b-9ac8-df231232895d,2026-02-03T09:26:59.764684,-26.194315078307735,28.046223559444496
d83627ed-573a-45f2-94e1-b4f011664c3a,2026-02-03T09:27:00.764684,-26.18680581882834,28.032159066254017
6e248329-0063-4f4c-96d4-7a7b35c9c3b9,2026-02-03T09:27:01.764684,-26.217532435002408,28.02799296132486
5c1d0871-315e-4b56-9545-c30ba57a0448,2026-02-03T09:27:02.764684,-26.21117004041212,28.053959449298986
b9cc67fb-182c-41f3-ac35-526df0987dcd,2026-02-03T09:27:03.764684,-26.22223184409972,28.02952276082196
a089f7e3-41b1-40b4-ace2-6991b555c743,2026-02-03T09:27:04.764684,-26.19910722162418,28.030126836782262
b36dbf1b-e440-44bb-a0b0-489dfe01debf,2026-02-03T09:27:05.764684,-26.18567378360495,28.05464672445274
7006fba1-679e-4ebd-a792-7c8b3cb8caa2,2026-02-03T09:27:06.764684,-26.19387656743078,28.03787285084544
33137d1a-405d-485c-a067-d8a3f7545f12,2026-02-03T09:27:07.764684,-26.184946032297887,28.059822327112276
b414271e-bf83-485b-ae72-69eec9235c07,2026-02-03T09:27:08.764684,-26.207007064151654,28.037748352084094
39be2f71-0e12-4d47-9448-eece46ce3070,2026-02-03T09:27:09.764684,-26.193395060048378,28.06138673023942
a7d00536-b5a5-4760-8438-876468f26739,2026-02-03T09:27:10.764684,-26.217903366778334,28.06183280257967
32eb02f8-d3fb-4774-b0ee-6bdb019f54fe,2026-02-03T09:27:11.764684,-26.193895654949884,28.04111388361296
5f419947-83a6-4887-be53-503089752003,2026-02-03T09:27:12.764684,-26.203090970983517,28.054470756632625
3d0b5475-40f9-44a8-81f9-3853096e4a43,2026-02-03T09:27:13.764684,-26.19066990869406,28.060825627662282
6dd4fcb3-2d8f-4a65-b4d8-26143bc49634,2026-02-03T09:27:14.764684,-26.2213174204549,28.063957986212696
a33eec9a-5c77-4b2f-88bf-8c972c052c67,2026-02-03T09:27:15.764684,-26.204456913186586,28.042571402349047
0abf593b-da3e-4adc-bae5-6ebf480bfdc9,2026-02-03T09:27:16.764684,-26.18971083002717,28.054040870376824
67e837b6-db4a-4e63-83d4-ca674499c1b1,2026-02-03T09:27:17.764684,-26.220760541057732,28.05743990058316
e7af10d9-23c2-4128-8e85-9411e030f846,2026-02-03T09:27:18.764684,-26.22406519694377,28.04737207920016
b0fa151f-d726-4e4b-a014-f67708a88fdb,2026-02-03T09:27:19.764684,-26.212872937139714,28.055324544685902
3b01a15e-8248-40b5-8132-6e88b9782302,2026-02-03T09:27:20.764684,-26.190408337064245,28.052874688764142
81f50def-9622-4c34-888a-6a3ae8fb4256,2026-02-03T09:27:21.764684,-26.215711291853065,28.06618650152237
d16d98b9-bd34-4066-a703-e9ed42ec6e30,2026-02-03T09:27:22.764684,-26.192415805793836,28.03211240051856
f4cf630c-9f42-43ff-bb58-c8291e49c3d5,2026-02-03T09:27:23.764684,-26.19558908860769,28.057117875231977
c0ae7a95-88d7-4b7f-935b-7045c72cf346,2026-02-03T09:27:24.764684,-26.200755745290493,28.04491033488694
8023b8be-1467-4e10-b348-da55978a7bca,2026-02-03T09:27:25.764684,-26.18553543700585,28.066504512439103
30bab5d7-19f8-4b29-983e-ff7cfbb47318,2026-02-03T09:27:26.764684,-26.219410230977005,28.047550268286166
877484d1-8025-4ce6-9eb2-eefb1a4ca5bd,2026-02-03T09:27:27.764684,-26.21842989962769,28.06706080749888
360d075d-decc-4c7d-9b3c-48c5f66665f8,2026-02-03T09:27:28.764684,-26.19285560728866,28.03260815938976
729b45d0-a989-459f-bfa5-87aa1a0dbbd7,2026-02-03T09:27:29.764684,-26.19098905913731,28.047510538412013
794ce098-f849-417b-8286-6f7ad44b4fa1,2026-02-03T09:27:30.764684,-26.189388199556763,28.051839928085368
4f9633a9-a75e-411b-bbc1-b31226ca0b42,2026-02-03T09:27:31.764684,-26.20161864947834,28.036259008262284
5aefd32b-27f9-44b9-b4f2-e6cc68d670e1,2026-02-03T09:27:32.764684,-26.196659889069824,28.046074023294256
c4effff6-1015-410d-a2d4-06373c10d3d9,2026-02-03T09:27:33.764684,-26.192906151540132,28.05874753987929
797764d2-7cef-4964-8ce5-59565babf04a,2026-02-03T09:27:34.764684,-26.20517819170895,28.04612725220277
f89a810b-ded6-42d4-95ef-c051070cd29a,2026-02-03T09:27:35.764684,-26.197572606710086,28.04379355523631
df9f309c-0fc4-48bc-9d1c-2eb499d9e24d,2026-02-03T09:27:36.764684,-26.208091125672293,28.048712258206265
0e377730-cdae-449f-ac02-bc19cf6473e3,2026-02-03T09:27:37.764684,-26.22157361967346,28.046305622941368
e974ebd5-d7a6-467c-baa4-c078b6ee23ba,2026-02-03T09:27:38.764684,-26.221185202032846,28.040882521987328
62b6e943-f684-4ac4-8131-0d3506d67a16,2026-02-03T09:27:39.764684,-26.200935955566003,28.029490142297394
68b83a59-fb71-4f9c-90f6-13adb82a8963,2026-02-03T09:27:40.764684,-26.20258513205187,28.042066871271135
bebfe66b-ca77-47c6-9e50-9026bfbe0760,2026-02-03T09:27:41.764684,-26.187717248356442,28.052380066877383
02ea09b0-357f-41f8-a897-ce7165a0b410,2026-02-03T09:27:42.764684,-26.211642492889748,28.041534861957835
de3c25bb-d37b-4f85-8631-d08a27809eca,2026-02-03T09:27:43.764684,-26.197998875095426,28.05310509949505
7ea9e880-e884-48df-966b-93695da7e503,2026-02-03T09:27:44.764684,-26.195129014389252,28.037378656058696
1c8a83b5-cb9c-4acf-84d9-cf25ef81430e,2026-02-03T09:27:45.764684,-26.200604529804803,28.054701872721367
a0e99c27-f4f2-4643-aa19-a7b66c6eb032,2026-02-03T09:27:46.764684,-26.220516867862475,28.05004803649597
fced655c-c2d8-4c55-851b-a5cfb3d5ffd7,2026-02-03T09:27:47.764684,-26.21672000960569,28.06353322241416
899646f3-f0d1-4e93-b39b-a622b9b13242,2026-02-03T09:27:48.764684,-26.20860324141267,28.056102493628295
eb1abdc8-0552-4e53-bd86-1d060448fb08,2026-02-03T09:27:49.764684,-26.21659851435766,28.03096935265329
d434649f-89f2-4a07-b65b-492af18f5aca,2026-02-03T09:27:50.764684,-26.19744601397622,28.04609684250795
893cbc2a-a421-4d66-88e5-4f39e52e82d5,2026-02-03T09:27:51.764684,-26.187018928411938,28.038482132560997
4e18b69d-240a-4e51-8c11-2d9f707779ef,2026-02-03T09:27:52.764684,-26.209236142313635,28.03175413675799
464171e8-63f6-4fb3-b5ac-6233af3fc774,2026-02-03T09:27:53.764684,-26.19564596198464,28.03802801283704
7a90d8ef-f5a3-48e1-ade2-d2918526ade9,2026-02-03T09:27:54.764684,-26.200940362846634,28.05616533372471
01d4af3b-83f0-4a5d-990d-0ecdad96a1c8,2026-02-03T09:27:55.764684,-26.210886212424356,28.05119646604155
a84547d2-52ef-4e6b-a79c-5e6a41af3a96,2026-02-03T09:27:56.764684,-26.19551327882164,28.0557063465546
51cc52ff-b0b9-4e63-8e6d-ff8982668df0,2026-02-03T09:27:57.764684,-26.20252163128332,28.045982547451
9050612c-79b4-4630-988c-c8834139c9b0,2026-02-03T09:27:58.764684,-26.205870241725727,28.03717025399891
ba576520-79c8-4330-9416-6d7b2bbabae7,2026-02-03T09:27:59.764684,-26.20746741487742,28.060443705981037
13d2bbbe-a550-4a1b-b679-404a2f84485e,2026-02-03T09:28:00.764684,-26.21625471932134,28.031871125877448
6a12f56c-4c90-4bef-b6cb-961394ad9733,2026-02-03T09:28:01.764684,-26.21429734234234,28.05933280173912
ed0f903f-7329-4cbc-b948-3010b655aa08,2026-02-03T09:28:02.764684,-26.207344561582104,28.052623150228168
27d6b6c7-2fc4-467b-a1bb-342953c3c827,2026-02-03T09:28:03.764684,-26.22217176103736,28.046797556183417
2a71b133-6014-475b-b70d-eee0a4dba373,2026-02-03T09:28:04.764684,-26.201274383795205,28.03040656694181
5610a0f7-bdbd-460a-bc12-0ff226e3acb7,2026-02-03T09:28:05.764684,-26.217283642271884,28.06409372085506
afaab479-18e7-42b0-a35b-73639105c02d,2026-02-03T09:28:06.764684,-26.200951137377576,28.058799711823635
9ed4c00e-ea1e-4c4e-8be1-17044f295c52,2026-02-03T09:28:07.764684,-26.207743515597322,28.062502939190203
2c21d97d-e31d-4480-b18f-0212449ad2f3,2026-02-03T09:28:08.764684,-26.197133479904323,28.048056352385714
9b17e760-82f7-40e1-a2ad-afd99daca4f3,2026-02-03T09:28:09.764684,-26.18457113757993,28.02783752484558
23957c82-3d7d-4a7a-b718-b0516df0b0d4,2026-02-03T09:28:10.764684,-26.18554130059312,28.05607508492831
b97f83a4-6fe4-498f-a5aa-4bd125499368,2026-02-03T09:28:11.764684,-26.205626945815162,28.064261055106343
b1e6d182-fb92-4141-a876-891015cd1961,2026-02-03T09:28:12.764684,-26.201117259881155,28.02934589279568
31a84511-38c1-45db-8486-719c85f340ae,2026-02-03T09:28:13.764684,-26.193493706108107,28.053119717391386
870c83cd-93cb-4982-a920-d8727afd4a47,2026-02-03T09:28:14.764684,-26.214713189527334,28.06098679836847
8a7460bf-bb12-441c-994b-8dde89b888df,2026-02-03T09:28:15.764684,-26.192742928455672,28.04938365685827
f23d0893-4aa7-47a4-849c-540d355f884c,2026-02-03T09:28:16.764684,-26.20868679101398,28.06291110389316
3d603a0f-9b3c-4614-a9c4-9393288122b7,2026-02-03T09:28:17.764684,-26.22312758690185,28.036471450386117
82fc4c05-4ff1-4f14-9193-0f280a856f4f,2026-02-03T09:28:18.764684,-26.195039259222515,28.033148473297256
7b33926a-88dc-46c8-9399-dd217c3ec565,2026-02-03T09:28:19.764684,-26.22322209292492,28.0329234066723
ba217f46-20e9-4e12-a170-e7e31c5a6ba3,2026-02-03T09:28:20.764684,-26.184840164520633,28.061050607257812
3dc52c3e-93e8-4d26-8d33-f39f8ddee38b,2026-02-03T09:28:21.764684,-26.223778843703943,28.04731368813635
d33711bc-bc22-4a4f-a94d-71f77684214e,2026-02-03T09:28:22.764684,-26.204913083052023,28.051351265729952
d5398a6d-582c-400f-9cd2-e934a88629bd,2026-02-03T09:28:23.764684,-26.197177092249333,28.052007796950303
752a96ec-8344-4afb-938f-ac1b3be13222,2026-02-03T09:28:24.764684,-26.204813893445344,28.063409474136268
2e27288f-1bb9-494a-95b9-f2ca368998fa,2026-02-03T09:28:25.764684,-26.21484550670679,28.06631720430926
419d1a8c-80cb-4002-a0d2-a8766fddecc6,2026-02-03T09:28:26.764684,-26.21509618652493,28.06135686997385
1369a0ed-c6d2-4c1e-bd79-fb7acffd0b08,2026-02-03T09:28:27.764684,-26.18811875032257,28.028777989597405
583d6bbd-2afd-463a-b277-522786b13831,2026-02-03T09:28:28.764684,-26.21434580009861,28.040834037836596
f269e655-d5a0-4213-8e44-10f6879e3399,2026-02-03T09:28:29.764684,-26.222978040716423,28.0545016565951
7d28888d-72d2-4e61-9947-f652de50df35,2026-02-03T09:28:30.764684,-26.18728134783668,28.04777737239943
bbfdc458-ea19-448a-b06b-8c4b695c492e,2026-02-03T09:28:31.764684,-26.21785131913836,28.061482855083625
74746e64-144d-404d-a9cc-a04d39ba6a0f,2026-02-03T09:28:32.764684,-26.214909968740443,28.029869727303208
f605a4d3-ebfd-4838-b7c8-73e56c05ca2f,2026-02-03T09:28:33.764684,-26.192685733942255,28.05569995050539
d540dbb1-4a50-464d-8295-77cf8937861d,2026-02-03T09:28:34.764684,-26.18900940971637,28.049957649073153
1bde26cb-c85a-4448-b2fd-e3f7b777326c,2026-02-03T09:28:35.764684,-26.209418590446766,28.050103577363355
b1e1769d-a255-44eb-a17a-f7c3a05e9689,2026-02-03T09:28:36.764684,-26.20006350883094,28.03063499508775
1bb07c20-06df-4209-9cd7-ff29cc926318,2026-02-03T09:28:37.764684,-26.202776247978033,28.04388117797057
422e008b-2c1f-416b-b261-262de054fb70,2026-02-03T09:28:38.764684,-26.20910994261724,28.06508664409806
83cb861f-55ad-46bf-855e-38471de15daa,2026-02-03T09:28:39.764684,-26.201711997129383,28.0560165324614
9f9b8a14-f82a-4b59-bbee-83eb7a05c5d3,2026-02-03T09:28:40.764684,-26.207004267844464,28.05292396458217
66102050-3ef9-4a6e-bbf1-ed890a27ceb0,2026-02-03T09:28:41.764684,-26.207922717158446,28.05610407637251
484df85b-3e32-47dd-83ec-9c8096a46c7e,2026-02-03T09:28:42.764684,-26.212229713526956,28.042983154087146
9809ddac-0230-4cb8-87c7-bfe3017f9de6,2026-02-03T09:28:43.764684,-26.210088194177363,28.059478762430416
0411fad8-7093-4794-97f5-b313fb614a90,2026-02-03T09:28:44.764684,-26.213043610554458,28.05394238985326
f99f02f9-4273-4f3e-b79d-59e0614d9ef3,2026-02-03T09:28:45.764684,-26.190549208917467,28.030842124261284
d8255cd4-0c33-40ef-ba89-6e35a363b0a2,2026-02-03T09:28:46.764684,-26.223686067906726,28.039626528881247
8df1f618-5ea9-44e9-b6f0-8b21a29217e0,2026-02-03T09:28:47.764684,-26.20446166844755,28.04819812413357
a42b0100-17ee-4368-8e6b-5cbbe0dfd7e8,2026-02-03T09:28:48.764684,-26.211570932279166,28.042153841433265
2e2d7eed-4914-4a0a-ab93-45dc5dbf9d87,2026-02-03T09:28:49.764684,-26.18814117275448,28.060554061799177
fe95131a-e651-4f48-9e2a-c5dd92c76d71,2026-02-03T09:28:50.764684,-26.194486280126974,28.054691376294706
cd123464-c364-45da-80ab-5059abd3f11e,2026-02-03T09:28:51.764684,-26.18733473589403,28.04742725923904
988c228f-a1bc-4585-9470-ddee7dc01120,2026-02-03T09:28:52.764684,-26.186190112824146,28.04148738416428
f870c654-bb9f-4b60-b60c-143688805d88,2026-02-03T09:28:53.764684,-26.192873417875628,28.059176019272115
01169707-322e-4491-b079-1395ba202794,2026-02-03T09:28:54.764684,-26.18476316438383,28.061788492819126
532ddbd5-ee25-456c-97f0-1a8f9759f053,2026-02-03T09:28:55.764684,-26.196151259207717,28.062124126074032
71e2c41d-6ad9-460d-a600-9a9d55230a28,2026-02-03T09:28:56.764684,-26.194768616964268,28.064093106507695
ba67ecfa-ab6e-43a9-9567-662d708b88c4,2026-02-03T09:28:57.764684,-26.205772371867127,28.048968430628246
90dc1990-058a-4ba7-8e6e-8b74e2919e6e,2026-02-03T09:28:58.764684,-26.199492130528313,28.044548275245536
db57fbde-1061-48bb-b9ae-140b7e94e446,2026-02-03T09:28:59.764684,-26.19118568184437,28.045806754881934
2ea98063-50f9-40f8-8264-f03dea701242,2026-02-03T09:29:00.764684,-26.190914817659742,28.045667009759335
578cda09-297b-4ed8-b9d5-b5a8a5a73649,2026-02-03T09:29:01.764684,-26.209677282476566,28.05504784632037
a69a3461-2635-45cd-9929-c8a698172cd1,2026-02-03T09:29:02.764684,-26.199660384206954,28.033574211473706
09e108d2-0672-4ed9-a0d3-a52b55a79974,2026-02-03T09:29:03.764684,-26.186534431441597,28.041357431515905
b59c682c-e963-429a-b522-2c10aec20864,2026-02-03T09:29:04.764684,-26.203558600412467,28.06219126235929
48473f69-ba09-408b-88be-af2bf333c43a,2026-02-03T09:29:05.764684,-26.212847676602138,28.04070387858401
fec9ded5-096c-48fa-aa7a-057461005b7e,2026-02-03T09:29:06.764684,-26.21807604448932,28.053385923668795
c34a354f-9ebf-4b96-88f1-7d54abb3dd9f,2026-02-03T09:29:07.764684,-26.21238725651903,28.037997394026423
23211f4c-1098-4ca9-8f43-7a5a9808ae84,2026-02-03T09:29:08.764684,-26.185390896887366,28.054193342898646
32ab27f8-cf23-4945-a591-c82005196d0b,2026-02-03T09:29:09.764684,-26.189244705601563,28.063593504461192
fd9586d1-5bfc-4a6b-b148-74206e35bd5b,2026-02-03T09:29:10.764684,-26.189792872646752,28.03461014444579
f29817c2-0c05-41fc-a048-5ec562e7b21b,2026-02-03T09:29:11.764684,-26.194748849278312,28.06530709888587
50bdbb45-8a58-45f6-8e5e-a5ea78656e3b,2026-02-03T09:29:12.764684,-26.185554514324238,28.049050342105406
241afdca-01a0-40ff-88b8-7983b57915da,2026-02-03T09:29:13.764684,-26.218155599097866,28.052125872074075
34346a0c-2036-496b-a814-36e5cae7a755,2026-02-03T09:29:14.764684,-26.20839974436425,28.066065712086754
42dcd0ae-0955-4b47-94a6-167bcfcea09c,2026-02-03T09:29:15.764684,-26.18911202738409,28.03026353178915
327163e7-0b11-425c-94a9-666b39d6481b,2026-02-03T09:29:16.764684,-26.202229626710054,28.062062023680443
78ed3eea-51fd-4bb3-add9-7e67cf309261,2026-02-03T09:29:17.764684,-26.203298297021203,28.031261966092554
adc68536-7b98-4b0d-8711-f7758b31b411,2026-02-03T09:29:18.764684,-26.19878464216359,28.066604514040304
98ac3a2c-39f7-4011-bece-687bee115b9a,2026-02-03T09:29:19.764684,-26.20724227528526,28.066622063254414
6895c2b0-8ed4-465d-a3ff-70a6134d1c28,2026-02-03T09:29:20.764684,-26.20146334063562,28.051780050346597
85a1aa31-ac32-4fd0-8a55-0cafe4387bc2,2026-02-03T09:29:21.764684,-26.192416498390894,28.064521557714126
1d94db7f-737a-409c-be0f-23d8828cec3a,2026-02-03T09:29:22.764684,-26.209936209713195,28.059858531792138
26757241-c33d-4b6f-ae03-26e371b13c1f,2026-02-03T09:29:23.764684,-26.21023411595046,28.061425870390014
b59bf5e2-a636-45c6-bebb-003902b125f3,2026-02-03T09:29:24.764684,-26.206993574127857,28.033207852289774
fb21e94d-e88b-4b6b-8a94-759dc6896c37,2026-02-03T09:29:25.764684,-26.223141425734102,28.03752869666003
6e5a0258-320d-44c7-b602-b2d5571864b8,2026-02-03T09:29:26.764684,-26.221703385998698,28.033132753698617
a4a6e0c4-7ff9-4d5c-a0a2-ecde60f83dd7,2026-02-03T09:29:27.764684,-26.18815840359188,28.059278509663343
49e97767-78f2-43e8-8d74-019c95b7b2df,2026-02-03T09:29:28.764684,-26.211503756188225,28.053060121412987
e9b7636c-4887-47e5-b843-6b25d0121cf5,2026-02-03T09:29:29.764684,-26.219980694017508,28.060992178202113
d8bf8c45-7f53-424c-b6e6-be075889c6b7,2026-02-03T09:29:30.764684,-26.19952331758432,28.06038050751906
533b61f9-04af-4385-b94a-35ea72431f5c,2026-02-03T09:29:31.764684,-26.191738611858902,28.06407219701834
641d40a1-74e4-4389-80cc-14f185633ca9,2026-02-03T09:29:32.764684,-26.210529768990128,28.037089578994387
3706e24d-6476-4ee7-9dc3-89618847a2b0,2026-02-03T09:29:33.764684,-26.222288194536905,28.04425514300198
40596c01-e398-4534-a953-fdc0e8ac6a3a,2026-02-03T09:29:34.764684,-26.215056867313688,28.02948845339263
15d00ca1-b149-4fb5-a178-d2c0a931fc52,2026-02-03T09:29:35.764684,-26.217145018341448,28.042574453679812
688f3dba-0132-4a4e-92a4-f57d97433502,2026-02-03T09:29:36.764684,-26.22088645357526,28.059306966306444
3d1aa7c8-4c28-4be9-bb54-828d2b94ad86,2026-02-03T09:29:37.764684,-26.201441131752638,28.046340883581077
396b827e-b8b5-48f4-aca1-212e9de42f84,2026-02-03T09:29:38.764684,-26.187896253589578,28.028637484933157
2baf6f09-e79f-4fa2-8708-086a8f3a3464,2026-02-03T09:29:39.764684,-26.200841053517234,28.038370873616508
0789db8b-1383-4a1c-966e-2392eaa67d58,2026-02-03T09:29:40.764684,-26.194067851444306,28.053944842139057
66139219-0807-41bd-bc0e-fe17b3831800,2026-02-03T09:29:41.764684,-26.220213997125718,28.034054259294642
9cf2a7fd-7520-48b6-83db-99a0ca4b0d2a,2026-02-03T09:29:42.764684,-26.204340524543184,28.06532693708999
ff8d919b-6a44-4f83-ab4c-9f50a83f3227,2026-02-03T09:29:43.764684,-26.198402331514515,28.061759193478377
54c691ec-e015-470f-bd2c-804d640480d5,2026-02-03T09:29:44.764684,-26.220761726033775,28.05583122230158
7271ad71-c76f-4491-9a04-951ee6abfe5d,2026-02-03T09:29:45.764684,-26.19494048606089,28.037190227102354
461c6f3b-5c27-4424-94ff-2bc733c1f65e,2026-02-03T09:29:46.764684,-26.20557121913771,28.052952452051557
ed6a9041-6c08-4bd8-a3cf-6fc4cafaaa2b,2026-02-03T09:29:47.764684,-26.1979360194248,28.05620808005153
9dd9d5f4-e00e-44bb-8d49-447b1684a6a8,2026-02-03T09:29:48.764684,-26.20363706377441,28.04635012788629
06acdbcd-7613-41e7-9c58-ce5570b5e5b1,2026-02-03T09:29:49.764684,-26.201617487784254,28.03191786195086
10940774-58e0-4b06-8c1f-3569578580be,2026-02-03T09:29:50.764684,-26.2206371246554,28.0352717373562
a0764efa-2718-4bd7-80c7-04e37b886b22,2026-02-03T09:29:51.764684,-26.219052970115953,28.06600206555335
782da39f-e395-4a0e-a3d2-375632c637a8,2026-02-03T09:29:52.764684,-26.220097770177457,28.057349261884013
db6fcf05-759d-4e52-b9cd-b4c15fd1cbed,2026-02-03T09:29:53.764684,-26.198487880552737,28.03936797453614
2e6d774b-620e-4c40-8f0e-e730822350ee,2026-02-03T09:29:54.764684,-26.22004438699412,28.065206940549633
9742ecce-7952-4c42-9bc3-0cab3ab7bfd3,2026-02-03T09:29:55.764684,-26.192365175473054,28.056458030479135
77764e5e-2cb0-4763-9ddd-a6a3ee26463a,2026-02-03T09:29:56.764684,-26.200598339910968,28.027755497358864
c02c59f4-ae60-461b-aae8-bfc1ed63b623,2026-02-03T09:29:57.764684,-26.219895953647576,28.05004551940477
b171cdce-a589-4462-b138-7acf06e76b53,2026-02-03T09:29:58.764684,-26.195387157250753,28.04954113453881
8ba96ec9-9d4c-42be-9628-bcc20f84fc9b,2026-02-03T09:29:59.764684,-26.220389170253654,28.051353869616296
c6f7a5f8-db24-4882-bcf4-5e805d4c4ce0,2026-02-03T09:30:00.764684,-26.19365195492873,28.040352137236418
d08e3af8-ef36-4776-ba4f-fe04470892af,2026-02-03T09:30:01.764684,-26.221018134639976,28.056346732125476
2361c717-f11a-41e6-b06c-2bb5029d438c,2026-02-03T09:30:02.764684,-26.195778725384596,28.048576718033328
5f6c23ed-670a-49d8-b8af-ba8f072b622a,2026-02-03T09:30:03.764684,-26.19954681872801,28.045110657139688
3c3c6032-0459-45e3-b982-1bedfb50da82,2026-02-03T09:30:04.764684,-26.187291752877087,28.029799780468938
deddd46b-0a1a-48f7-9f2b-28167b6a6d22,2026-02-03T09:30:05.764684,-26.1979684661237,28.058065965337775
da6c9d47-2f5d-4524-8fcf-60227f69d0dc,2026-02-03T09:30:06.764684,-26.21816962281688,28.035088056319612
3543e258-fc83-4cfb-a54f-184a56a3a0fd,2026-02-03T09:30:07.764684,-26.188547300960668,28.0305248329563
abc03f10-2b79-4917-8996-eb9dc61cfce0,2026-02-03T09:30:08.764684,-26.220885963135537,28.04745279931256
80974c4d-955f-4554-a7e9-3e01e19087a7,2026-02-03T09:30:09.764684,-26.192723049199362,28.052073409074975
ccf0ec44-b5c6-46ad-8052-d9e6d08798bd,2026-02-03T09:30:10.764684,-26.217913358535906,28.053118422614958
269ea1f6-814d-4558-9cae-697468f70a44,2026-02-03T09:30:11.764684,-26.222352017661468,28.054560638181616
c6f333ac-3b67-42f6-84d4-dd0c83e75290,2026-02-03T09:30:12.764684,-26.212385841263014,28.031082346806347
418dccdb-9129-46ba-a0f6-0d3a020e4718,2026-02-03T09:30:13.764684,-26.219840460974872,28.0315748989206
a8b4ae4a-3395-47ca-941a-927329324950,2026-02-03T09:30:14.764684,-26.22161064352684,28.05795031739381
e7695e72-ddc2-475f-ab10-3d2fece03d12,2026-02-03T09:30:15.764684,-26.203205299392597,28.02867619069971
39509587-7fe2-4d24-8966-d2d1280167d4,2026-02-03T09:30:16.764684,-26.198215107862794,28.056103100291782
b2500330-4086-4b67-bf0b-cac755abcf08,2026-02-03T09:30:17.764684,-26.18493854294798,28.032876301836886
6d1a58f7-df6b-471a-a5f4-125c41b0b8c2,2026-02-03T09:30:18.764684,-26.22400565650349,28.046129688227698
e22c5fc1-5a82-4999-856f-404035896244,2026-02-03T09:30:19.764684,-26.1897239345654,28.035469818539802
f20c062e-bae5-44de-9003-9e2a9a01cad0,2026-02-03T09:30:20.764684,-26.222077834934268,28.031956084062017
78edbde4-b170-48fb-a303-88ea7a2b7907,2026-02-03T09:30:21.764684,-26.22040478588766,28.04359046425946
ca747c8a-806f-41d9-ab0e-a1ff78a37337,2026-02-03T09:30:22.764684,-26.188504206377612,28.058389055775276
24ff04db-57fa-4b18-a1c3-0a264b21e84d,2026-02-03T09:30:23.764684,-26.190276290982688,28.042152552740127
43a80fec-0b91-4797-83e8-da17886e65fa,2026-02-03T09:30:24.764684,-26.213881366924845,28.033820929424785
6ba8efe2-644d-4a3b-b1ef-9221fa167d17,2026-02-03T09:30:25.764684,-26.198672748339014,28.034243515630383
d1f59d29-0b21-440d-a1a8-41fd936a2569,2026-02-03T09:30:26.764684,-26.22293909662988,28.065718926827877
75dde658-735f-47cf-b84a-abbdbf21bf15,2026-02-03T09:30:27.764684,-26.196138237545984,28.065841301639626
52751b01-8ce8-42b9-a60f-ea50a2b0fb79,2026-02-03T09:30:28.764684,-26.191819625234128,28.058856380048418
bc6a1a72-40a6-459d-b94d-0a32fbb5bc1b,2026-02-03T09:30:29.764684,-26.184964795519292,28.045773799787835
597f548d-1166-4420-b501-74721493441f,2026-02-03T09:30:30.764684,-26.201489933217523,28.06406407696816
8561b3cc-d260-4a34-b58c-0dae24335076,2026-02-03T09:30:31.764684,-26.2102856732415,28.04087118606331
0be68082-0428-4868-9e8b-1e78490aa520,2026-02-03T09:30:32.764684,-26.185761588544235,28.042417513186344
1e593535-0da2-44f7-ad50-930e95139858,2026-02-03T09:30:33.764684,-26.22028051629323,28.062374461729704
8b53681b-1bd0-483d-82ca-3fe08a56dd5f,2026-02-03T09:30:34.764684,-26.223908198164285,28.06333348546162
048b5812-6523-4a3c-9725-b826b00537fc,2026-02-03T09:30:35.764684,-26.191315739333156,28.035895497622267
090da284-4144-4a54-aac9-30d83004ce06,2026-02-03T09:30:36.764684,-26.18441173229368,28.043047454846917
dc6b3b38-2dc0-4123-895f-b3864173bc26,2026-02-03T09:30:37.764684,-26.22016911724656,28.036093688801735
580f4fab-8849-4414-af9b-890924438ce5,2026-02-03T09:30:38.764684,-26.212411485386685,28.05995916571203
0e83b923-2f20-47a9-be1e-58a4dbf64811,2026-02-03T09:30:39.764684,-26.184152667605698,28.065111509513546
bcdc3d05-c292-4f69-96a2-4a25cc1c371d,2026-02-03T09:30:40.764684,-26.21696145505141,28.063180510048475
2f960508-3073-4754-83df-2c437c88efdc,2026-02-03T09:30:41.764684,-26.194314936120353,28.06432926159894
a26d3f5c-1f8a-4cf1-89e8-dbfdcadbca42,2026-02-03T09:30:42.764684,-26.19928230833532,28.05566982659837
ed29ad91-f9ef-4f6c-9d88-f6c1327cda51,2026-02-03T09:30:43.764684,-26.196969354105885,28.039850029616193
aaa2fbe9-2f3c-4755-a006-6494af6e8af1,2026-02-03T09:30:44.764684,-26.194454214211135,28.065411918371794
490d3d63-aa10-4965-8ab1-57b08883bb02,2026-02-03T09:30:45.764684,-26.20587329213553,28.06382829723103
b9a98c84-e64b-4e5c-86a8-f8087577c2c3,2026-02-03T09:30:46.764684,-26.203018551842945,28.045829265854703
69fe0ae6-1966-42dd-b7be-e8c6b73fd1e2,2026-02-03T09:30:47.764684,-26.2050265004969,28.05435481331345
a52a10c2-b6ea-4a8d-9b4a-91112c8d520d,2026-02-03T09:30:48.764684,-26.2117004268349,28.060382380766104
f7d15bc0-1b4d-4edd-8a8a-a44e91e27afd,2026-02-03T09:30:49.764684,-26.199341565861104,28.027959210541734
38b0b11e-d47d-4964-b0ef-885dd319248e,2026-02-03T09:30:50.764684,-26.188458083201755,28.032281904243916
741ec292-02b4-47de-94bc-a792b7f9aaa8,2026-02-03T09:30:51.764684,-26.21989593496047,28.067152784681973
4f96fa3d-4ef3-418e-bae5-d526880c0ced,2026-02-03T09:30:52.764684,-26.209464756268744,28.04463711194363
93ca79c3-2347-42bc-a03b-0bb628ebcada,2026-02-03T09:30:53.764684,-26.189599384979875,28.044095130097332
97e196e2-6ec9-4616-893c-aff92d404b59,2026-02-03T09:30:54.764684,-26.222005055326818,28.065020647033613
b7ca59b9-46b4-4d76-95a9-7f3d968a2744,2026-02-03T09:30:55.764684,-26.19079843331709,28.06462657069156
a9b34ba6-8ce3-49e2-a5f8-675c7e137c8a,2026-02-03T09:30:56.764684,-26.2236783445391,28.03761924462476
50e6468c-5409-4677-ab5b-730e97de46cd,2026-02-03T09:30:57.764684,-26.207616730548573,28.04037384318449
4b7d4a3c-ab98-4a28-a090-92259bea8bf8,2026-02-03T09:30:58.764684,-26.21457792483472,28.06277089241447
1096f8e1-901b-435c-aaf1-e350413c8e57,2026-02-03T09:30:59.764684,-26.21921589898346,28.029512060819123
0f09f8fd-8940-4cd6-a203-fbbc4bdded78,2026-02-03T09:31:00.764684,-26.222865147696876,28.035844531810824
4d8561d8-6f6f-4d28-9df7-2a123b847106,2026-02-03T09:31:01.764684,-26.185793875063254,28.038521642427
0e6c7995-fc61-4ad5-b2ca-4b086d04341b,2026-02-03T09:31:02.764684,-26.213207313526247,28.05725852605485
cc05860e-e819-49c1-bc4e-4249c98c95b2,2026-02-03T09:31:03.764684,-26.187871171917696,28.047492432394108
e6b74594-fb73-43a4-ab6a-d8e0e1c1ae55,2026-02-03T09:31:04.764684,-26.197883781260753,28.060986903083034
f17495f0-a307-4f9a-b5e0-95ead27aeca5,2026-02-03T09:31:05.764684,-26.201841392129502,28.03291065558676
63dde921-5294-4bb4-a8b6-1df0f85c5a6c,2026-02-03T09:31:06.764684,-26.191083159122265,28.048755519392472
24a0033e-ab8d-4c83-b38e-1367f5f41513,2026-02-03T09:31:07.764684,-26.223453003915992,28.04012372370342
7c7f7466-f531-419d-a91c-429d855de43e,2026-02-03T09:31:08.764684,-26.20056065228132,28.042822885134814
23911122-69ca-48c6-a51f-6b42064d10ac,2026-02-03T09:31:09.764684,-26.211168169112646,28.059062703592677
f7ca59f2-cb58-4acb-81fd-48eda3acc9fc,2026-02-03T09:31:10.764684,-26.215556134957907,28.029700826753906
27027c50-a685-4cb8-870e-e88239604589,2026-02-03T09:31:11.764684,-26.185754252320045,28.056275947987466
91ee665e-f3dc-4680-b247-1da927d2e16b,2026-02-03T09:31:12.764684,-26.212007425600955,28.034890888018698
b07fa56e-37f3-4753-b665-fdc11bf58d6b,2026-02-03T09:31:13.764684,-26.197405693745704,28.03080903080155
1b380868-4db2-482d-b0e4-cfb5bfcf467c,2026-02-03T09:31:14.764684,-26.209514585665914,28.034676682465552
b7896fe2-e997-4d0a-b72a-38eb1804b979,2026-02-03T09:31:15.764684,-26.18635473429229,28.035203755349922
83fd9766-d25e-4c12-a6c2-fea9d1627a2f,2026-02-03T09:31:16.764684,-26.218343892201656,28.032467964120833
cfdf8b0f-851e-4115-a0a4-bf0978e1077e,2026-02-03T09:31:17.764684,-26.20733913386545,28.04993001182609
e376afe7-2b5a-4ad7-a6cf-717c3f8f3cf9,2026-02-03T09:31:18.764684,-26.2029927930741,28.065918230807128
eb64546e-01b0-4cdd-a388-08b3d2168d8d,2026-02-03T09:31:19.764684,-26.192232058834733,28.063095981450253
5a2e607d-4504-428b-a792-8b066b1da6b0,2026-02-03T09:31:20.764684,-26.18849378617475,28.032717860105855
9607aa86-06cd-41bc-afd5-fbfdde5617c8,2026-02-03T09:31:21.764684,-26.195143485809464,28.031328774113387
1738ad00-7b83-4b71-8254-ffab62790623,2026-02-03T09:31:22.764684,-26.198239351723718,28.051067687121268
431d4a2a-f131-45c9-a665-5158f0652b5e,2026-02-03T09:31:23.764684,-26.210172237456877,28.0653684937883
cc2c4c54-5f62-4205-85ae-1f04c75fa342,2026-02-03T09:31:24.764684,-26.20888461378477,28.033584011664438
7fc9a030-2467-4833-8a10-0a3ba09449ed,2026-02-03T09:31:25.764684,-26.22353916475478,28.029269465030673
63ac2580-4c2f-41c1-b7b0-bac1f1db1658,2026-02-03T09:31:26.764684,-26.186157633465335,28.034980765903764
4147bf70-c516-430d-8f55-4bc376d2042b,2026-02-03T09:31:27.764684,-26.188035047469157,28.05487686178887
6517cc05-e2bf-44bc-ab31-fcade8c683eb,2026-02-03T09:31:28.764684,-26.204096621903044,28.031414565404308
13d1cd5f-d23f-4832-b664-0e75ce5edda9,2026-02-03T09:31:29.764684,-26.217510432134564,28.063773492554027
501aa503-2c44-4e63-8f07-9b65b9927940,2026-02-03T09:31:30.764684,-26.1899881572051,28.04404677048997
96fcd1ff-b0e1-4fac-a9e2-003a493bbe04,2026-02-03T09:31:31.764684,-26.208024318152273,28.058931416332307
b8f38bf5-b692-4fee-8c29-a8b41fde7e67,2026-02-03T09:31:32.764684,-26.20856280218176,28.06708876222979
8f8c83c8-6477-4196-a877-4deecf6ec921,2026-02-03T09:31:33.764684,-26.18830492520069,28.054937462625713
2fc1aca3-ef2f-4b31-8a6e-2a4297a43309,2026-02-03T09:31:34.764684,-26.214324760236035,28.02818985349183
1fbea3cf-4f2c-451f-8a16-781e8e64c849,2026-02-03T09:31:35.764684,-26.203925630152316,28.032448735899674
8f6c37c5-90cd-4152-ad26-3dee2df952f6,2026-02-03T09:31:36.764684,-26.21492967260962,28.04312446441611
4c444dda-6ae7-4539-b54e-65797ddf73b8,2026-02-03T09:31:37.764684,-26.21459062923558,28.063427972870567
0162d1ae-be6f-4dfc-8ceb-dad98c1ef646,2026-02-03T09:31:38.764684,-26.20703566088128,28.051630043504453
462dc4ec-166c-4083-849f-737a3ab8cbd4,2026-02-03T09:31:39.764684,-26.18953454872087,28.035547381152636
067630c2-e68e-426a-ab53-0e8b189b661e,2026-02-03T09:31:40.764684,-26.21076863919682,28.030863585990012
391bb5f7-d276-4c61-a29f-79efeec5be88,2026-02-03T09:31:41.764684,-26.210795796622957,28.032863348118116
7437ab36-dbce-40d0-9172-d8b002e72e49,2026-02-03T09:31:42.764684,-26.223090109056105,28.061323148930114
d880d90a-6315-4920-927f-12426a48984f,2026-02-03T09:31:43.764684,-26.198410853282212,28.042033981344012
757ff241-08d0-456b-adf8-99c56efbcf8d,2026-02-03T09:31:44.764684,-26.208120198998845,28.051964246600953
e52cb099-4d73-4c6f-8e12-9a8fa0e28af1,2026-02-03T09:31:45.764684,-26.203982441894954,28.02925896194923
a98a7a8d-927c-4131-a0f2-e7ee60ddc016,2026-02-03T09:31:46.764684,-26.208906192907936,28.062307228034506
fef57acf-3b31-4808-8d6e-700bc9ee6ed9,2026-02-03T09:31:47.764684,-26.201218900880928,28.052453913731537
7ef80489-b567-4714-beb4-47454b5b7aa7,2026-02-03T09:31:48.764684,-26.198920300886194,28.060974719142237
1dc1c79d-999c-46d1-8b94-5783a333b50f,2026-02-03T09:31:49.764684,-26.219425195763932,28.04389077953993
c9d03450-fced-4346-b78e-fed8faca7fd2,2026-02-03T09:31:50.764684,-26.205432159814634,28.065379430305992
9e612471-00ae-4b8c-91a9-f1411b73ecb2,2026-02-03T09:31:51.764684,-26.187786287169462,28.035723082935814
2d70035f-e18f-49e9-86e7-a53555d458df,2026-02-03T09:31:52.764684,-26.206557950420542,28.066223034239478
ff0c5dcc-f5e3-48a4-ad9a-237aa9d0ba5c,2026-02-03T09:31:53.764684,-26.185412394921876,28.051228209834363
b627753c-f143-4b3f-a4c7-82e5388202ed,2026-02-03T09:31:54.764684,-26.199230039824897,28.048023084642114
5ba6d3c0-496c-4aa1-8caf-e2ee7148408a,2026-02-03T09:31:55.764684,-26.218411060963845,28.065081224111402
8ed0e0c0-0bb6-46d0-b9ff-d9e69ead87b3,2026-02-03T09:31:56.764684,-26.215884242994747,28.049210203365607
dbd30a05-09be-4d06-a28e-f00420643575,2026-02-03T09:31:57.764684,-26.206435211547582,28.03599347649326
01887ee1-3253-443d-b8e1-42ca0e9a818e,2026-02-03T09:31:58.764684,-26.206671146990114,28.02968873700003
23b0e98b-d601-41e0-8568-26bb1d828293,2026-02-03T09:31:59.764684,-26.184665709357272,28.064062502345944
8f82a7a1-f08c-4b66-8e49-13f73ba915d5,2026-02-03T09:32:00.764684,-26.219243062568747,28.056736318064797
8921e51b-d89f-4f21-969e-1cb88edc63ff,2026-02-03T09:32:01.764684,-26.19138890021642,28.032141069948388
2afdc23e-1372-4cd3-9239-de6ae850fe00,2026-02-03T09:32:02.764684,-26.19009426443356,28.05484135886538
e844fb42-b54c-4317-8893-4c6832a0220b,2026-02-03T09:32:03.764684,-26.212714428610735,28.040353131570583
e91002d7-4ceb-47a9-9ed9-fa6800207f4d,2026-02-03T09:32:04.764684,-26.20281588605784,28.0586848831964
9fb2fa9a-306c-4fea-843b-e8ef5f22fb94,2026-02-03T09:32:05.764684,-26.18781299592218,28.052138789038878
cfe165ed-ffb1-42de-a350-fdfe974d187a,2026-02-03T09:32:06.764684,-26.219759371576906,28.06585954102657
5ed33150-24ca-46db-8f18-e1d2c693b09c,2026-02-03T09:32:07.764684,-26.190040949670635,28.049940323400172
f5a7f4e0-db98-4699-9f8b-a4bb94c3019d,2026-02-03T09:32:08.764684,-26.203076972927594,28.045291576725404
0fabffb9-3985-4823-a273-a0262955a406,2026-02-03T09:32:09.764684,-26.19112587463049,28.061151884259925
8abb6a4c-5de4-4a80-a8a6-16120bda4c68,2026-02-03T09:32:10.764684,-26.185864054561172,28.028781565762603
01ded5ce-b98c-4653-bd43-09554bf01414,2026-02-03T09:32:11.764684,-26.219282374576817,28.0553354379168
2bb77fc8-689b-42b7-9b59-7d2b6ad3d99b,2026-02-03T09:32:12.764684,-26.213985185864978,28.056613937434477
e06db3c6-840f-4803-9abe-8eaa15b0018a,2026-02-03T09:32:13.764684,-26.198529757614136,28.050782491407237
e262070a-b6bd-4624-b379-2b7f8bc74ff4,2026-02-03T09:32:14.764684,-26.206921205637435,28.066124850004424
6df71487-6987-4529-bb1e-a9051f6db94d,2026-02-03T09:32:15.764684,-26.222533121463805,28.058694790363685
9d7f7a57-e32f-477b-b440-b49589dac423,2026-02-03T09:32:16.764684,-26.193750716731984,28.045945348578297
a0cf179f-a8da-4abe-ac5a-8174a189ffd5,2026-02-03T09:32:17.764684,-26.218433307764904,28.056909229462537
ddcfb3d4-1b1e-4967-b8c9-1f8414382bae,2026-02-03T09:32:18.764684,-26.204921684785653,28.063621554668153
241bf3d2-c018-4c86-a266-e0318a9a2138,2026-02-03T09:32:19.764684,-26.224078250170066,28.063732031095864
c72bddd8-cb69-4149-9d25-c16d924384b8,2026-02-03T09:32:20.764684,-26.212884262109768,28.051694975278743
ae1cbc9b-79a9-4fc7-9759-c64ab75285e8,2026-02-03T09:32:21.764684,-26.205673155920636,28.051564587399625
5a15205d-f2b1-41c9-9dd5-edaba9d93501,2026-02-03T09:32:22.764684,-26.20153433709054,28.042361844919885
e39cd86d-c86a-421b-bb95-09266a4e6e2c,2026-02-03T09:32:23.764684,-26.220844484230348,28.030866255496687
f594bd4c-5e4d-4dc5-b499-e2a6f88ec7b4,2026-02-03T09:32:24.764684,-26.220379686321653,28.03814965733084
2bd980c7-b06b-4e23-ad0c-52864a1fc717,2026-02-03T09:32:25.764684,-26.215165956333443,28.06691472085385
84d2f016-7b17-4c89-a186-c4d553557a33,2026-02-03T09:32:26.764684,-26.200192438573477,28.051874217909276
5531be57-ec02-4d9d-af1c-98c5876b68f9,2026-02-03T09:32:27.764684,-26.188803450398005,28.029667981793732
564a605b-1a0d-46f2-b273-2ce4348ff587,2026-02-03T09:32:28.764684,-26.220293617574114,28.046110147530708
cf1594b8-e23c-40ce-b752-6173c2d6dada,2026-02-03T09:32:29.764684,-26.21267477331544,28.043667731345366
282a5360-a1d9-498f-9644-d168b53a207f,2026-02-03T09:32:30.764684,-26.206737217936997,28.052397348808146
baa5708e-498b-41cd-aeab-71feb7bfe558,2026-02-03T09:32:31.764684,-26.196726357020133,28.05460621853806
b94ac54b-01fb-4e1d-8cb4-c9d73eef1065,2026-02-03T09:32:32.764684,-26.197786700425194,28.05296948623594
304e816f-de7f-44fd-8bf6-bf9a544c867e,2026-02-03T09:32:33.764684,-26.19127819123343,28.050109993443996
d8c5307f-ba8c-4556-b6df-4b4920647df5,2026-02-03T09:32:34.764684,-26.184552056110473,28.061046062720745
d597f717-357f-47ad-89d4-dab365b93a7f,2026-02-03T09:32:35.764684,-26.21489333802397,28.0419445960616
3c7c08cd-0fec-4d92-b5f3-0299221294cd,2026-02-03T09:32:36.764684,-26.22038554982064,28.044344761053686
13f03adb-84a0-4ee8-a6fa-482f39aad7f8,2026-02-03T09:32:37.764684,-26.191603837015677,28.044808194160776
e01f0e31-0fac-42fc-97e0-205adcbb2bcc,2026-02-03T09:32:38.764684,-26.208232237267946,28.04389059737709
e05be115-7527-4890-a735-86b9075e5d17,2026-02-03T09:32:39.764684,-26.217347374890625,28.037116743746168
330d0abc-2c3b-4099-a05a-a3a21e29319d,2026-02-03T09:32:40.764684,-26.194928024813642,28.062121997381766
2c1fe366-2a44-470f-856b-ebe5f82b9c4c,2026-02-03T09:32:41.764684,-26.2204374302446,28.050604215460858
f4d9cbbe-a79e-4644-9ae1-9deb329b5ead,2026-02-03T09:32:42.764684,-26.184600959785783,28.05143647894556
1cafab1d-e46d-4e0e-8e2a-7a369f01f255,2026-02-03T09:32:43.764684,-26.19999958032406,28.062639706542317
f0ffc186-14b4-4e01-ba4c-e384e85992b0,2026-02-03T09:32:44.764684,-26.18492795061614,28.066154415905626
c888915b-edd6-4887-8c22-3e90ccf8268d,2026-02-03T09:32:45.764684,-26.206616419386144,28.027817506290905
7ba6394b-12f3-46b8-be2d-a4f7411bbfdf,2026-02-03T09:32:46.764684,-26.222021782308754,28.037502432968168
4c8cf61f-b053-47cd-8219-6d3433196065,2026-02-03T09:32:47.764684,-26.21896349078147,28.067201959106985
24b93a80-8bb1-41aa-9c67-78bb51fda2c2,2026-02-03T09:32:48.764684,-26.19862840759904,28.03766038841893
f7eeb52e-9c66-4cf6-aa96-5c5e553dd983,2026-02-03T09:32:49.764684,-26.18657209853197,28.046075926410815
7e129e16-19d8-4094-a2ce-b20aefa2a9fe,2026-02-03T09:32:50.764684,-26.202268265168065,28.06549272095125
b10d6ed2-4a0f-478e-a29b-9d9866a71eca,2026-02-03T09:32:51.764684,-26.187018951071728,28.032954060713315
1b8d02e7-d37f-4349-a7b6-6f42c26cd739,2026-02-03T09:32:52.764684,-26.206375705983415,28.064985100832732
2190fc6f-13bf-4e6c-b870-e7bcf1d7071a,2026-02-03T09:32:53.764684,-26.187074047925442,28.0645188225703
694ec4ec-612f-4dc7-9674-27ef7d5da9e8,2026-02-03T09:32:54.764684,-26.217172771361152,28.045034328350734
b35df0a7-4838-40c6-8ac8-065d3a3a3339,2026-02-03T09:32:55.764684,-26.202304213519483,28.036939639928335
dcd1356e-75b1-44c3-80f5-5ed46af7e1ac,2026-02-03T09:32:56.764684,-26.2103153427305,28.062247741636117
613e1cf6-909a-4195-a8a9-d83c4502b361,2026-02-03T09:32:57.764684,-26.20868835809004,28.041395550722793
decf71e3-163e-4b4f-b70d-e32fa3397afa,2026-02-03T09:32:58.764684,-26.189916034339955,28.04754739332715
13496f9d-9ac0-434f-b605-40cdd7376b70,2026-02-03T09:32:59.764684,-26.212858670398752,28.049121736791104
31aaeb87-1fd4-4403-9ed8-68f98d7528ce,2026-02-03T09:33:00.764684,-26.223069803627755,28.06287717891217
60791f9c-f3df-4a34-8872-f8d9bf164610,2026-02-03T09:33:01.764684,-26.206412914521806,28.054358231898103
4d29ce60-6cd3-4a6c-a591-234dd66ec00a,2026-02-03T09:33:02.764684,-26.221493630869308,28.049728328069662
d3862a28-4947-4d11-9d64-792e035be855,2026-02-03T09:33:03.764684,-26.203285643725206,28.055624136842184
ea405568-de34-4852-8ff2-02e891ae6395,2026-02-03T09:33:04.764684,-26.210122492006985,28.06386264797034
c836a8a9-e29a-42ee-ab31-f3f81aa194a5,2026-02-03T09:33:05.764684,-26.205934606823043,28.065984491121725
5309bb78-0a08-40b0-b8a8-692eb5ed940f,2026-02-03T09:33:06.764684,-26.209512982339813,28.06262223761737
db4ff14d-93ee-4452-baaa-9c81009efa1d,2026-02-03T09:33:07.764684,-26.193010739788548,28.044515667580153
62aac146-72aa-497f-b10a-658987480045,2026-02-03T09:33:08.764684,-26.20247420828369,28.045578262906886
c8685a66-0706-4393-bc52-75bf8f30c654,2026-02-03T09:33:09.764684,-26.188861679027074,28.033068822380056
e13957b8-e2a6-439e-bd44-92c39885aaae,2026-02-03T09:33:10.764684,-26.184842936453133,28.06715706160382
7946ea8e-2ad5-4123-bacc-ad208e66665c,2026-02-03T09:33:11.764684,-26.22001072423281,28.066556558085367
577b8373-6dab-472a-b284-858536c27900,2026-02-03T09:33:12.764684,-26.19507929423425,28.049376172052778
5c624a60-3e33-4da7-8d97-2dcc6c09394c,2026-02-03T09:33:13.764684,-26.223340130495068,28.065209640168955
cc0125fe-d607-4d32-9fda-3c87585e20ec,2026-02-03T09:33:14.764684,-26.211829420023506,28.036531192557046
d7ec446c-15e1-4970-b5a8-e117af9522a3,2026-02-03T09:33:15.764684,-26.189692233476965,28.06218038806845
a2842bea-8457-4178-bc91-78c75ab6da58,2026-02-03T09:33:16.764684,-26.212407246005387,28.041450433357372
0cd936a6-32d5-454c-81c1-84bad2ab831b,2026-02-03T09:33:17.764684,-26.215943151640886,28.031746381642137
76f77873-f345-413b-83b7-334321d5d72b,2026-02-03T09:33:18.764684,-26.21831316740926,28.028088491004095
18254e34-93ca-420c-9b66-dbab4cc82a52,2026-02-03T09:33:19.764684,-26.216790866220503,28.064165667735253
f063fcde-05d7-4680-85f6-782eb1e06d5b,2026-02-03T09:33:20.764684,-26.21089154759543,28.06645168340275
3d093563-33c5-4d6e-9dab-4e892fab6a91,2026-02-03T09:33:21.764684,-26.207935784484803,28.027466326689954
3a7dcdb4-fe9e-4d9d-8dd5-72170c39483b,2026-02-03T09:33:22.764684,-26.194817831095104,28.037162590803906
7ccd7197-934e-411c-a4f6-aefaf0b4fd65,2026-02-03T09:33:23.764684,-26.20453386081003,28.047870154424956
7791a0c8-b89e-4c33-bc07-b51f92719fd4,2026-02-03T09:33:24.764684,-26.21623775313516,28.036924575143633
f8bce161-cc51-405a-a925-845ff26cef65,2026-02-03T09:33:25.764684,-26.21086054269709,28.028493817620664
3d0e71cd-15bf-420d-b688-a88d80ee5f7f,2026-02-03T09:33:26.764684,-26.211374294387543,28.035357623114187
8da5afed-9818-4223-a8cf-daf5a7d25e86,2026-02-03T09:33:27.764684,-26.206051973308718,28.057097969695317
507061e7-c9af-4114-adf7-e218b89e1cdf,2026-02-03T09:33:28.764684,-26.215754218278235,28.028328911261333
c82e2178-5570-4003-9fa2-52317b0ee4f4,2026-02-03T09:33:29.764684,-26.206479227898406,28.034083984429415
031b10dd-7b72-4f94-be84-26af0937de53,2026-02-03T09:33:30.764684,-26.184956196069635,28.039304685640044
e1d32724-c2aa-4b85-992f-0db6fe88f9a3,2026-02-03T09:33:31.764684,-26.19819295922116,28.038572074692983
28276db3-2c78-4651-a4d3-a64a5cb69776,2026-02-03T09:33:32.764684,-26.192347898355,28.052652373117297
547dd75e-805e-4ead-b9d3-edbf1bed719c,2026-02-03T09:33:33.764684,-26.208058726901662,28.05562368142128
9226542d-c744-4914-9602-120ebc4ca044,2026-02-03T09:33:34.764684,-26.188611089019368,28.041486453279145
bc4f5f58-7402-4262-8b09-7e99e9d60a80,2026-02-03T09:33:35.764684,-26.222672434440558,28.06386092558499
6da2dee1-5e98-430f-be7c-1039143753ef,2026-02-03T09:33:36.764684,-26.194838136856873,28.050147271815444
fcd9119b-2407-462a-be17-ac322ce2054f,2026-02-03T09:33:37.764684,-26.194360172661682,28.0365803544998
878f42a4-6c57-4109-aa1d-c9c5508ef1f3,2026-02-03T09:33:38.764684,-26.217132881272086,28.028041186886927
ad2bab64-e643-4244-94e2-d35b72eb1bf0,2026-02-03T09:33:39.764684,-26.187143644513107,28.048436550908963
3a379b61-be9e-4290-b55b-f57988766fd6,2026-02-03T09:33:40.764684,-26.205601219017975,28.06087415170757
4a7c0385-0903-4ac7-97c2-f672274fdd9c,2026-02-03T09:33:41.764684,-26.222541714703716,28.030767790027152
7ee671b8-21cb-4051-9d84-14eaec80d4c4,2026-02-03T09:33:42.764684,-26.19333072174336,28.028937937973037
c70a970b-8550-4c43-b389-959423d5706e,2026-02-03T09:33:43.764684,-26.203912972049622,28.063063530351403
e45a68cd-5d9f-4ac3-a005-c658de15ae56,2026-02-03T09:33:44.764684,-26.208170652366384,28.057166583589986
3e2d44e4-133d-48a7-8208-11d6e2baef05,2026-02-03T09:33:45.764684,-26.19960489553936,28.04163998565538
059a7044-2ef1-4435-8ca9-c808d8e2b2a5,2026-02-03T09:33:46.764684,-26.21131721808897,28.056366950389172
ca028954-ae29-45da-8e6b-6705365ed9e4,2026-02-03T09:33:47.764684,-26.188946050481622,28.058708467222615
d378db8d-d58c-425f-94c5-b5aefb5b591d,2026-02-03T09:33:48.764684,-26.19821761120792,28.032932620007635
5bd2fa51-5b30-469b-bed1-0f4dd1814465,2026-02-03T09:33:49.764684,-26.201692039581314,28.049893319030954
5ede740b-46e5-42d2-93bb-bec06b737624,2026-02-03T09:33:50.764684,-26.211489561541782,28.037461645930303
aa7d881b-1788-47dd-811f-55b12d78ccc9,2026-02-03T09:33:51.764684,-26.205431066393544,28.06167422280269
6224c2ae-de72-45b7-9e39-6a37218d5b8f,2026-02-03T09:33:52.764684,-26.197170663595404,28.066942995524165
ea129603-96ba-48a8-9d32-6d0062887d40,2026-02-03T09:33:53.764684,-26.202367051821813,28.040000368217616
1c36e76d-5cc4-4df6-ab63-f68b64ffeb37,2026-02-03T09:33:54.764684,-26.197944913938198,28.04421443794763
c490094a-5e78-46f6-a62d-46608ed77d8b,2026-02-03T09:33:55.764684,-26.21352570753143,28.051504609441004
cc356bbd-2b5c-4596-a68f-668f0c1c7695,2026-02-03T09:33:56.764684,-26.19770831526313,28.042524578478023
bc938c7b-bf5f-49ea-abf0-4cebc59877cf,2026-02-03T09:33:57.764684,-26.185616314910845,28.045196339142077
24e3042c-0f1f-4c95-b5e2-e2973f16e9aa,2026-02-03T09:33:58.764684,-26.213059712133603,28.0363135818265
3a449176-c4d5-4a8f-8da4-2dbd7605f953,2026-02-03T09:33:59.764684,-26.19674278082812,28.04839234317335
8ca7a977-7d6a-408b-8821-2d9dcc155db6,2026-02-03T09:34:00.764684,-26.18457637570637,28.03330937032106
7163167e-76d3-4dbe-8e39-63d32d026e4f,2026-02-03T09:34:01.764684,-26.191403345825506,28.030146752675677
61128a96-014f-4f89-8ef1-b20122dfc28b,2026-02-03T09:34:02.764684,-26.221669890917067,28.04632892634382
245e0471-ab7a-4a8e-8257-59f6001cfc70,2026-02-03T09:34:03.764684,-26.20564789030367,28.060235413516413
e23c34a1-6952-42d7-8d5b-a275350b901b,2026-02-03T09:34:04.764684,-26.184374276418932,28.058202484501738
4a8848f4-11a7-447e-878e-4d7730c9b573,2026-02-03T09:34:05.764684,-26.20508049958644,28.02840261683879
32a5706c-3e46-41da-b246-eec921bb6139,2026-02-03T09:34:06.764684,-26.188408759270896,28.06703392248571
abc60309-cea4-4501-8460-e3df32de299e,2026-02-03T09:34:07.764684,-26.189558500980652,28.064644647406677
781df0ca-6dbc-4140-ae0a-be3c03f2b4ef,2026-02-03T09:34:08.764684,-26.214877344007583,28.042279249031917
c13515a9-3213-4ce9-b3a1-7afc2da0e21a,2026-02-03T09:34:09.764684,-26.18583900163949,28.05629001526266
100353a0-31f5-4cd5-ad5c-f32c32182a6d,2026-02-03T09:34:10.764684,-26.189186639467618,28.04308789934998
0a0f572b-8469-4e1b-ae1c-e5d65ef3bd6a,2026-02-03T09:34:11.764684,-26.200900921715863,28.066979279134348
d2f9e1da-a47f-4473-90a0-98e93a6e64da,2026-02-03T09:34:12.764684,-26.214025718654714,28.045099520854002
612e306f-ae89-4ccb-a238-fcab71299646,2026-02-03T09:34:13.764684,-26.215623420615465,28.060570738633693
9c501666-b519-41bd-807f-a94a086f2c07,2026-02-03T09:34:14.764684,-26.18712855769846,28.039667870871735
f0ec0a8d-61ad-4f75-bbf5-9702f543361a,2026-02-03T09:34:15.764684,-26.203599245924185,28.052914056814874
5de3c3f0-c396-40d1-8df8-49b7e447eb78,2026-02-03T09:34:16.764684,-26.205535570551515,28.032183864592326
d14681cd-6ee6-4d07-88b9-aa68de3b1f8c,2026-02-03T09:34:17.764684,-26.219816496624777,28.062881381957038
d0900046-bd67-436f-a01d-9a1090b41008,2026-02-03T09:34:18.764684,-26.209336160844455,28.03413690996788
d509a67e-2216-46b4-bbfc-bcb80161e67e,2026-02-03T09:34:19.764684,-26.18946346627819,28.04032749289223
53886f41-9014-4cca-8b4c-af40f47c39ef,2026-02-03T09:34:20.764684,-26.21453221414001,28.03180398631349
544a8ec1-8270-421f-9200-56943c139410,2026-02-03T09:34:21.764684,-26.19114556230432,28.046411505069777
c8d7cc77-8c26-413a-b574-302eeb3c38c4,2026-02-03T09:34:22.764684,-26.21160612121608,28.053826504040295
12c3e1d6-f2ac-4ebd-bfc5-679f1431190a,2026-02-03T09:34:23.764684,-26.193120715818377,28.035985213502954
3e8dcd34-b535-4b57-b450-ab036b4ba3ac,2026-02-03T09:34:24.764684,-26.195668447708222,28.04794402940044
d4f60713-c95d-4c19-8956-d58a784e966b,2026-02-03T09:34:25.764684,-26.217144975281357,28.05633574073039
5319db0c-09c4-4634-9af7-60ed5d0a8953,2026-02-03T09:34:26.764684,-26.221003606358117,28.044938830639627
403d50bc-eb75-4600-8be4-b2d9844e97ad,2026-02-03T09:34:27.764684,-26.201002025214233,28.046825261018096
e0b4e029-cead-45e2-816a-e169c46c990b,2026-02-03T09:34:28.764684,-26.195230942682407,28.039222173615986
14bc83cb-b3ef-4376-9036-9d5d260d4b3b,2026-02-03T09:34:29.764684,-26.189296033526016,28.049106199204193
7893bc25-6698-45f8-a0ba-ba21c51ddef9,2026-02-03T09:34:30.764684,-26.189216443369652,28.03492892162081
33cc37c4-d698-4a32-a5c6-5e0fb1588160,2026-02-03T09:34:31.764684,-26.204171592957312,28.05242004897184
b55753a7-c9a5-455f-9049-377373edd164,2026-02-03T09:34:32.764684,-26.189657289082938,28.044152795249694
015d6408-97e9-4fbd-97f7-d5b46a8887ba,2026-02-03T09:34:33.764684,-26.2128561139877,28.066512267305725
9813c0b0-495d-458c-b5fe-ab4e55273468,2026-02-03T09:34:34.764684,-26.200778236124588,28.059218991533033
262c5bb5-7e0d-4453-a917-d2421e8fc5fc,2026-02-03T09:34:35.764684,-26.200194636351267,28.040219797380303
bf12fd2b-d751-4893-92d9-07313ef196e6,2026-02-03T09:34:36.764684,-26.221158226343583,28.056802122576038
98f78280-7ad2-46fd-9315-3b39303dee20,2026-02-03T09:34:37.764684,-26.21267724436115,28.053645425369535
fb27d1e2-9f88-4dc8-8f72-2e2ad06387b4,2026-02-03T09:34:38.764684,-26.18575846343193,28.061381935159517
708b93e9-4f37-4c11-a16b-948de2b02406,2026-02-03T09:34:39.764684,-26.2166011887596,28.036078548948858
2438aeaf-b55e-468d-bfc8-cd6bb604a09b,2026-02-03T09:34:40.764684,-26.18863456462333,28.02813663843654
08e4c8b6-f4f6-422e-a981-0969980420bf,2026-02-03T09:34:41.764684,-26.204320100041432,28.042159512940227
af74b7dd-d585-44a3-a72a-2f2b36c99204,2026-02-03T09:34:42.764684,-26.194981907376317,28.05965931489575
aa2ff1e9-6005-4fd5-b944-0be868e67982,2026-02-03T09:34:43.764684,-26.19488310868564,28.055273337909426
d7592160-c0bd-4b30-abe6-56163d9ff83b,2026-02-03T09:34:44.764684,-26.19285490942156,28.050018706458417
68c76d8c-b314-4793-a71d-13465311934a,2026-02-03T09:34:45.764684,-26.218464395204194,28.064665931210783
e89409ba-8e19-4faf-bf46-5d25b5194784,2026-02-03T09:34:46.764684,-26.210335445109127,28.064044863049016
c795dd1e-6ab3-49a2-a55e-69f2ca32ad4d,2026-02-03T09:34:47.764684,-26.213886469244954,28.052023588300187
be03e04f-c078-4e6b-87a2-44f7c8d214fb,2026-02-03T09:34:48.764684,-26.208461911823363,28.035705189326286
29280ac2-f35d-44fb-9dab-23f3153e8d27,2026-02-03T09:34:49.764684,-26.188596559514462,28.05086978003658
69f5ad62-6de0-403a-a17f-6d363cc72036,2026-02-03T09:34:50.764684,-26.201637105662805,28.05630273336195
0ae43309-6294-49fb-9570-3e83905a828a,2026-02-03T09:34:51.764684,-26.20164600012067,28.04685236067939
18033828-cfb9-4906-a007-9b0c9af64e5a,2026-02-03T09:34:52.764684,-26.201418905237347,28.040183129719296
63845f74-a693-4c40-9a02-a7f281742c08,2026-02-03T09:34:53.764684,-26.197820118105057,28.04422806161313
a4f5452b-eadb-4ddc-8533-0c2d5ca5b477,2026-02-03T09:34:54.764684,-26.20564201733598,28.03080543234085
51d10ecc-4cc7-4ea9-9541-d96fe8703fe4,2026-02-03T09:34:55.764684,-26.214872412168457,28.035315798363083
fbaeecfb-499a-41f8-b8c5-f26c8d12a07d,2026-02-03T09:34:56.764684,-26.18502150775124,28.038603545556853
ff0c8dc8-9168-400e-b7ae-9717ed0dc6e1,2026-02-03T09:34:57.764684,-26.200415908096048,28.031089231958855
91b5153d-588a-4eb1-84ad-2bce014068ea,2026-02-03T09:34:58.764684,-26.185085957627464,28.04112933875023
0dd9c0d7-4f5f-499c-ba20-f28c4be17b13,2026-02-03T09:34:59.764684,-26.212382378256496,28.03419331995834
55bcb418-ffa0-4383-8bfa-69061c834be2,2026-02-03T09:35:00.764684,-26.199504297348707,28.040483148240952
1317a150-1221-4cf5-b65a-671a2a4eb4b3,2026-02-03T09:35:01.764684,-26.1990271015917,28.033557725289842
73ee892e-7ceb-440d-b23f-627338678103,2026-02-03T09:35:02.764684,-26.1905630963218,28.056917389169403
da82166a-f85a-4fbc-9c5a-f242a82061b7,2026-02-03T09:35:03.764684,-26.214347695591837,28.031709169688423
79be2a8a-8ea8-4c35-ad27-e701a27e777a,2026-02-03T09:35:04.764684,-26.21626611096066,28.043973855492606
b53a4bdc-e2e8-4d84-ae51-0e16f9adccb3,2026-02-03T09:35:05.764684,-26.216898263011768,28.032518232830625
e0a79246-be17-4350-97cf-74aa5a4ee20b,2026-02-03T09:35:06.764684,-26.21149761229422,28.043428058838934
45ead546-139c-4b82-8c70-5237f0840700,2026-02-03T09:35:07.764684,-26.202796827695085,28.060847621618535
7f8688d2-bf83-4cb6-b7c5-acd83c8dd6d2,2026-02-03T09:35:08.764684,-26.193958851628608,28.03011417752065
56a0a568-0973-451a-8929-ccc3c1451bfe,2026-02-03T09:35:09.764684,-26.215641492155722,28.030241250211105
afb1a226-a4d7-487a-abbf-f0e0cabb946d,2026-02-03T09:35:10.764684,-26.21449420305118,28.041070786301045
ac4b9e9d-d4e6-4ab9-ae66-524eacef9ae8,2026-02-03T09:35:11.764684,-26.185754535714235,28.047304776454986
17d89edf-9481-4670-8d98-f46a4a78a11f,2026-02-03T09:35:12.764684,-26.201148288415734,28.033942324051125
a19b88b7-b83b-4287-ab63-1c5eacb862c0,2026-02-03T09:35:13.764684,-26.223034416965685,28.060150730656105
dca6df0e-b933-4526-bcbc-30aa2364c22f,2026-02-03T09:35:14.764684,-26.22260448551858,28.06522217533625
ddb44c17-864e-4fc3-949b-4f21981d615f,2026-02-03T09:35:15.764684,-26.195140645200038,28.048801617607207
bd02fbec-27dd-47b7-90e8-66ca13111ede,2026-02-03T09:35:16.764684,-26.19755884882967,28.046973818519806
de6b1978-7fff-4ce7-987a-4dca32f2c57b,2026-02-03T09:35:17.764684,-26.214038866211553,28.030062923715715
2ef460b4-1e27-40d0-9f63-bc8da1c15bc5,2026-02-03T09:35:18.764684,-26.20512577981964,28.033645323403874
017748dc-2314-4b77-a3c5-13a20c73c493,2026-02-03T09:35:19.764684,-26.184402178237708,28.055728967510017
499c2a54-c7b2-476b-b278-c3a5d685c1b3,2026-02-03T09:35:20.764684,-26.193910791876114,28.027676499682283
673e6bb5-677f-4205-b2ed-d1a33606350d,2026-02-03T09:35:21.764684,-26.220480935559166,28.065617284888944
17127122-b0be-44e0-8313-372df4acfca8,2026-02-03T09:35:22.764684,-26.20955264963181,28.05106591044718
69254253-394b-46d9-ac74-9fc8adca8a89,2026-02-03T09:35:23.764684,-26.199670526514723,28.0671694900072
10f7790b-ca4c-4e6a-813e-bc978d3f9c84,2026-02-03T09:35:24.764684,-26.211106023448654,28.055137188192116
ec369a63-8a8c-4c97-8816-46ab95eb909f,2026-02-03T09:35:25.764684,-26.21070184759088,28.0370640762118
9c0d96e7-b360-4323-ae2f-d7663c8a5a99,2026-02-03T09:35:26.764684,-26.20071193748906,28.031357740643642
4addc1fb-a3f4-431c-8338-6629b5bef831,2026-02-03T09:35:27.764684,-26.193465905793328,28.05031830290215
28a7c101-2eaf-4e3b-b1fe-25687409a363,2026-02-03T09:35:28.764684,-26.20559449455377,28.055900227387074
ce94185a-8d29-4741-bb7f-142f292f50c3,2026-02-03T09:35:29.764684,-26.195454399539997,28.034064030214353
5b7344f7-e008-4ca2-922d-8d4db8f2c88a,2026-02-03T09:35:30.764684,-26.215793897830928,28.052342029236556
72875e4d-5c1b-4a3b-9aee-366e8142fe9f,2026-02-03T09:35:31.764684,-26.21674135129033,28.06629894634408
d98c3445-f9e4-41b2-b149-b79dc08879b7,2026-02-03T09:35:32.764684,-26.21675337102981,28.029666429407545
4af53935-3468-4e64-93f1-cc0cc17e2441,2026-02-03T09:35:33.764684,-26.18549151103832,28.06209346785114
8e48cec6-4baa-438c-9ac6-f10dcfe8277b,2026-02-03T09:35:34.764684,-26.22163477418092,28.05281443732694
6d196135-7af6-4de3-8c5d-d7c4041fd27b,2026-02-03T09:35:35.764684,-26.22018734919865,28.0659353693912
6e22ced2-c729-4ee6-9562-7d506e5cfc37,2026-02-03T09:35:36.764684,-26.20007196291299,28.0651156858719
79b5be02-b083-4d89-bb2d-7ad4c9ea9d16,2026-02-03T09:35:37.764684,-26.206941875882187,28.03565764574803
185da6cf-db71-4127-91be-ee8b36c87e40,2026-02-03T09:35:38.764684,-26.195332723365578,28.053520023308643
3b50cace-922b-4887-85b5-4b8dabaef58b,2026-02-03T09:35:39.764684,-26.212129395134156,28.046415351508415
002df654-f177-48eb-b125-daa0858288d1,2026-02-03T09:35:40.764684,-26.221985677611134,28.06671142500032
862c755d-d1b7-4d3c-86fc-9e0af6448447,2026-02-03T09:35:41.764684,-26.209767957620713,28.066244956122468
ade84848-7a0f-48cf-89d7-fc55695a5024,2026-02-03T09:35:42.764684,-26.218494854405662,28.04778292190695
c4cc678b-c93e-411a-b352-01c793812c58,2026-02-03T09:35:43.764684,-26.203366862922813,28.06011933790126
6778348f-b1cc-43b4-94c2-a66ecfdb955d,2026-02-03T09:35:44.764684,-26.194469994331715,28.06092896489658
3c378e89-174d-496a-87ce-19e23b83e8b0,2026-02-03T09:35:45.764684,-26.203242081123303,28.058626916106054
7ab0803f-7e8c-4880-8eef-8b51e5fa813d,2026-02-03T09:35:46.764684,-26.219741514554716,28.059267725280826
3b73eeaf-6d01-4d79-8061-50ec507b9db5,2026-02-03T09:35:47.764684,-26.218319531427213,28.041914022349836
c9d573f4-afec-4994-a649-20372abb38e0,2026-02-03T09:35:48.764684,-26.205299994766477,28.03280793090222
8629be66-37ee-450f-af38-9255313a15c3,2026-02-03T09:35:49.764684,-26.210582799369345,28.039855889473635
01433b15-1942-4257-ba77-a5587695ad20,2026-02-03T09:35:50.764684,-26.19046173358058,28.030245954030743
1b52843b-2fa2-4fb0-b369-cc03b44a87b7,2026-02-03T09:35:51.764684,-26.21287225542812,28.044894965756693
8ae19839-046a-4104-ba54-905a79b47f90,2026-02-03T09:35:52.764684,-26.208024255757593,28.050463410812036
218e25d6-7751-4cea-894a-e18aefb136b9,2026-02-03T09:35:53.764684,-26.20871934413076,28.037616090900627
a09cc26b-1601-4031-a035-68fe837c2588,2026-02-03T09:35:54.764684,-26.222466810524118,28.0353805719572
745075d9-48d5-4c7b-9ab8-a622aafbc15d,2026-02-03T09:35:55.764684,-26.19485997736991,28.05414964357882
e0e97795-20db-41fe-a4fa-9bacd3c5b313,2026-02-03T09:35:56.764684,-26.210692790095933,28.059583145246524
a16a8ac2-3c4f-4dcd-ae16-aa455647a6e8,2026-02-03T09:35:57.764684,-26.219821325149688,28.04004254280431
a8584fcd-3305-49a9-89a2-803bc0ddc800,2026-02-03T09:35:58.764684,-26.18512834452948,28.035065962181562
002eb461-b6e1-4530-8cda-410a2f799306,2026-02-03T09:35:59.764684,-26.20347849822487,28.037693145622228
0943606e-d8de-4973-93fc-10f72e67aca5,2026-02-03T09:36:00.764684,-26.215957825776847,28.028934959385545
f57c596d-797c-43e5-a52c-52f865ab9d96,2026-02-03T09:36:01.764684,-26.205960341985303,28.049556615144386
bde66197-d5d5-43da-a0cc-a4bd76ab9072,2026-02-03T09:36:02.764684,-26.21354669845901,28.057148319525066
76de3aff-2056-42f2-96f8-6120266f89f6,2026-02-03T09:36:03.764684,-26.21980773540009,28.030779114333697
ed663f35-ef77-47fa-8bfe-6bc13ced4330,2026-02-03T09:36:04.764684,-26.209403653821994,28.064274144849733
f4ea41c1-b407-490b-85c4-98266d292d0f,2026-02-03T09:36:05.764684,-26.19001549389631,28.04993419961833
496146a6-efc2-40dd-a972-f63d6d5238b5,2026-02-03T09:36:06.764684,-26.191716783946696,28.04767580291164
368894f8-d7ab-4ff8-94af-9e4060554075,2026-02-03T09:36:07.764684,-26.18822725861036,28.0609159567207
8b7c3a28-0f6f-47ae-bf1f-8cd2bafdf159,2026-02-03T09:36:08.764684,-26.18489455235573,28.030213519407347
63b29765-0f3c-4d76-bfb7-a83f60cb9842,2026-02-03T09:36:09.764684,-26.223994019629824,28.028099313740153
e14bcf39-4a69-4f86-9070-ff7d2772cd7f,2026-02-03T09:36:10.764684,-26.20036329929096,28.059476359169718
56b54148-aea7-42c9-8432-645c48735fc5,2026-02-03T09:36:11.764684,-26.18915363762591,28.06037076335983
27f3ddaf-cb34-44af-b84a-47b211e6c0e3,2026-02-03T09:36:12.764684,-26.186318485639834,28.044129518871163
5ca9e26f-b0c3-4d48-883b-75cb4baa46ec,2026-02-03T09:36:13.764684,-26.215403959016292,28.036808766971202
36b20540-0e25-4d72-b8da-283cf8ade8c6,2026-02-03T09:36:14.764684,-26.18651141306444,28.05460636800153
e697fc28-a4e8-4579-8871-83221f5c93e4,2026-02-03T09:36:15.764684,-26.204982550172357,28.057666498036696
75c49b9c-51ab-4f3e-a044-114c69ddca6e,2026-02-03T09:36:16.764684,-26.186215034037566,28.049635847284474
5ed5e15e-0b14-4114-91eb-7850e281ebb4,2026-02-03T09:36:17.764684,-26.207091774116684,28.057857822877278
c53257d0-02a3-4193-8ab9-1e5107dd6d79,2026-02-03T09:36:18.764684,-26.21263364462396,28.03242809749811
d6e85ba6-6067-4b08-9c65-ab028b3c9e1d,2026-02-03T09:36:19.764684,-26.184791075829715,28.049161809881152
13df5fd3-c991-431a-9dbe-16b27bbb4bc7,2026-02-03T09:36:20.764684,-26.20471979067738,28.05859105646822
c2441f00-8da2-4743-90d5-ae128e3a2253,2026-02-03T09:36:21.764684,-26.218217649237484,28.059918625565153
7bc93bba-1e3d-48a8-85a9-7096f626c79e,2026-02-03T09:36:22.764684,-26.196411352567473,28.044590258312166
c92ccebb-d6cd-4791-9749-d2755b3003d3,2026-02-03T09:36:23.764684,-26.223923324768244,28.032072051921766
724c95d9-aca2-4003-a754-3fe11dbf2e59,2026-02-03T09:36:24.764684,-26.22095225159478,28.06467953615085
4733a80e-792c-4746-a471-92e5cbb7239f,2026-02-03T09:36:25.764684,-26.215563616875578,28.051449238215135
ab4368b8-6edb-4f49-a13b-f8e49e2e340f,2026-02-03T09:36:26.764684,-26.204699877520646,28.046647443916054
b6adad08-deb9-418b-9a15-4d8e95206ed8,2026-02-03T09:36:27.764684,-26.216157713787663,28.055713425295078
3dc04503-6223-4408-aab2-efede009828b,2026-02-03T09:36:28.764684,-26.217620861102937,28.040539262566742
f53451de-d6fb-402f-9452-fbc01ef29d8e,2026-02-03T09:36:29.764684,-26.194317006424807,28.05855727501147
851b6b55-8434-4704-904f-ed786e849708,2026-02-03T09:36:30.764684,-26.22404696705546,28.051965013804875
ab52acc9-7e2a-48a4-b5de-7c7bceace87f,2026-02-03T09:36:31.764684,-26.20661880784725,28.049704513358595
5b58e9c2-ac7f-4c87-8b30-025650e96793,2026-02-03T09:36:32.764684,-26.19652560270704,28.065571753463757
f96536f1-7942-4198-90cf-aecd6dbf06d8,2026-02-03T09:36:33.764684,-26.18784769207544,28.059068829696226
af6199f6-80f4-418d-93ab-50550ebe86bb,2026-02-03T09:36:34.764684,-26.208520248184104,28.051694265545308
d27914f2-8b9f-4e23-9967-84c7be4281e5,2026-02-03T09:36:35.764684,-26.189547570307575,28.056324137342227
a6c73724-c927-454d-aba8-418ad30d6434,2026-02-03T09:36:36.764684,-26.222397559980866,28.066649130069422
2c6efaac-8ec8-4e68-b731-4e6a891eb477,2026-02-03T09:36:37.764684,-26.21841548042602,28.03806349584705
92d2c52d-7953-4b3f-9bf7-f7ce83aefc3f,2026-02-03T09:36:38.764684,-26.200748643840466,28.042928651247106
c8d7f174-633c-431a-a9e5-7cb7f3643dd3,2026-02-03T09:36:39.764684,-26.18957427675047,28.033144382408206
b3e0b28f-fa70-4145-ab0e-47971693ce9e,2026-02-03T09:36:40.764684,-26.216928980348875,28.034244126084836
0b6f5551-7c9e-44d1-bf09-aef6a78db11f,2026-02-03T09:36:41.764684,-26.192397125458214,28.052643430534033
16dcbe92-97ba-418e-b605-203ceb8bd155,2026-02-03T09:36:42.764684,-26.21402662348533,28.036729120237332
a61c299f-7742-4d40-9ef0-ba492c5d0420,2026-02-03T09:36:43.764684,-26.19584054954504,28.047387515277666
b32d1ca2-93d5-4338-81ee-27ba2fad1078,2026-02-03T09:36:44.764684,-26.18413743516733,28.057841440229204
5f0bda7d-5831-4984-aed4-3ac3c17d58f1,2026-02-03T09:36:45.764684,-26.210594865871037,28.06049677963935
c3969129-c6a9-40f3-8baf-1a936ef17eca,2026-02-03T09:36:46.764684,-26.208130550185007,28.028082271516517
a906048e-a561-4e27-8aca-21feadcffcf5,2026-02-03T09:36:47.764684,-26.187256196284537,28.054295556125446
4ffc5a1c-f7ac-4795-99ff-1ac63e6fc7c1,2026-02-03T09:36:48.764684,-26.186948330330036,28.054804195206778
0eb9df29-8a7a-44f6-9355-1d74c639cbce,2026-02-03T09:36:49.764684,-26.21588342984332,28.062999865998542
ccebdf39-489b-4943-b676-3982d1919cd1,2026-02-03T09:36:50.764684,-26.191285618501873,28.02772356269467
05539106-8a1b-41a5-bed9-7336547bfc94,2026-02-03T09:36:51.764684,-26.186146773703584,28.064636343900954
6e2eb9ae-dea8-4f6f-9ffc-def7500f47cc,2026-02-03T09:36:52.764684,-26.216947125031727,28.05984101899206
b436cfca-8601-4ce6-b1fa-82216a2a6316,2026-02-03T09:36:53.764684,-26.184954160709967,28.030306608421046
a20ad5a2-6df0-4a31-9f9f-91e47df2c967,2026-02-03T09:36:54.764684,-26.212570656144184,28.047021288521762
88bd26c1-00ee-4209-8f2f-c2552da84670,2026-02-03T09:36:55.764684,-26.202769828315862,28.05662423425471
d4662f67-6be3-4350-a854-5c82fa5df5ec,2026-02-03T09:36:56.764684,-26.222145719703047,28.027904304316248
d85a88d5-a4f4-4236-9c4c-7aadf1542155,2026-02-03T09:36:57.764684,-26.221459269295703,28.045050084090043
be7d2ed1-0eb1-4cf1-876b-c45b540492cc,2026-02-03T09:36:58.764684,-26.213361575106518,28.067162442716704
a42ec57f-d53d-4ff2-9c7e-32aa0e975d7d,2026-02-03T09:36:59.764684,-26.221981121231508,28.059254477593665
a61eea85-b3ac-4b38-baca-d3883cde9b24,2026-02-03T09:37:00.764684,-26.185074899681226,28.060180626830366
8042380a-707d-43f3-a444-d04d383a6bdc,2026-02-03T09:37:01.764684,-26.202502774147302,28.050170199345764
78b64252-5fe6-48a2-bec5-5c3c94351515,2026-02-03T09:37:02.764684,-26.207928604328938,28.04994819254344
5f54b3d4-a384-43d0-8280-b5d6efe328a7,2026-02-03T09:37:03.764684,-26.199588570253837,28.045618365311704
0a74d7b2-f9ab-4c62-8bb7-125081028238,2026-02-03T09:37:04.764684,-26.187939779671275,28.04999379882818
9f279fb5-59b5-4553-80e6-920738cd91d3,2026-02-03T09:37:05.764684,-26.198837559648396,28.05023544441069
173eb120-1b82-407c-a151-fbe675b46d9f,2026-02-03T09:37:06.764684,-26.218671122663256,28.063161071101195
63d309dd-7b0c-44e2-9c9a-d8243a437a02,2026-02-03T09:37:07.764684,-26.19819237115571,28.059274227600145
e0f28f2f-eb09-4362-9ca8-971adaf9a1b3,2026-02-03T09:37:08.764684,-26.18869315165471,28.05750547775407
dd839453-b027-43e2-aae5-0102edea5743,2026-02-03T09:37:09.764684,-26.191112321166873,28.040376261149145
f7a2262b-bfb5-4651-b3ed-394977f95064,2026-02-03T09:37:10.764684,-26.217039772475356,28.04171629174576
fbfa8d27-ed08-40ac-b750-2a41a895a14f,2026-02-03T09:37:11.764684,-26.211431697949603,28.04800227733396
4af9aeff-1143-4228-9c2b-d402ce47af2d,2026-02-03T09:37:12.764684,-26.202633308636187,28.05091924827916
534c3e1b-e1f8-48e0-97e8-a40525567c47,2026-02-03T09:37:13.764684,-26.215148977957217,28.046715390553842
6fe7a981-45b9-455c-b38e-1243bf263a02,2026-02-03T09:37:14.764684,-26.19797372029315,28.035250842495678
d4505e14-2cdc-456d-a831-7e9ce9dda517,2026-02-03T09:37:15.764684,-26.208582002369585,28.040743365633165
f46e5500-d9c5-4f1a-94f1-94ce4993b388,2026-02-03T09:37:16.764684,-26.209986003087455,28.063410424912984
020230f7-86ae-4bea-ace5-d9ee4c9b8706,2026-02-03T09:37:17.764684,-26.199212569439663,28.04598004771347
cde731b2-232c-446a-8b48-bba6e0fd1259,2026-02-03T09:37:18.764684,-26.215128311459473,28.03585140017063
bb51bbd8-d95d-4bb3-9a1d-739b3dfc4e1a,2026-02-03T09:37:19.764684,-26.206359974058262,28.03450131718231
6ab5f8e6-3fb9-4864-9499-4c5bbfa7c923,2026-02-03T09:37:20.764684,-26.220532356857444,28.06305168819178
ee67a651-45d4-4087-94df-9b62d11f65fe,2026-02-03T09:37:21.764684,-26.19085868461252,28.0581333604284
223990c4-bb91-4815-a4e4-fee7ec96d320,2026-02-03T09:37:22.764684,-26.18950019474907,28.05239030968238
5a292143-1801-49b4-b748-1be340c576dc,2026-02-03T09:37:23.764684,-26.222347534312515,28.047135960554737
cdafece9-bc38-4138-8609-59b10ee67bfa,2026-02-03T09:37:24.764684,-26.206931415509246,28.04579272835987
08fc41c9-6a0f-49dd-af0f-150b1993f302,2026-02-03T09:37:25.764684,-26.212308254639325,28.056180136071728
66cdc7da-90e0-4d11-97ef-b169ca4a9960,2026-02-03T09:37:26.764684,-26.18740082694348,28.027837886850097
ae624896-9e1f-407f-bed9-e3acb57bab91,2026-02-03T09:37:27.764684,-26.223928700867123,28.03472982611869
ec2753d6-6001-4ac5-9d02-cf1a97763b5b,2026-02-03T09:37:28.764684,-26.195153383311244,28.03256008699759
938e5d24-ecf9-4e9b-b8ab-3026bba158c4,2026-02-03T09:37:29.764684,-26.219131771474373,28.060991944024295
999e281e-bee3-4da2-8df4-9f5b48d06cc7,2026-02-03T09:37:30.764684,-26.220072105017294,28.0639297934558
32d7b016-ec62-433c-8b78-360660ccb168,2026-02-03T09:37:31.764684,-26.189923797507358,28.06380186836655
8a59d86c-10ab-4b39-ac85-9dbe864a2ac3,2026-02-03T09:37:32.764684,-26.219904807198084,28.061506038504803
858955ed-157a-4034-8ca3-0ee9eea7e208,2026-02-03T09:37:33.764684,-26.198291462300965,28.028191372496387
fb256cf6-95ae-4986-b1eb-cf64063557d2,2026-02-03T09:37:34.764684,-26.22134922490946,28.037273540186266
45143cad-14e6-45ba-9ce0-1d8beb1ca4fc,2026-02-03T09:37:35.764684,-26.22050232155132,28.03983518714558
cbf345d6-4c71-43a3-a550-214ce710df8f,2026-02-03T09:37:36.764684,-26.207183888679946,28.06698430079166
ed2a03f7-4046-45f8-8281-a2b9bd8ba49e,2026-02-03T09:37:37.764684,-26.197853903865777,28.037151201352806
9040f3e6-3472-4e39-93ac-0dfd3afa4284,2026-02-03T09:37:38.764684,-26.21272440898619,28.040757258920664
815bf105-52aa-459a-a515-a7fdedf2051b,2026-02-03T09:37:39.764684,-26.213805030829594,28.067189395265387
88cbfb7b-77cd-4657-af4f-0c53ca386a37,2026-02-03T09:37:40.764684,-26.21605773534874,28.052431229495912
f58654ac-bb87-477c-8723-b9aa258e8236,2026-02-03T09:37:41.764684,-26.191678718476606,28.064593879537195
0346fa98-7792-4241-abbb-7d75e9e204d6,2026-02-03T09:37:42.764684,-26.207180338438018,28.060874128973243
f99cbc0a-46b8-455d-a250-f335d4554253,2026-02-03T09:37:43.764684,-26.20223074856999,28.031930818736473
29482cf3-7e48-48bf-b492-cf0b41cca7b6,2026-02-03T09:37:44.764684,-26.219225679763767,28.062553871519146
e9c70fe3-2f17-4336-9994-534ff1200260,2026-02-03T09:37:45.764684,-26.220492523603223,28.040327291683756
bdcc71f4-0d10-4a2f-87ab-4af26ac56ae5,2026-02-03T09:37:46.764684,-26.19381480877083,28.042960490835693
300776c6-8316-4372-bae4-ce00282c474a,2026-02-03T09:37:47.764684,-26.207404076134175,28.030017103668897
59e3d166-7cf5-4ba3-8856-d436b87c170f,2026-02-03T09:37:48.764684,-26.22052140534764,28.040964462149734
05ebb2cc-64d6-498e-ac00-36c1b028a4e3,2026-02-03T09:37:49.764684,-26.209212120303857,28.042880857803993
526ca51a-e8bd-4211-8736-ee19d4541867,2026-02-03T09:37:50.764684,-26.1924752519227,28.043917173332556
68abe2dc-2d9f-4930-8dcd-7288711bfe9b,2026-02-03T09:37:51.764684,-26.204409704595264,28.05623615029317
0f9695b1-faf3-49a0-8857-50020f1f057c,2026-02-03T09:37:52.764684,-26.20483499812733,28.039531472471317
db96a3a0-e349-498a-9cba-6fec3b8478d1,2026-02-03T09:37:53.764684,-26.207958470896994,28.028296657684372
b8739a8d-b9b0-4385-9696-00ef092e17f7,2026-02-03T09:37:54.764684,-26.18422127626078,28.04972549234089
30d101c2-7f6d-407e-867a-a2f74f495b76,2026-02-03T09:37:55.764684,-26.21497027600279,28.056721993125393
a09782e5-ecf7-4be3-8530-ba4373b449c7,2026-02-03T09:37:56.764684,-26.21982383070028,28.06061925030517
570136f4-81cd-4497-8f0e-fb4e15e4b046,2026-02-03T09:37:57.764684,-26.213395752361976,28.038847926277306
e4c9364e-026b-4765-a9ef-63b7a9c17bc7,2026-02-03T09:37:58.764684,-26.206073308396878,28.041126767764652
e3865c5a-9b45-41d7-924e-3090e9c02294,2026-02-03T09:37:59.764684,-26.18673912992639,28.031557136774676
a27c2021-82c0-4853-b40e-b2da88e3179c,2026-02-03T09:38:00.764684,-26.19145933439639,28.06232854948398
f61c058a-da22-45ec-867d-76fbcaf1e1cf,2026-02-03T09:38:01.764684,-26.22215858634067,28.03422328125175
3180f30d-ed39-4b3c-a937-a65e1aa68884,2026-02-03T09:38:02.764684,-26.209449141668703,28.03712805356708
af60fb47-4459-4308-bafc-0e53bfd35bac,2026-02-03T09:38:03.764684,-26.22397335857655,28.062488381324357
cc3dd933-e1ab-4ef6-bb52-6ca321a24639,2026-02-03T09:38:04.764684,-26.2230972747059,28.055980433945017
dc82480b-6a98-4d74-a7b2-6ad4ad91dc39,2026-02-03T09:38:05.764684,-26.21678705506935,28.03055646551508
37e75645-acde-419b-8e30-22441daece60,2026-02-03T09:38:06.764684,-26.216198217229653,28.066340041723034
a0f717b0-0667-4f49-9fbc-af61df0a979c,2026-02-03T09:38:07.764684,-26.209255115350715,28.034832490188222
f0e1734e-966f-4aae-87b4-780f6f2a7358,2026-02-03T09:38:08.764684,-26.21336274105282,28.059784390304266
73931cd2-eeed-4ba1-b3e9-aa50939668c0,2026-02-03T09:38:09.764684,-26.209151553770457,28.044849321870284
bcd546bd-ee92-4b1c-9bc2-29a6a6a98de1,2026-02-03T09:38:10.764684,-26.20016119473517,28.04725493998327
8d799b9d-ce65-403f-b953-bae08718bcf8,2026-02-03T09:38:11.764684,-26.206886452075324,28.034023365516013
a07c0e30-412d-4568-b73b-9a4394db5ff1,2026-02-03T09:38:12.764684,-26.195600081654618,28.057311786486704
0cd20264-db63-4ec4-aa04-4e2fd8c5fc65,2026-02-03T09:38:13.764684,-26.21331307225611,28.05382601210382
105eecb9-7888-4713-9049-ce3f6c988eec,2026-02-03T09:38:14.764684,-26.223910431446107,28.059601696238204
23b7446a-bcc1-4e29-a25c-87d19264a133,2026-02-03T09:38:15.764684,-26.223440078152375,28.027939537563977
142a7fd0-9438-48bb-996a-5126a1662932,2026-02-03T09:38:16.764684,-26.213160751782315,28.047982132861804
287e6d90-99a4-404e-a536-50053afe9621,2026-02-03T09:38:17.764684,-26.19399740682664,28.045723649032745
009d2ec4-1f45-4cf7-8ba1-b76996ca2f73,2026-02-03T09:38:18.764684,-26.197438107201407,28.031710513051678
66fd7707-8eaa-4e3d-9d77-6dea670bcff0,2026-02-03T09:38:19.764684,-26.193783355355812,28.03550271394459
e6469e82-4137-4f60-ad91-0cf7e3a78bfc,2026-02-03T09:38:20.764684,-26.184579193875308,28.039756634435793
73e43e96-7b49-42e0-a09d-b0b8fa3013d7,2026-02-03T09:38:21.764684,-26.185676120602146,28.0649328308808
3d5a9222-2e49-43af-a1c4-eb05ba6f76e9,2026-02-03T09:38:22.764684,-26.21176494454831,28.050277156940748
60b7703e-6853-438c-b641-5c395974e50b,2026-02-03T09:38:23.764684,-26.18677882046201,28.04599894735135
a64e141e-9ef2-4477-8192-e487c7547723,2026-02-03T09:38:24.764684,-26.187383167245795,28.065677486172124
8e547192-4eb6-41e0-b049-8ee6725bfe01,2026-02-03T09:38:25.764684,-26.201306064713975,28.054871526326444
51df894b-df57-474d-912e-8ca2ac19629d,2026-02-03T09:38:26.764684,-26.195254098145533,28.04433725515973
db6008e2-0d59-4046-8af1-7ee5731427cd,2026-02-03T09:38:27.764684,-26.21217116401328,28.061168797625484
736f890b-b153-464a-a770-0c10da3d0b2c,2026-02-03T09:38:28.764684,-26.192561288961627,28.03688119855945
c4ae37c1-d1c5-4328-8a48-ad93b02bd557,2026-02-03T09:38:29.764684,-26.191023642819502,28.029577868196323
10a10290-59c5-40dc-a563-0464b266c03c,2026-02-03T09:38:30.764684,-26.195795903469875,28.036819264698988
dbd8c8ee-498b-4daa-bb2a-d1603efee41a,2026-02-03T09:38:31.764684,-26.19343980297596,28.039138413393413
e668c7c9-2334-4ed8-8250-5138ea6e43ff,2026-02-03T09:38:32.764684,-26.223327649542302,28.05778442011592
21a9cb26-7918-42f9-b176-1143821e6f03,2026-02-03T09:38:33.764684,-26.22042546581644,28.05986158058512
9357aba5-65af-4aa9-b55e-2859bf775925,2026-02-03T09:38:34.764684,-26.212807313932107,28.042116340861686
a51ef9d1-fa0e-46bc-b734-7ec724f671cc,2026-02-03T09:38:35.764684,-26.224047467090635,28.029603182453897
8bb7acb0-9f45-4819-ba51-a4db01c71eb2,2026-02-03T09:38:36.764684,-26.186351600699957,28.03156231244803
30fc4a50-0a18-47ba-b3fc-f2921a682fd0,2026-02-03T09:38:37.764684,-26.19612696148669,28.03099107033766
d9df886a-1840-450f-81b2-f0cbf1349dbf,2026-02-03T09:38:38.764684,-26.209221731448487,28.0542170282779
f53e8b82-75ac-40da-8584-ab4c710647ae,2026-02-03T09:38:39.764684,-26.213298428310512,28.059804938535407
69a6ba3a-9eb1-49ca-8ed6-6fe5d41cdb9d,2026-02-03T09:38:40.764684,-26.220581628214248,28.059697771725194
b236f141-1795-41e0-b6ff-f1f781244b79,2026-02-03T09:38:41.764684,-26.205123795515938,28.057946565913582
a9b4cd83-d94e-4903-b384-68d43c4c683e,2026-02-03T09:38:42.764684,-26.22065503741322,28.039771622746617
810967a7-8719-4311-b44d-f84e733d8a7e,2026-02-03T09:38:43.764684,-26.219112448391808,28.03944742853526
df37dbfc-8fa2-47b2-a7d1-ec23c0fb1788,2026-02-03T09:38:44.764684,-26.20098778269707,28.028214457679404
a99de04f-df34-4cc7-906f-ea48236db1a7,2026-02-03T09:38:45.764684,-26.204232572512925,28.031222953013597
f03dd095-1af8-4f1a-a05c-ce1c8c6e1036,2026-02-03T09:38:46.764684,-26.220812618587576,28.030242731153912
b3e779bf-7fcf-471d-affc-478d531f79b4,2026-02-03T09:38:47.764684,-26.222252871780874,28.052139099219918
d00f804a-1bfc-4113-9af6-e7ecec16dee9,2026-02-03T09:38:48.764684,-26.21881870185024,28.05186434782847
b8a536ce-ccf3-432f-9e7b-ac671524ca40,2026-02-03T09:38:49.764684,-26.205462710567677,28.032117252190645
156489fd-68ce-45ca-9c0d-bf7a3583ada2,2026-02-03T09:38:50.764684,-26.199177854009317,28.041702206701128
97f60a50-8dc1-4eae-919f-4ce4362573df,2026-02-03T09:38:51.764684,-26.199937509202684,28.046782742235138
d0389900-d1e8-4b36-9ba2-3e3a3fa10cf3,2026-02-03T09:38:52.764684,-26.199887656076353,28.035571944920424
a8d9588c-0c10-43ca-b4a5-6a21bf65d2ef,2026-02-03T09:38:53.764684,-26.206542380410422,28.039350996757083
0c068913-213b-49aa-b44f-11ddd94cbcc1,2026-02-03T09:38:54.764684,-26.220701487807034,28.066963487872105
57a1b76a-354b-44bd-b86f-b22f98e35441,2026-02-03T09:38:55.764684,-26.210857801860506,28.030913633934095
8951b386-4703-4a4a-90a9-27a8e1d7c56e,2026-02-03T09:38:56.764684,-26.21711361940444,28.03372204052237
039d44ee-1304-4ce5-84c7-f3200d0d12a0,2026-02-03T09:38:57.764684,-26.198889821758637,28.047933849908645
ebc694cb-29ae-4f2b-ab23-55f48d000a64,2026-02-03T09:38:58.764684,-26.189903039364665,28.044253142563495
2b08c48d-85e6-47f8-bf45-97c4e07e07c6,2026-02-03T09:38:59.764684,-26.197075091770618,28.064304505415432
2244d6de-5a9b-40ba-a91f-cb08334ede6f,2026-02-03T09:39:00.764684,-26.204502681779978,28.039558114598417
145d2ca9-fe80-4b1c-a545-2dfd023d0815,2026-02-03T09:39:01.764684,-26.205186823400613,28.03206884502434
585ef80c-172c-4bae-a370-f55a2519f9df,2026-02-03T09:39:02.764684,-26.197490800861846,28.046925029690737
02dec9e5-3d65-4d26-b154-8c15075d660c,2026-02-03T09:39:03.764684,-26.219643663755814,28.04785028079464
6980f148-563e-47c7-92dc-93f8aae759a7,2026-02-03T09:39:04.764684,-26.202441027819106,28.05031956985349
6fbd9b6a-60be-427d-af3b-13de9191d4e5,2026-02-03T09:39:05.764684,-26.18733738293981,28.049130359060015
4609bbb7-5d45-4485-88c4-a25208976fcf,2026-02-03T09:39:06.764684,-26.196754326056524,28.046056235654806
1ed19c04-2395-4420-ad3a-390a5d74f99f,2026-02-03T09:39:07.764684,-26.18663023374607,28.047913432678726
dc006fe3-19da-4839-a984-e69a085a8a4e,2026-02-03T09:39:08.764684,-26.198124677401452,28.059558224748166
10e80506-5754-4f3a-b596-c1b1b5dd1a08,2026-02-03T09:39:09.764684,-26.205028482417397,28.052671184183083
599e817c-3194-4697-852c-31ff70b47138,2026-02-03T09:39:10.764684,-26.22266031735392,28.027465058429463
782e4174-d214-4bbe-99f7-eff5b79f28bd,2026-02-03T09:39:11.764684,-26.189616686806282,28.028010332004122
633c362a-673e-4888-a94f-3fb7083557a1,2026-02-03T09:39:12.764684,-26.215794985532774,28.027499200312615
89844d8a-a31f-4bed-a434-c606a26ab032,2026-02-03T09:39:13.764684,-26.19277293197769,28.057205552185984
5f005334-f1c3-44aa-8f5b-61832f7d6b2a,2026-02-03T09:39:14.764684,-26.215370122924924,28.063005694896017
90a922b6-a929-45f5-beec-26945ec67829,2026-02-03T09:39:15.764684,-26.198672004112787,28.053579259616566
715becf0-9362-4d59-a175-821a2115e5c4,2026-02-03T09:39:16.764684,-26.21805224256591,28.03703224502233
57809075-2084-4639-9b19-20d20423c0ad,2026-02-03T09:39:17.764684,-26.18814161122785,28.03374332870412
21dde3ad-53ec-4403-a133-0ae48a7c8d1a,2026-02-03T09:39:18.764684,-26.216973748210954,28.053858726332095
75c8a9ad-d459-4b55-9830-8a45dc573749,2026-02-03T09:39:19.764684,-26.223189284518313,28.04943193388689
61d6df44-80ac-4432-99dc-c28a53c63371,2026-02-03T09:39:20.764684,-26.187692548559,28.036377463282676
6a5acb5c-746d-48ca-b076-1175776a2cd6,2026-02-03T09:39:21.764684,-26.20109058151177,28.05007047629226
3fbd5aea-b204-4802-9cad-2523975c5e24,2026-02-03T09:39:22.764684,-26.200761107053477,28.03883014026133
a520caf4-78eb-4b5a-812d-154aa27f28f9,2026-02-03T09:39:23.764684,-26.192454928821046,28.064952474960016
68b75f87-20fb-402b-b4ea-b297e1150a95,2026-02-03T09:39:24.764684,-26.188859527694998,28.04575548664168
e7e8ccd0-3e09-44ff-ab16-17a8da6d7960,2026-02-03T09:39:25.764684,-26.211685040360763,28.040613270801007
9170c7b2-ddd9-4189-a1c1-c80d19d8d570,2026-02-03T09:39:26.764684,-26.19133567013588,28.0274767044191
0e4eadc0-cb94-4287-84f3-d72f64fa313f,2026-02-03T09:39:27.764684,-26.213611570713116,28.046686536672876
96cd5d55-a62b-44f9-90a6-09796602d2ff,2026-02-03T09:39:28.764684,-26.20196093252902,28.053781335974797
9a02c59c-e18b-41ea-b0db-773e5f56678a,2026-02-03T09:39:29.764684,-26.217781484227952,28.042229205413513
b7a45ebe-3fc7-4c05-96ce-4910cd022add,2026-02-03T09:39:30.764684,-26.217532878116277,28.04815699756428
087c17fc-520f-4e02-b537-9329cfef3ffd,2026-02-03T09:39:31.764684,-26.21444199906218,28.02812054624424
d7599bed-61b5-42d6-9903-7c54166b20fd,2026-02-03T09:39:32.764684,-26.220991169236036,28.02828308264446
1d6be8b6-1b99-4666-8e72-473605239bec,2026-02-03T09:39:33.764684,-26.218624435624164,28.0614494440669
e6dc13bd-ec28-4dd0-9a65-88dd5aad11d2,2026-02-03T09:39:34.764684,-26.211932394435813,28.03015368381228
c720432f-aac0-44db-8b75-4ac6b135126b,2026-02-03T09:39:35.764684,-26.210894084167332,28.062020063192925
1c5df361-88d4-4a70-8517-0dfe90915866,2026-02-03T09:39:36.764684,-26.222916145211208,28.030246860877593
3cf6f811-2622-47ce-ad33-dee591a72f0f,2026-02-03T09:39:37.764684,-26.187835585459403,28.04000099154326
7b925a06-3e02-4539-afd6-b20d576ec68e,2026-02-03T09:39:38.764684,-26.19955063764854,28.051108677870822
e3ac7383-e536-42cf-8383-db06ffd2dbc4,2026-02-03T09:39:39.764684,-26.19029196060789,28.06040688760613
da038f94-0bba-49c7-960a-6859da4be213,2026-02-03T09:39:40.764684,-26.215769820587237,28.046572456551562
ea212f43-31f5-4044-b904-9570736400b0,2026-02-03T09:39:41.764684,-26.20466884952889,28.0355481262693
54e8167c-cd92-469c-bc4a-c552faa04e23,2026-02-03T09:39:42.764684,-26.192938199988,28.028071447547884
fc007408-80a6-48fb-b547-a0d50b2623d0,2026-02-03T09:39:43.764684,-26.198746930536625,28.060048438701298
1ab5bf70-3293-4346-8321-4a2bf6a52ed4,2026-02-03T09:39:44.764684,-26.18477517006938,28.042957469466014
5e1b6f16-6f9b-4e01-ae84-9ebf4eea9345,2026-02-03T09:39:45.764684,-26.209658431536166,28.059514191654063
f372f1cb-3b02-4817-a667-ca403aba82ad,2026-02-03T09:39:46.764684,-26.201846131745764,28.060036214897405
93753544-99af-4b40-9716-61727f5bf633,2026-02-03T09:39:47.764684,-26.220222873742475,28.040366925881315
46e77b05-28de-4f4d-906e-d361f35d0fb9,2026-02-03T09:39:48.764684,-26.20484598053167,28.046325960762186
0440615f-f645-4b96-a34c-440caf17973a,2026-02-03T09:39:49.764684,-26.198295922589857,28.060536568126714
68f5c1c4-d20b-4f46-9d21-c60f32cbee80,2026-02-03T09:39:50.764684,-26.18997253890343,28.043366478445506
480f5836-63c3-4a1c-b783-025de82f6bfd,2026-02-03T09:39:51.764684,-26.211182114861977,28.065061987146343
c88f7bc3-7578-4ad3-8ad5-c4fe42a20c32,2026-02-03T09:39:52.764684,-26.206476905597476,28.05573035381133
717b8aa5-c29a-406d-a6b2-887318b56d51,2026-02-03T09:39:53.764684,-26.186166230904764,28.033573058815332
21a5edf0-e471-4ae6-9280-d594f41f17bd,2026-02-03T09:39:54.764684,-26.198645791905726,28.04802998665601
d6dd1e1c-2a72-4712-b05c-025d9290a7e0,2026-02-03T09:39:55.764684,-26.212946289718495,28.055810887308354
fb572810-a51c-4bb3-ac2f-6661b6f59657,2026-02-03T09:39:56.764684,-26.217648357121828,28.057728224285505
f115e120-66b6-4cb4-b5bd-96435eaf6757,2026-02-03T09:39:57.764684,-26.210383699025297,28.02915161278722
8636b513-2e61-4834-bf9f-7107c09c0eaf,2026-02-03T09:39:58.764684,-26.18966123672634,28.034588495770393
8f30397c-8c56-4ff6-b2f3-44aa4e20958e,2026-02-03T09:39:59.764684,-26.188189297709325,28.051570923546535
39b3c1a8-3061-4f5f-9c15-dbc679288615,2026-02-03T09:40:00.764684,-26.184893929979836,28.052613435291665
391222af-ae98-4fe3-bdb6-51f4930d698f,2026-02-03T09:40:01.764684,-26.189521649524362,28.030541547768735
40cd8a46-dbf2-48ee-9946-2ed1932492eb,2026-02-03T09:40:02.764684,-26.212187282054288,28.031091630215073
99eee462-898c-4bf8-bca9-977b418f3a89,2026-02-03T09:40:03.764684,-26.18587346462371,28.067079142977956
a0d7a28f-e943-4fe6-9a2f-8f33af344ecd,2026-02-03T09:40:04.764684,-26.193661616213607,28.047716701472204
10ebcfc4-89d1-451c-8738-65737395e74f,2026-02-03T09:40:05.764684,-26.21312211784698,28.061040313266
35e1b3f4-da2c-42e4-a8a7-f20a29387347,2026-02-03T09:40:06.764684,-26.197856690641114,28.03003409341291
4f6b0bfc-d75d-4b7d-85d2-aa5dbbf98de9,2026-02-03T09:40:07.764684,-26.190078266481077,28.054204688366852
8f8a2a03-b4e5-4ac8-b206-b0d1698a2ffe,2026-02-03T09:40:08.764684,-26.202227608628323,28.059649598671474
b4e14414-97fd-4088-974c-7c2690de02b3,2026-02-03T09:40:09.764684,-26.223403080260905,28.029873499771814
e6ebed3b-4ca7-40e5-83cd-d89243f9415a,2026-02-03T09:40:10.764684,-26.209702712851925,28.044441213439303
b098f129-9381-456d-b4ff-411a1d3fe94d,2026-02-03T09:40:11.764684,-26.216810536001162,28.05400011584395
d5a3666e-f660-4f0d-998f-698076b0f552,2026-02-03T09:40:12.764684,-26.193719390652902,28.05619533498003
a5c96fea-6d82-48ec-94bd-27f0181cfaa5,2026-02-03T09:40:13.764684,-26.201901178993282,28.033273951838698
0d29b29c-f049-4988-bcfb-07a74388dfec,2026-02-03T09:40:14.764684,-26.20150578034367,28.061798579234807
0d3bb8a2-70bf-49bd-bb5a-43d17cc29fbf,2026-02-03T09:40:15.764684,-26.216034883005346,28.047244037729104
1dc02b0b-38b0-4830-92a0-8975a89b637e,2026-02-03T09:40:16.764684,-26.221657596628727,28.033982416712345
5b425d98-35a8-47d6-9d6b-80376d07e316,2026-02-03T09:40:17.764684,-26.2022187152911,28.038659753657527
ab72ed91-1067-4a04-bbcd-9506960a984e,2026-02-03T09:40:18.764684,-26.222659076950713,28.057751052769618
929f459d-72bd-40ea-bf4e-7738a16b5a31,2026-02-03T09:40:19.764684,-26.20638844884682,28.039248090712203
45c635b8-bee0-4c53-ad39-6f6d28f8052f,2026-02-03T09:40:20.764684,-26.18615409945503,28.054412325608187
e1a1a492-060a-4381-b23b-65db91ee39c4,2026-02-03T09:40:21.764684,-26.223677979133022,28.044398385716637
6f262e44-1e6f-45a8-90d5-808fb4898c7f,2026-02-03T09:40:22.764684,-26.19630505608786,28.051843484039072
f40e33f0-ebb3-4ed3-ad8b-5acd8aa4da3c,2026-02-03T09:40:23.764684,-26.196359801661107,28.051868734037118
5e805401-399a-476a-9362-a363fdd06bb4,2026-02-03T09:40:24.764684,-26.191147694115475,28.04543689747116
dca12895-d29f-4537-b097-cddf156ec23a,2026-02-03T09:40:25.764684,-26.202335115811543,28.05487373371684
2c875de8-a414-499a-94bd-3666b8ff5634,2026-02-03T09:40:26.764684,-26.208899042379016,28.049907724119837
76408cdd-e612-491a-8949-693bf012a5ce,2026-02-03T09:40:27.764684,-26.19425690940448,28.03752286487825
d5b4e350-f6fd-4d83-aaf2-3978e624f4e1,2026-02-03T09:40:28.764684,-26.20988010210999,28.05602420500956
3754630e-4c93-4b1c-adb8-afac0a795998,2026-02-03T09:40:29.764684,-26.211776600988433,28.064798581516133
dd0a3cb5-d826-461c-80e6-86f6f2784c39,2026-02-03T09:40:30.764684,-26.218842840353815,28.0552674780659
b773df0d-bda5-4db0-a9f1-4ac85034c407,2026-02-03T09:40:31.764684,-26.193395301178015,28.056668480812842
90ca932d-49f1-4991-bde0-8a69019f8847,2026-02-03T09:40:32.764684,-26.2077110781698,28.05799300709877
11d83c2b-a954-4f0b-b72a-241380609a26,2026-02-03T09:40:33.764684,-26.19328940961194,28.047235375090267
b04d7b5e-21ae-4f3b-bda8-05f655113859,2026-02-03T09:40:34.764684,-26.20979262881768,28.04286797796846
3a3d1953-da3a-472a-a971-f9fe74c523f0,2026-02-03T09:40:35.764684,-26.2087105124798,28.03342161007295
7ef7b10b-5d02-402f-975a-5ee8576f81fa,2026-02-03T09:40:36.764684,-26.210230970661225,28.032706128516466
1df84265-b5e4-4097-8798-bb407d57e9cf,2026-02-03T09:40:37.764684,-26.191750962482082,28.049400407971998
3c12c84f-4d9e-4abb-af36-d6ac0ca86733,2026-02-03T09:40:38.764684,-26.214995284143242,28.029911335843217
07dd4ea7-ae98-4319-adda-8ca4850c74ab,2026-02-03T09:40:39.764684,-26.194437747596584,28.05216977525101
db9f4515-0d90-4736-a8cc-373141f6e0d1,2026-02-03T09:40:40.764684,-26.189055288105113,28.066816313487568
c3e75830-2f4c-4bf4-acf5-7120cc6c92c8,2026-02-03T09:40:41.764684,-26.18606015159314,28.063989245251065
4f6c4b9b-5ec2-4beb-9579-8da8d4f7e078,2026-02-03T09:40:42.764684,-26.19121120005954,28.044837139667028
7682bf1d-5f41-46b0-ac61-b3883042f23e,2026-02-03T09:40:43.764684,-26.193990562247503,28.033108667945992
bffad412-93d2-454f-90a4-1ef0c482d79f,2026-02-03T09:40:44.764684,-26.18448758212785,28.06215994802537
81858a83-961b-4281-98eb-a6ec6c8b9497,2026-02-03T09:40:45.764684,-26.190654707096943,28.04009612178802
fa697880-4aa0-4859-8ff0-e6b69edbbd34,2026-02-03T09:40:46.764684,-26.21398069469774,28.028019417860076
3520ecac-9415-4f94-a172-36a366673153,2026-02-03T09:40:47.764684,-26.20980323435014,28.029093027462764
2e9bb469-3e15-4dbb-9bc5-a2796494d226,2026-02-03T09:40:48.764684,-26.195351110430433,28.05794247056091
c7bbe17e-f9e1-4468-bb12-5e42089c5a13,2026-02-03T09:40:49.764684,-26.20051452990944,28.057149124000833
ed0d1451-a808-4aba-9b69-48dd0832ae83,2026-02-03T09:40:50.764684,-26.218503550220294,28.046684674317532
546cd098-1d8b-4ec6-866d-d6d7078a65f0,2026-02-03T09:40:51.764684,-26.206466501430086,28.030330047169507
e99c15ac-773a-48aa-902d-a140a1aa818a,2026-02-03T09:40:52.764684,-26.191189476468402,28.054542858684606
ede5eaad-8531-4472-9e2f-9186f395da53,2026-02-03T09:40:53.764684,-26.218636675559313,28.061984522817276
f56749d7-bb90-4e39-afdf-a863e9cf8faa,2026-02-03T09:40:54.764684,-26.214181240909856,28.066714326035363
e284a8bf-3b1d-4e24-9d7c-10d1294f96ab,2026-02-03T09:40:55.764684,-26.2186786843846,28.052137627948078
36b45049-53db-48f6-9848-e07d3500f752,2026-02-03T09:40:56.764684,-26.188589969167822,28.05340388715132
5411e804-8268-4fa3-836f-9c404345c4dc,2026-02-03T09:40:57.764684,-26.19120903260854,28.058512593864137
254ae23c-039d-49a6-81a8-9548fa7541ec,2026-02-03T09:40:58.764684,-26.20582561604306,28.04285390879131
af67e92f-6a88-4b72-ae4c-be3caba9761c,2026-02-03T09:40:59.764684,-26.208747807160208,28.06595697328547
a2a58ffd-9720-47df-98f6-7ba4d7bfecae,2026-02-03T09:41:00.764684,-26.192150486477473,28.065027431000114
fc0bb522-4cae-4ad4-9bc6-397caaba7bbd,2026-02-03T09:41:01.764684,-26.210793817147046,28.06548182799048
d2218813-4298-4ca9-9103-5a907e32ebd2,2026-02-03T09:41:02.764684,-26.19996528501416,28.06024379295321
b2b62688-bfd2-4339-82ff-d2db070ead48,2026-02-03T09:41:03.764684,-26.204741479575546,28.03426096050065
612598e1-4e82-42a7-a4dd-2625daeac26d,2026-02-03T09:41:04.764684,-26.210771125927238,28.03335082372919
243e3bd7-8dad-450f-adf4-c0d42ae69f60,2026-02-03T09:41:05.764684,-26.21256100841481,28.039821670322535
0e2da433-8de6-4c1c-9f6c-f8a5b70e838a,2026-02-03T09:41:06.764684,-26.221852952437693,28.027955441042767
b41e6fc5-d24f-4a22-b446-3ddc6188aedc,2026-02-03T09:41:07.764684,-26.19160742962673,28.04158393709009
abbf9a90-9ce4-4a38-9ea6-b4ee28b421d5,2026-02-03T09:41:08.764684,-26.199866831569125,28.066543431846295
c7553172-5cdb-48bb-91ea-61ba7e9045b4,2026-02-03T09:41:09.764684,-26.192378418689945,28.032442138414815
53ffe368-845c-43d5-b652-b203d096d7ed,2026-02-03T09:41:10.764684,-26.198782276051872,28.028535865800432
31ce7bd9-3140-4456-81f7-0a128e480a60,2026-02-03T09:41:11.764684,-26.20232458341581,28.04615587173272
28b5a562-d607-435a-907e-c183bc52dfd1,2026-02-03T09:41:12.764684,-26.199100464104294,28.040465596323614
80219451-8e6f-4cc8-8f38-f7bcbea4d7eb,2026-02-03T09:41:13.764684,-26.1872761243512,28.042350629111684
e531f770-02b1-4248-a81f-23d5f2721e6c,2026-02-03T09:41:14.764684,-26.18491102670506,28.03356176174385
a8fb231f-b5b0-44c8-87fe-9376268301e0,2026-02-03T09:41:15.764684,-26.1989088245962,28.047474180874676
42aae509-92fa-482c-9f90-ba63a2acd5c7,2026-02-03T09:41:16.764684,-26.18548039409822,28.04491242068005
c9e541b0-d64a-4b0a-b89d-fde074d17eb0,2026-02-03T09:41:17.764684,-26.205958153222664,28.051062554814468
9f3da8d4-de77-4256-8b73-472dbf456369,2026-02-03T09:41:18.764684,-26.202593238110733,28.033150901097276
ae74608b-a0ae-4729-8a12-483960bca739,2026-02-03T09:41:19.764684,-26.21944960855098,28.0651726252404
a4fa36f9-1d36-4b47-aad3-916ba836bf5b,2026-02-03T09:41:20.764684,-26.22323148329527,28.065407076254598
e0d4b700-2e3d-4acc-a7aa-b0010270302e,2026-02-03T09:41:21.764684,-26.214746018353047,28.035507432291496
7fa64394-8122-4810-87d7-4e1ef445f05d,2026-02-03T09:41:22.764684,-26.221264744004547,28.031455951801146
31d26769-0f45-42a3-a7eb-a878966f1a5c,2026-02-03T09:41:23.764684,-26.201424692088395,28.049463820434127
04ca244a-4d20-4525-83da-cd8f10d0da93,2026-02-03T09:41:24.764684,-26.21951098233353,28.054803621464963
e9cc9b96-b524-4c7a-8ca9-5bbe503c03f9,2026-02-03T09:41:25.764684,-26.20814775810323,28.037916465254607
0aae5eef-1556-4f73-8e5b-690a63067382,2026-02-03T09:41:26.764684,-26.220710695584618,28.046717240997037
c22b8855-da09-4290-9801-2f7b73d22fce,2026-02-03T09:41:27.764684,-26.207608111880667,28.03827587381099
be8116f1-c1fb-40e8-b861-64d7149b2daa,2026-02-03T09:41:28.764684,-26.198097025683683,28.06040054862006
01fe425c-20ad-4c38-bfbc-1c10fed9f8ca,2026-02-03T09:41:29.764684,-26.197922998426368,28.032760501866846
8a9d7875-42dd-4141-90cf-b0fe77d4226a,2026-02-03T09:41:30.764684,-26.22261985213506,28.04728599676582
014d729d-9aab-4da1-903a-a0faee44117b,2026-02-03T09:41:31.764684,-26.218318240110076,28.0540466892238
b54649ba-7487-468a-8954-000b17f90985,2026-02-03T09:41:32.764684,-26.192895195058206,28.060931390530403
5afc4ba1-c862-4283-9e16-af32c8af9b05,2026-02-03T09:41:33.764684,-26.191453748632377,28.053104796327112
2c6af1ba-a394-4df5-ad87-b005e3fa361f,2026-02-03T09:41:34.764684,-26.190788216340106,28.0547355146039
699cde52-c3ce-4a66-99d0-3cd04ed98e61,2026-02-03T09:41:35.764684,-26.221242618737833,28.037889017991386
26bbd5f1-7e20-440d-ab12-53b6832c0dd2,2026-02-03T09:41:36.764684,-26.211195152984956,28.029709688203283
9b6828fb-e838-4966-8005-97e20b694330,2026-02-03T09:41:37.764684,-26.22358018699682,28.037301791329792
b62c9a04-f28d-47bd-99d7-c5e095980e4c,2026-02-03T09:41:38.764684,-26.20504536015736,28.05074408354292
2424972a-a921-4c38-b26f-0a85e0269ed4,2026-02-03T09:41:39.764684,-26.22315781221668,28.05088178020548
a4d12cef-a938-466c-a67a-8f53ced5a555,2026-02-03T09:41:40.764684,-26.205603461572117,28.04543890300826
d8e17861-a2d3-43d9-bb44-b3cbc41af1d4,2026-02-03T09:41:41.764684,-26.184360900378877,28.042832670958322
b6453077-db91-4ecd-96a8-8833b3f7c085,2026-02-03T09:41:42.764684,-26.208146070855733,28.039986772326554
488bc535-bafc-4246-9338-b1dce96a3e15,2026-02-03T09:41:43.764684,-26.201871176861367,28.058588761994514
2762cd93-b47b-44b2-ba8c-b3f8444f303b,2026-02-03T09:41:44.764684,-26.194652257712967,28.04772506372991
238df164-463a-4f9b-ad08-62365e6f49a2,2026-02-03T09:41:45.764684,-26.22098728568857,28.057230243006366
528597a2-6ff9-47d9-80b3-0e4e1fc92918,2026-02-03T09:41:46.764684,-26.19943008724028,28.05555080253007
7a4b01a8-09ac-428f-b2b3-6a1cb4c2595d,2026-02-03T09:41:47.764684,-26.203099807630846,28.066537971028897
e6d6a3b3-3225-4039-b96a-98460a437620,2026-02-03T09:41:48.764684,-26.19049455607224,28.03333446687074
859e9d08-bbfd-44c5-828f-8f0d3b06f8e9,2026-02-03T09:41:49.764684,-26.1922831230791,28.040692889592908
1aa6f9af-a768-4c8f-9bfc-cdcc00ffe1b0,2026-02-03T09:41:50.764684,-26.191531695596,28.0484417169223
b149ba9c-c2a3-4b33-bb01-2f97615b2326,2026-02-03T09:41:51.764684,-26.2179930344722,28.05540960363419
21b5090e-497a-4e6a-9fce-70dfd70bf63a,2026-02-03T09:41:52.764684,-26.19849403365776,28.031774494244203
722142f0-5c0e-4f36-a453-b7610e15cc1c,2026-02-03T09:41:53.764684,-26.208028426337062,28.037226942522953
8f86e221-1500-41f1-b718-17875b5796c4,2026-02-03T09:41:54.764684,-26.219860595859544,28.05530913722716
324f5bb2-ce3d-497e-bb14-28e3f22f396f,2026-02-03T09:41:55.764684,-26.2070025309943,28.054102390274252
e021ffd0-f968-44ae-9961-70588045eca2,2026-02-03T09:41:56.764684,-26.191844268185356,28.036920988373563
61588ea3-cec2-43b0-bf94-e8f7761e4883,2026-02-03T09:41:57.764684,-26.20052190082086,28.03935920422713
2f6c0827-c797-444e-af6d-e3a6f402c3bb,2026-02-03T09:41:58.764684,-26.188077468022737,28.03102809884369
03fb5ea1-b12f-4112-8a07-2411f09ce25d,2026-02-03T09:41:59.764684,-26.197071005877216,28.059193977230446
13ff06fc-3e47-434e-8973-f758a8b212b1,2026-02-03T09:42:00.764684,-26.19681633729374,28.046352315657543
037c1121-e1e6-4ca1-b05b-5dbc151d2173,2026-02-03T09:42:01.764684,-26.211712073139196,28.036693205449655
83f2954d-b7fe-4b59-b799-753c35b80d90,2026-02-03T09:42:02.764684,-26.22241247761866,28.049635856857286
48f04d87-f23f-4d4e-bcc1-ff87b8dac6cd,2026-02-03T09:42:03.764684,-26.198857919056614,28.04495782985041
c3b36ae5-de05-40bf-9274-a8ceb3d9e6be,2026-02-03T09:42:04.764684,-26.19955343635624,28.05530860285305
4c063a77-ef60-42f4-8615-f526634fc21b,2026-02-03T09:42:05.764684,-26.205437676273075,28.048638909299775
2ea6f6a0-d733-4894-86ec-0439f71dc886,2026-02-03T09:42:06.764684,-26.22002456339136,28.046119098974742
8777b9cb-8c68-44fb-a693-9750dc45573f,2026-02-03T09:42:07.764684,-26.19173858150713,28.06070956577536
fdbcf486-9624-4dfe-b8d1-53b48eb93366,2026-02-03T09:42:08.764684,-26.221180024929122,28.060809056385782
af58b6b2-5498-494b-b66a-6af8d4321886,2026-02-03T09:42:09.764684,-26.222716710424997,28.044530548296258
8194a3f2-fb2a-430f-afc1-88ca6bd67080,2026-02-03T09:42:10.764684,-26.218290347265807,28.052493750008225
39bf82fe-c578-4952-8857-f5fe1c648deb,2026-02-03T09:42:11.764684,-26.195955386099726,28.049769230668055
1a1fda54-680e-4c29-99a6-aea37123ff82,2026-02-03T09:42:12.764684,-26.223760791486608,28.04609132209654
2267c8b8-fdbc-40aa-a303-4a97e5651737,2026-02-03T09:42:13.764684,-26.186282550080566,28.049542933572297
ffcecc6f-70c0-497d-ae59-1cf60011849a,2026-02-03T09:42:14.764684,-26.223146097646676,28.044274363500605
02b07d95-6fc9-4fd6-ae8a-580c5daf59c5,2026-02-03T09:42:15.764684,-26.218568775318083,28.064158086888373
412ebc8d-4ed5-4b8d-9bd4-0090c47fbfd1,2026-02-03T09:42:16.764684,-26.195007017915998,28.049184257885106
af1026ff-ebaf-44a4-9964-1f43b41a808b,2026-02-03T09:42:17.764684,-26.219093250533803,28.04476559102974
59fce077-7828-459a-b1b0-a00d5e86ef60,2026-02-03T09:42:18.764684,-26.2062236652005,28.052446240611665
95ec89be-b012-4c1d-95fe-b622c455e05f,2026-02-03T09:42:19.764684,-26.220092582398845,28.053115088162897
a4372b44-81bc-4e27-9481-65378184c6f3,2026-02-03T09:42:20.764684,-26.187932177887973,28.06005680158824
e24b7f73-3b36-490d-ac3e-5b88ae395777,2026-02-03T09:42:21.764684,-26.21327944533777,28.04296952449129
b52c1183-137a-4dba-819a-48981c93ede1,2026-02-03T09:42:22.764684,-26.207967980050455,28.02747750366171
d6fe1e4c-093a-4fc6-b077-6148d068d4f5,2026-02-03T09:42:23.764684,-26.21412738941551,28.04324272442221
0b1f4084-f67a-4580-9d44-8a7800c10771,2026-02-03T09:42:24.764684,-26.196276795780143,28.04059569768201
aa9dbf52-2040-4803-9ec1-9c4fd7b74c27,2026-02-03T09:42:25.764684,-26.187078952267548,28.0417830490508
9b8833cf-388c-47d8-b0a2-c771991bc6e0,2026-02-03T09:42:26.764684,-26.192952207645387,28.035272114671514
56811bfc-83b6-403d-a6c8-758c341d994f,2026-02-03T09:42:27.764684,-26.2044209251585,28.052458431769505
41574c50-ec47-4a48-b1d7-758676869c2d,2026-02-03T09:42:28.764684,-26.190166140084592,28.06529850016474
f0713d07-7736-4b5b-8178-c9eb91da67fd,2026-02-03T09:42:29.764684,-26.21086532204568,28.065198239665428
e1cfb0b3-03dc-4e35-b616-be178c68892c,2026-02-03T09:42:30.764684,-26.18893800050298,28.047796341753383
b5cd61e1-0737-4e18-b08f-28249e060df6,2026-02-03T09:42:31.764684,-26.188537596965322,28.036565557576914
e34d3191-ece0-42d5-b6a1-94bb9c9b3e0c,2026-02-03T09:42:32.764684,-26.20351256658694,28.06202170739
de11deb7-55e5-4fa7-8a0f-6640e3bc7eab,2026-02-03T09:42:33.764684,-26.19532604738291,28.065277184438155
7c9b8367-fdad-41b8-8451-0e805cb204e2,2026-02-03T09:42:34.764684,-26.198293149338777,28.054038977813818
c2f108ff-9564-4a5b-9e04-6f6eca1d7f7c,2026-02-03T09:42:35.764684,-26.214276658824396,28.061616148549458
1542b7d3-1b5a-473f-b6d7-02496f32a9b1,2026-02-03T09:42:36.764684,-26.218309437547095,28.06142331624311
495504a1-762b-4fd1-b0fd-4f6ceef47514,2026-02-03T09:42:37.764684,-26.184407433289294,28.038701515926313
9dba8618-9cee-4458-a24c-2fdc72529c76,2026-02-03T09:42:38.764684,-26.193707656624323,28.062600735531284
3a423950-5af4-4776-81e7-37db46c34ade,2026-02-03T09:42:39.764684,-26.185013633962996,28.040268138682826
e26f1e57-cc83-4c3b-8eb0-f45a81f7fce1,2026-02-03T09:42:40.764684,-26.189589758760416,28.05515324163948
d667ebe1-7a48-40e0-a99a-19486bf3aa21,2026-02-03T09:42:41.764684,-26.188330992094727,28.0354956642354
e5cfa81e-dbab-4034-93e2-3b1ff2671379,2026-02-03T09:42:42.764684,-26.210439570930305,28.057109711250703
bbc871f0-269d-420f-96ab-a6b7b16d2e94,2026-02-03T09:42:43.764684,-26.215594247309603,28.042720346421596
a550d981-e237-4aa7-93b1-fcea9c1e2e1d,2026-02-03T09:42:44.764684,-26.199405388633135,28.035972094089594
98fa8902-fcb8-4197-88d3-23b30fc88c4d,2026-02-03T09:42:45.764684,-26.190103954518865,28.05692125152639
4dc38e87-5a0f-4490-8fd5-c0f98b6b38f3,2026-02-03T09:42:46.764684,-26.191505830315382,28.036952284731527
222e73ee-32fd-4bb7-ad75-9e0977eb0138,2026-02-03T09:42:47.764684,-26.220485131691266,28.064203286303268
a1b6d82a-243a-44f0-ace7-9d3809603652,2026-02-03T09:42:48.764684,-26.207982001628636,28.064578595370552
e48d252b-9e27-49bd-947e-f20760798c6b,2026-02-03T09:42:49.764684,-26.21024348399138,28.05915381095594
e4435ff9-6e36-463c-a2db-9a2a3d3edf67,2026-02-03T09:42:50.764684,-26.189312672333212,28.040589616301958
73cd6412-1ea4-4fd2-a93a-f3370c55f42d,2026-02-03T09:42:51.764684,-26.221258079320783,28.062598265555444
55a7c7e4-2bbc-4ac3-895c-2f58a14c09e9,2026-02-03T09:42:52.764684,-26.18698332426608,28.05527205401849
b0da95f6-c264-43f7-aaeb-4cbcc39c9fcc,2026-02-03T09:42:53.764684,-26.197162824365357,28.043989099613817
c726550f-2a32-497f-9138-323b5c49ba93,2026-02-03T09:42:54.764684,-26.192123284973533,28.037676280283065
174e374a-cec3-4a75-8715-7e632f14ec9b,2026-02-03T09:42:55.764684,-26.217829278116906,28.06351874344254
0a4aee6a-d269-4b74-89ef-c49c05789f02,2026-02-03T09:42:56.764684,-26.205320689751687,28.060479979302496
b356bdd0-cf18-4e5c-8158-3c147da46ff8,2026-02-03T09:42:57.764684,-26.206526503735084,28.06615980286334
0536b7a0-0a9d-4aaa-8915-61fbee0b730a,2026-02-03T09:42:58.764684,-26.216521431469843,28.03481685690068
54620de5-8de8-4f61-b9a6-21f931e69a93,2026-02-03T09:42:59.764684,-26.221681068872208,28.03146205573127
e45227b5-eed4-4f6c-a3a6-f014bbf2fbc4,2026-02-03T09:43:00.764684,-26.199311008773964,28.03339508733311
bccdaa22-e59e-4067-9966-54e8366ffe88,2026-02-03T09:43:01.764684,-26.21292128883783,28.053970813891592
70cac0f7-c4ab-4168-8149-fa0cf258408a,2026-02-03T09:43:02.764684,-26.220809811596762,28.033382111188647
530896ca-030d-42ff-a58f-e3c74578873d,2026-02-03T09:43:03.764684,-26.202726403876298,28.051206527995713
2a7c4790-1809-495f-a625-8c19ed7a1e71,2026-02-03T09:43:04.764684,-26.20730610813237,28.062922167323403
a49da76f-4eab-46d1-b621-007e3c9195a8,2026-02-03T09:43:05.764684,-26.201581406378715,28.03000939861852
0772d2c2-5be5-4307-ad4d-7a8bfd5eba06,2026-02-03T09:43:06.764684,-26.189401777258723,28.03679041542775
ef772eb9-9ad0-4097-9967-cd33b2bf55be,2026-02-03T09:43:07.764684,-26.190260488905068,28.05404218582676
74002a71-c24d-4d40-ab57-9ca2d039a7dc,2026-02-03T09:43:08.764684,-26.186687639825177,28.050300207160642
d8e17758-7d27-4ead-bd11-d5f718e9cfd9,2026-02-03T09:43:09.764684,-26.185035823085133,28.041071077693264
2e00cbb4-bd1c-406b-a7dc-0eaed76e1582,2026-02-03T09:43:10.764684,-26.191885092215852,28.056825699350256
7efedb1b-df46-413c-8c78-ea2f28b98eab,2026-02-03T09:43:11.764684,-26.18694075211978,28.04004769439182
178b4942-927a-494d-9315-0b8c187af568,2026-02-03T09:43:12.764684,-26.214731140438868,28.033942945534555
7663681a-500b-4e9f-9416-01dd7676e72e,2026-02-03T09:43:13.764684,-26.210572850973325,28.0473291051372
129ed82f-9f60-4159-95a6-4fab562b6d59,2026-02-03T09:43:14.764684,-26.214483237362312,28.029461290687397
a0e0449b-d9b8-47e7-8712-0997cf9fdaaa,2026-02-03T09:43:15.764684,-26.187204049955,28.03181077384815
eed0ffe1-930e-4e28-8d92-8d5392c7d9a8,2026-02-03T09:43:16.764684,-26.203575610172802,28.06657399616661
eddbbbb2-558c-404a-b3ee-557778fc0a00,2026-02-03T09:43:17.764684,-26.22159067410133,28.055904958000255
9771e558-7fbd-43ed-89b2-70af2454863b,2026-02-03T09:43:18.764684,-26.202358711991653,28.05651886404136
23bd5c01-691f-4de3-a4e3-1dbcea5085de,2026-02-03T09:43:19.764684,-26.199655273489004,28.048134973736673
180b6da7-2ca9-48fb-b7af-c05f9bae59c5,2026-02-03T09:43:20.764684,-26.18470269237148,28.030600458010543
1ba5bd60-5ec5-4510-8c33-5ce33caca905,2026-02-03T09:43:21.764684,-26.20569705106965,28.055688413357743
af207159-5751-404f-b771-8d120565c100,2026-02-03T09:43:22.764684,-26.18852647397492,28.062089947109982
6bbd99f8-7e3b-47a4-880c-e8a3bf65613a,2026-02-03T09:43:23.764684,-26.217817423393804,28.039546599206652
131989ec-a5ba-4e36-ab7d-a41fe32f7f36,2026-02-03T09:43:24.764684,-26.216711213207887,28.060506878381183
22c33181-79f3-41a7-939f-589374371e6f,2026-02-03T09:43:25.764684,-26.198976342105396,28.05618964537552
160ec7fe-7c0d-4a20-8698-350175b4677e,2026-02-03T09:43:26.764684,-26.21894449258151,28.04021818765407
ee552404-51e5-4c9f-87ae-8ebe7b515391,2026-02-03T09:43:27.764684,-26.20220699936461,28.0527997236003
635e6b59-0d9e-4d1a-b770-5df3911dc9ed,2026-02-03T09:43:28.764684,-26.216843369442273,28.052972228605846
6340c054-063a-4feb-89c9-1fb210caf951,2026-02-03T09:43:29.764684,-26.196176938802438,28.030473813509058
039a3f1a-a117-44a0-8d71-a6a54af328b5,2026-02-03T09:43:30.764684,-26.185722194129408,28.029546585592144
10137b3c-4f1a-40e4-926c-d096fa877173,2026-02-03T09:43:31.764684,-26.196347905331567,28.06270378318978
04976392-a204-45d4-b298-7337caa7df26,2026-02-03T09:43:32.764684,-26.186759346021315,28.050420706422763
e864ea7b-4207-4243-819f-97ea8ed15191,2026-02-03T09:43:33.764684,-26.216826291128523,28.033480428303534
9a2cea6f-b2ce-482e-8b15-ddc1c765fbc5,2026-02-03T09:43:34.764684,-26.215645019701995,28.065398007448827
9686b45b-28f0-4484-a722-9fc2c68efd92,2026-02-03T09:43:35.764684,-26.198989490457468,28.048325339668608
28b6e8a8-a4c0-4f09-9e05-dc1bbe5d69f3,2026-02-03T09:43:36.764684,-26.208429994492334,28.040125752713283
8bcdedcb-742e-4045-9fc3-740835c813e4,2026-02-03T09:43:37.764684,-26.19591896771805,28.046468722678124
a5f7b2eb-8b37-4107-84e6-94279b88f9b4,2026-02-03T09:43:38.764684,-26.22130139716321,28.057141242949704
a3e08232-b4f5-4ab8-a5f7-b17d75ec2154,2026-02-03T09:43:39.764684,-26.201328081400522,28.054609038869565
a539e934-5c8e-4469-9295-58cc55f4daa4,2026-02-03T09:43:40.764684,-26.21041004650043,28.0297544460333
2050459c-4223-40d6-9e1d-e4a6882bcc74,2026-02-03T09:43:41.764684,-26.199609215890494,28.02787226151396
9479bc9a-c789-4427-9886-7fa07df311cd,2026-02-03T09:43:42.764684,-26.185889614846896,28.050517576825175
8a022829-a503-4379-a753-2f546b633bb3,2026-02-03T09:43:43.764684,-26.207021017589227,28.058878634310993
1ca85a3e-f49c-433e-894f-cf4f13b84a9b,2026-02-03T09:43:44.764684,-26.188349604143703,28.038073462974786
d1e76647-09ce-40ca-95d8-ea5cf81912da,2026-02-03T09:43:45.764684,-26.202734083544776,28.064148259999982
51b61fae-1d95-47aa-9eec-78199c47b2a2,2026-02-03T09:43:46.764684,-26.222529239020268,28.034668116007307
f8aa11f3-15fa-4723-9c68-2a038adfc013,2026-02-03T09:43:47.764684,-26.19654872594054,28.066413791928028
0931a2bb-2045-42b6-819c-e22415ba1eac,2026-02-03T09:43:48.764684,-26.190005968721554,28.04225404687226
18889ce9-7f35-4121-a3e4-432437a5e6cd,2026-02-03T09:43:49.764684,-26.19163198009089,28.030754497013884
323c0b61-41cc-4f22-a0f8-4666716c0b5d,2026-02-03T09:43:50.764684,-26.20504824395111,28.064798652097537
6517b841-61a8-483e-9420-de45cf53fe95,2026-02-03T09:43:51.764684,-26.187633199423843,28.03309015040992
38b8a778-183d-4286-a6d4-8c71b50d89e2,2026-02-03T09:43:52.764684,-26.19466026659099,28.028445821993824
38a0f63d-0ebb-4740-b7b8-1ddf26a19480,2026-02-03T09:43:53.764684,-26.219628334922472,28.06080532123554
f26ec2eb-62e2-4295-9e14-13d4292e3af7,2026-02-03T09:43:54.764684,-26.22330703845337,28.039627466971023
bf9678ec-46b3-464d-85ea-b3576c10cf0a,2026-02-03T09:43:55.764684,-26.189319156976804,28.030811358116658
81a6ad54-baec-4979-822d-87c0da7f8cd5,2026-02-03T09:43:56.764684,-26.19164485326753,28.046092245757947
22b6105f-2006-4237-8cb8-5b4eb6562a06,2026-02-03T09:43:57.764684,-26.191940007679033,28.0506641566681
f475173f-163c-4352-8ff8-8636a2c4063f,2026-02-03T09:43:58.764684,-26.211091766362767,28.032314551284955
58cc4e17-4182-4d90-bc77-ff739b5de568,2026-02-03T09:43:59.764684,-26.213779394104677,28.05445494960658
7146240f-96a2-44a8-adc4-98faa0f23feb,2026-02-03T09:44:00.764684,-26.20606335302598,28.053213366301133
8e9ddd15-550e-4cc8-b027-a2f3716004a9,2026-02-03T09:44:01.764684,-26.200031948949015,28.037055114287085
fa490c9f-c9f3-40c8-842f-568adb4f91ca,2026-02-03T09:44:02.764684,-26.191464943932978,28.06096113921051
c4058135-7944-44c8-9b82-6e6d8304280a,2026-02-03T09:44:03.764684,-26.19356543890181,28.029924164758253
c980dae2-a8b2-4983-b6de-e39752b17480,2026-02-03T09:44:04.764684,-26.194610386805667,28.06439618975445
49437d52-3783-4b82-aa53-86cdddb9e270,2026-02-03T09:44:05.764684,-26.21284027910389,28.037280189122036
b1515e0a-1db5-40b6-adb6-f861e1bbe32f,2026-02-03T09:44:06.764684,-26.220756902325906,28.039012447895413
348441c7-3d29-4087-9be2-58ee4960ff09,2026-02-03T09:44:07.764684,-26.209752917625547,28.030721960060013
1564853f-8883-46ab-b828-c521f52bda4c,2026-02-03T09:44:08.764684,-26.18825918311692,28.05390168454444
a58e83a9-b25b-4bed-b6ee-b8fd2bbd9fbd,2026-02-03T09:44:09.764684,-26.21289107352505,28.033821618199077
0c57fa25-68a1-41a1-b239-c9f11aa25103,2026-02-03T09:44:10.764684,-26.184419125529523,28.058945258023694
194a1554-3eeb-4497-8aaa-47f688f68192,2026-02-03T09:44:11.764684,-26.2120905551985,28.031643739783217
0a8c1cdb-f869-449a-920a-5ec1e3d8e7b9,2026-02-03T09:44:12.764684,-26.21709388550041,28.05529589803266
fbc452d8-6613-4034-8b75-a026fdfec634,2026-02-03T09:44:13.764684,-26.215265266729688,28.06099947431482
a7a9d3fc-9c75-4c95-9b92-edde41f91c67,2026-02-03T09:44:14.764684,-26.21452425111567,28.045448910495764
f06679b2-0492-477d-afd8-773a7e1fbf08,2026-02-03T09:44:15.764684,-26.21769431014808,28.059764778679707
586a8ab3-045c-4f74-8d85-731ae70f10de,2026-02-03T09:44:16.764684,-26.18691836281998,28.047009793520537
69fe730a-b491-40a7-9349-25d1e82b7402,2026-02-03T09:44:17.764684,-26.215835572690715,28.03856310178625
9b015786-1749-400f-8a69-ec11c28c9006,2026-02-03T09:44:18.764684,-26.199924085871487,28.0612605783611
41d56191-daeb-448b-bf2f-03006ec57a8f,2026-02-03T09:44:19.764684,-26.19124606723488,28.048245969730512
3077f76f-31ed-4fc5-bfe7-a83cce489fc7,2026-02-03T09:44:20.764684,-26.21854705505685,28.04140527739486
228bb74a-6af0-4358-a4b5-2c10dc02e928,2026-02-03T09:44:21.764684,-26.20646679093363,28.028079707582545
d80b2cc4-1905-4d73-ab7b-5fc605bdf309,2026-02-03T09:44:22.764684,-26.193419973127494,28.046290441071594
98cec56c-6b15-4b4a-b370-0a70283b3600,2026-02-03T09:44:23.764684,-26.21573103487315,28.059868374954
d91d5b9b-fcb1-4162-9350-aded5ac5bcb6,2026-02-03T09:44:24.764684,-26.222985645254298,28.06369045741955
e0d4cac6-613b-484b-be35-dcb0a8b7166e,2026-02-03T09:44:25.764684,-26.198042408824563,28.034002478387546
4184ff79-3e6b-4711-a652-48067cfefc47,2026-02-03T09:44:26.764684,-26.218327617954753,28.064999828456898
a7bd41a7-0627-4554-bfe5-6908b7cbe6b2,2026-02-03T09:44:27.764684,-26.21125249770694,28.056077049290792
ebcf973e-5f2d-4833-8d48-859475dd7817,2026-02-03T09:44:28.764684,-26.223957313279445,28.05555758491111
0738abb3-14b8-4336-868d-3431f62b3f2d,2026-02-03T09:44:29.764684,-26.203359797946366,28.065053766641995
57d681d2-8e66-42d4-bc89-802148366a77,2026-02-03T09:44:30.764684,-26.186874166687165,28.03098361661491
c5586832-b69e-4bb5-b473-0718b4003f4e,2026-02-03T09:44:31.764684,-26.200196686238645,28.044567829344903
32ef8fad-2fb7-4c61-b241-8df28664420b,2026-02-03T09:44:32.764684,-26.195862663327553,28.030926009866047
51a1d570-b0f6-4d34-bc56-86b5118bbba5,2026-02-03T09:44:33.764684,-26.20814592600824,28.058561642116103
d29456ec-c72b-4007-9be4-d2ca14ca7484,2026-02-03T09:44:34.764684,-26.21963310218728,28.04341407535587
544430c3-0dc9-4c7e-988c-b7922d05ceba,2026-02-03T09:44:35.764684,-26.186895365014028,28.061582199458496
06bb83bd-07a5-4530-a793-e76ce069773d,2026-02-03T09:44:36.764684,-26.219436733932575,28.029304233495235
93596f20-08e3-47bf-8617-ac4685cf81ff,2026-02-03T09:44:37.764684,-26.194802035909934,28.027568734781852
3e4fb6aa-75cd-4c82-9d12-fa5e26658b52,2026-02-03T09:44:38.764684,-26.196941468011126,28.04322720640759
d5b4bb2f-9889-45a2-bb90-d7501676eca1,2026-02-03T09:44:39.764684,-26.185352403570352,28.053463255228046
a0ef1d90-d797-4445-a66f-abbf22b736f3,2026-02-03T09:44:40.764684,-26.187696398880362,28.064894084248632
6d0e78be-d88c-42ff-83f5-f598f5e61300,2026-02-03T09:44:41.764684,-26.194854066353503,28.046755319157125
108269ca-e05b-4d14-a69b-a823cdae1bb1,2026-02-03T09:44:42.764684,-26.208568401011394,28.03247983926162
39b7b8ae-28ab-4461-80fd-7d70f70ac1f2,2026-02-03T09:44:43.764684,-26.20045826656257,28.047410887620426
f7a9e519-485f-48ac-8e78-8e929feaef68,2026-02-03T09:44:44.764684,-26.21971411792714,28.035876763909926
15dabbb5-2dc2-4b34-90da-1d0c5330510c,2026-02-03T09:44:45.764684,-26.193764651062384,28.06367384963553
3d68ba99-5a34-4ec8-acce-12a53a6c6958,2026-02-03T09:44:46.764684,-26.211552790500964,28.04299858458831
208c2419-303b-40ed-900e-182a6724b691,2026-02-03T09:44:47.764684,-26.20324817891281,28.04235520674997
db653f34-1979-44a4-8a87-70d0125500f4,2026-02-03T09:44:48.764684,-26.184733662582946,28.04189977601135
f930eaa8-61f1-4ea2-9303-dfe4e975039f,2026-02-03T09:44:49.764684,-26.193782259213222,28.035082854575137
d16fbd52-4594-473e-9c56-76d8b925b54f,2026-02-03T09:44:50.764684,-26.206289987503503,28.031812006879886
462c02e0-802c-4f99-a3ad-671eda8d742a,2026-02-03T09:44:51.764684,-26.211227071226766,28.053252941285567
d67afb2d-ccc6-43e3-9fc7-07b14848c3fd,2026-02-03T09:44:52.764684,-26.18517479358656,28.03557428579717
4ead61e5-0a2d-49d4-85ea-026ec17900eb,2026-02-03T09:44:53.764684,-26.20023304543938,28.05795802506512
0a835827-4ed2-49f8-b4ba-72e009d62118,2026-02-03T09:44:54.764684,-26.21758337080164,28.03913633189769
edf384d6-3ce4-42e4-b6ea-4ac7978d7401,2026-02-03T09:44:55.764684,-26.184764530818875,28.035966115625648
9a4cf987-ee5a-432f-bcaa-75043402c58c,2026-02-03T09:44:56.764684,-26.219969605989842,28.045697857778105
a9c70e26-112f-489e-b5c7-158972aa1570,2026-02-03T09:44:57.764684,-26.19692269057308,28.028223603679276
51a7217f-6134-45b7-adf0-73270e74d234,2026-02-03T09:44:58.764684,-26.18891286520714,28.042186077472287
930f5c07-d171-4624-8f68-208352433e17,2026-02-03T09:44:59.764684,-26.187508453319957,28.050578340341666
94c029ea-d46e-4c63-a0ec-fb63fb844af9,2026-02-03T09:45:00.764684,-26.208463964014495,28.02939219432456
02c8bb3c-33a2-4931-a1e6-afbf024f4efb,2026-02-03T09:45:01.764684,-26.20848284225882,28.064846620721553
49136f17-21a7-4e2b-9d89-9513ff906f50,2026-02-03T09:45:02.764684,-26.218022955663805,28.038234410803714
ae42b481-935e-4e87-bc07-9105583f7d59,2026-02-03T09:45:03.764684,-26.20992243733858,28.04853841142671
e97bc0c7-c35b-4251-ad3c-ca2f855d0bd0,2026-02-03T09:45:04.764684,-26.222629953524176,28.048729486666
b53902e4-e7a1-4b0e-831f-46be575cedf5,2026-02-03T09:45:05.764684,-26.19558217646104,28.049067496133468
07ddb962-cf98-485f-979c-4be26e3e85ae,2026-02-03T09:45:06.764684,-26.20030376953925,28.0483856732286
3eff8f3f-9e1f-496d-97cd-14fdccec325c,2026-02-03T09:45:07.764684,-26.22196314718162,28.029828886274796
1ab55c05-ad4a-4aa5-bee7-ead7f1596ab6,2026-02-03T09:45:08.764684,-26.220425144462734,28.03386754210884
3a3eb422-eb66-4201-8179-c4975c1e3b53,2026-02-03T09:45:09.764684,-26.20183715592072,28.033653495527105
429f990d-8f15-46fe-bf3d-516a958c87e1,2026-02-03T09:45:10.764684,-26.211788446389185,28.03784077849267
29dde9f7-08d7-4911-87ed-a3af10ef2602,2026-02-03T09:45:11.764684,-26.219623417580628,28.066218269566306
c19ec415-b262-45fb-af54-742c4a75c1f4,2026-02-03T09:45:12.764684,-26.201820905580878,28.031823364943747
6138c4a5-b3bc-4455-add5-d29502484f37,2026-02-03T09:45:13.764684,-26.185958270107108,28.05370683917661
4f3dc106-67ba-4301-a8e7-b7e888495285,2026-02-03T09:45:14.764684,-26.221156908185815,28.027668606455762
94e988f8-5305-4e94-bc6c-415f8a0a976d,2026-02-03T09:45:15.764684,-26.205068997074736,28.04021902245379
2d8c4c0d-dff8-46ed-a678-c162482265c9,2026-02-03T09:45:16.764684,-26.198538489588508,28.039126699124367
492e8001-a528-4b16-abb6-937009af9da4,2026-02-03T09:45:17.764684,-26.216058306072444,28.03269693546313
e616741f-6dd5-4887-b57f-30f3752734bb,2026-02-03T09:45:18.764684,-26.185505146167525,28.038953552426964
5643b52e-0aeb-4632-83f7-a73e8e1eccf8,2026-02-03T09:45:19.764684,-26.197408423407996,28.062843101390552
03cb6619-4cd2-44f9-81ed-dc355ba8aa82,2026-02-03T09:45:20.764684,-26.19522047050772,28.055818904063795
ee7a4887-599f-48f2-a59d-23216840e084,2026-02-03T09:45:21.764684,-26.215588289045026,28.058044032894347
2989ab4c-be50-4c1a-9340-235cc341d6ed,2026-02-03T09:45:22.764684,-26.187992417527525,28.05336397565992
3e134a13-ae37-488d-9a8c-5c826a699a94,2026-02-03T09:45:23.764684,-26.21568496067217,28.05303979638028
0b9592f9-0bc7-41e4-b8ab-1b6e1bc5cc94,2026-02-03T09:45:24.764684,-26.19892228417354,28.047920861073045
e6ed6496-ffe2-4472-9544-e0c1eaba6e6c,2026-02-03T09:45:25.764684,-26.211401578949935,28.054861485160686
2dbf6245-dc92-42ba-a296-db8415b30fd0,2026-02-03T09:45:26.764684,-26.199796007273243,28.047875088110825
86392f63-d5ed-4f7e-aadf-01eba55cd768,2026-02-03T09:45:27.764684,-26.185611424942923,28.030748212349696
85b41a04-bcd0-4092-b86f-18eb2e182218,2026-02-03T09:45:28.764684,-26.184336627984997,28.044608953993695
402a0a69-6a37-4636-ae70-b22d8222f873,2026-02-03T09:45:29.764684,-26.20554216837121,28.066342615863295
90dbced2-d371-4f8c-8581-b5f0dc9c55a0,2026-02-03T09:45:30.764684,-26.218773466199195,28.042234592102837
b04f51a6-afa6-481f-9eb9-1a9e2a90208f,2026-02-03T09:45:31.764684,-26.218049334667988,28.063889939935944
ad19e100-3fce-427b-8e8c-0f2293563911,2026-02-03T09:45:32.764684,-26.214528175388097,28.060732985916484
e6db1345-561e-492f-9207-ec1e20d9c5b4,2026-02-03T09:45:33.764684,-26.190953570847817,28.031880300996487
ee917509-5e27-45a9-8bae-dcc3336dd987,2026-02-03T09:45:34.764684,-26.186725319190476,28.06561803206885
7cc449ad-dc00-4f37-89b1-64d967b88d95,2026-02-03T09:45:35.764684,-26.187480891854847,28.028282521183492
ab9b9b6f-bd66-45a2-bb5c-8ac4ad2ba14a,2026-02-03T09:45:36.764684,-26.214381664832818,28.04228219961487
1120994e-ea67-4c0a-9d47-db1c450152ff,2026-02-03T09:45:37.764684,-26.21301511861563,28.035337109985623
93c324ab-1327-4d9f-9a29-e0dbd503b6a4,2026-02-03T09:45:38.764684,-26.20408699378054,28.067133852832328
07986145-513f-4400-8da8-4c77a08f58cb,2026-02-03T09:45:39.764684,-26.20265792823757,28.0596878937857
e9344f56-c491-4356-b13b-1a865b408414,2026-02-03T09:45:40.764684,-26.215044324018166,28.034020649476496
ba09a876-07ff-4e82-996a-499c6e4fdffc,2026-02-03T09:45:41.764684,-26.222896819637825,28.034026898106188
b565d602-f5ca-436e-abed-26c2c97bcde3,2026-02-03T09:45:42.764684,-26.203737459507558,28.05898575904135
68a9a113-4ffe-46e8-8525-661e8924e9d6,2026-02-03T09:45:43.764684,-26.192053647358623,28.028894152281666
7a690f81-40bf-42d7-9c46-2f9f840b5f74,2026-02-03T09:45:44.764684,-26.190317791372507,28.044078429305404
0cd62925-2941-4031-8e15-061738429f98,2026-02-03T09:45:45.764684,-26.186611347726167,28.045657981429596
ff4b9065-09f1-4431-a400-28cf560fb5be,2026-02-03T09:45:46.764684,-26.21947681454773,28.059955680917927
e0009286-62ea-49a6-afbe-968b28dab35c,2026-02-03T09:45:47.764684,-26.203559855697385,28.061929397853145
5059d51c-a6a5-41f2-b6e2-88a52de4556e,2026-02-03T09:45:48.764684,-26.20573460310952,28.063297948588243
cc472de4-7a34-4349-b5c5-85f54e320d75,2026-02-03T09:45:49.764684,-26.22375553731105,28.060241193805975
d73280f5-4f21-4729-83fe-5b18fb5e67f7,2026-02-03T09:45:50.764684,-26.187653699657417,28.06697535711432
210b55be-4d31-4844-9a9a-c63937ea71c1,2026-02-03T09:45:51.764684,-26.220066642234123,28.03643066742388
de2e3f80-b442-452e-b45f-eff3b5d66ac2,2026-02-03T09:45:52.764684,-26.217092598620773,28.060552225724976
255b2023-6c55-411b-81a7-08b84cf6b207,2026-02-03T09:45:53.764684,-26.214926147098694,28.064287646825722
da271cd1-b73c-42b1-b86d-90cabd290405,2026-02-03T09:45:54.764684,-26.215654577430445,28.048114216078773
c74031eb-0d18-46ef-8d3d-8ad1e9954b99,2026-02-03T09:45:55.764684,-26.206877304871725,28.03727973801171
13a7b9f4-165c-4dc9-90f6-c1fb37f8c298,2026-02-03T09:45:56.764684,-26.21561800598169,28.04946440811218
52dac36f-ccac-4d2f-8085-daeb87559b86,2026-02-03T09:45:57.764684,-26.19516074988561,28.059523576748656
e4324fb1-b8f1-40aa-b1bd-a8f09f596913,2026-02-03T09:45:58.764684,-26.190074226415163,28.045300348855285
0b43a303-a863-426e-bcfb-aa13a66e3702,2026-02-03T09:45:59.764684,-26.222428302380088,28.04150442542841
8f4832cc-4aff-4fb3-b682-fd20684e2a44,2026-02-03T09:46:00.764684,-26.214909734836322,28.046032024800976
23ce86a5-83ce-4aeb-b80e-feaddbd442e5,2026-02-03T09:46:01.764684,-26.192769852371296,28.064533937990323
e8f27daf-078f-4248-b2a6-043f0d77fcf3,2026-02-03T09:46:02.764684,-26.1877747354775,28.028070299858427
e5c5e1c2-82b0-4fb4-a9d0-785a607ece69,2026-02-03T09:46:03.764684,-26.222304585283325,28.028109882580257
df72f9a3-555d-43ad-ab3f-058ef4141e88,2026-02-03T09:46:04.764684,-26.222058935206316,28.030263896481983
b1680589-8107-4b30-8a19-ac6a9d4b662b,2026-02-03T09:46:05.764684,-26.21625785926851,28.06571559587009
9986ab9e-d1f6-4d5a-93e3-b7ee87264e86,2026-02-03T09:46:06.764684,-26.20853630767694,28.052773019131813
ab5b4484-8797-41ad-8862-3f4f8be74bff,2026-02-03T09:46:07.764684,-26.20967298997407,28.04505489224626
4a250170-0464-4631-a333-16d992f0bc61,2026-02-03T09:46:08.764684,-26.186543275883967,28.050843246331475
ff335ffe-415a-4aea-b7c4-c13682be088b,2026-02-03T09:46:09.764684,-26.19524869206601,28.02960724977785
d8feb73e-e1fb-4a8e-b870-5e7db1bf08f3,2026-02-03T09:46:10.764684,-26.19184365389881,28.03581240421215
b9d96de8-9658-4ecf-81e0-19a26dcf8078,2026-02-03T09:46:11.764684,-26.19702954237321,28.0428724494552
52bd0e58-f439-4939-a1ea-10dcd5f83651,2026-02-03T09:46:12.764684,-26.196750036007924,28.06234443127661
bb679c15-647c-4b74-83cc-9c7efa6f755d,2026-02-03T09:46:13.764684,-26.192529895941203,28.038840360511585
df9ba7c9-7a62-40ef-bb91-13e30403bbd9,2026-02-03T09:46:14.764684,-26.21960289728576,28.034440269985364
53c0d7ee-75a6-4319-8e4f-d407b5b05251,2026-02-03T09:46:15.764684,-26.213974379887958,28.047435900927326
d78a908c-77d7-4851-847d-eb14cf56ae18,2026-02-03T09:46:16.764684,-26.223270032321942,28.062327528697264
4f027259-2cf7-4c1c-8d50-caa1f082f3c7,2026-02-03T09:46:17.764684,-26.193932314572127,28.037380372126336
ff2bef70-ec36-48bf-b8b3-e1f6ef2ca7b3,2026-02-03T09:46:18.764684,-26.217078722494644,28.052323479210735
66aa5c5d-77dd-4c9a-87b0-182cd47aae58,2026-02-03T09:46:19.764684,-26.215075556044255,28.06159864801847
1c2e9321-5a1b-402f-ab2e-3b0f92f26084,2026-02-03T09:46:20.764684,-26.188123793715892,28.027414098092855
787e1fb7-54c4-4c0f-9a7e-13c3391a57f7,2026-02-03T09:46:21.764684,-26.197696996749766,28.042431053662902
24b64a45-bfa4-4f2b-a441-e0dbb1d03c85,2026-02-03T09:46:22.764684,-26.19865809445119,28.06581384025831
f28912ea-a22c-46bb-ac76-575d5a18f866,2026-02-03T09:46:23.764684,-26.219479998643806,28.05246347860783
3a96ce30-f30a-4719-8f9c-1a03d4b457bd,2026-02-03T09:46:24.764684,-26.200015291890068,28.03522298236942
6bd492fa-dee1-45dd-8e00-8bfaf78165ad,2026-02-03T09:46:25.764684,-26.213623230230837,28.055797809924933
67ac4f06-f880-41ef-ba25-2aa8d08066d6,2026-02-03T09:46:26.764684,-26.217226051330986,28.05300727293585
791cdd71-4849-4220-9067-4b870385f1f1,2026-02-03T09:46:27.764684,-26.218019997966845,28.034684208546228
d49ed5e0-81ec-4148-aab1-5a655a5dd94f,2026-02-03T09:46:28.764684,-26.1990899531848,28.0399129301714
c0135069-5b2b-402b-83f7-eef64f2eac66,2026-02-03T09:46:29.764684,-26.191237085909048,28.03843403281215
1000a503-a2da-4cde-986f-eb037033fdea,2026-02-03T09:46:30.764684,-26.18862101782109,28.034416170902528
0cf5b46d-13d5-465f-8612-f911335fe1f0,2026-02-03T09:46:31.764684,-26.19612528657509,28.041180792450568
34bedfd4-c837-4c66-9f5a-ff36ad8df295,2026-02-03T09:46:32.764684,-26.20853614527736,28.047272883545467
8b2e95be-7752-4d6b-a6b0-49a650e3453d,2026-02-03T09:46:33.764684,-26.203074968992425,28.054419239576788
2f09a57d-d795-4747-a1bb-1f3bd966d45b,2026-02-03T09:46:34.764684,-26.214855848694434,28.064337359664144
b7198439-66a9-4ba3-886a-ca7bdc09d53c,2026-02-03T09:46:35.764684,-26.196370088722023,28.030249249832885
e58fd573-2993-4a00-bbbd-135ca601bcf2,2026-02-03T09:46:36.764684,-26.20144733537034,28.053035643323888
b8a0ad3b-4d0c-40c5-9e29-234c516af10c,2026-02-03T09:46:37.764684,-26.19954090157123,28.064900027935636
3ef07b2b-ac40-48eb-9b78-a811404f2bc0,2026-02-03T09:46:38.764684,-26.224084169789506,28.03263084708199
26210789-c774-4e08-b76f-123c31be77f1,2026-02-03T09:46:39.764684,-26.205048826737897,28.04915951393676
4c03c0fc-b33b-4c6b-8e60-775efa1f1cfb,2026-02-03T09:46:40.764684,-26.19621041885488,28.05754079948764
2b55940a-5b69-4afd-a0f7-9ed7714ef32f,2026-02-03T09:46:41.764684,-26.204202874578762,28.048320389321457
19b07e96-552d-4d71-8e66-9d13cd4ff3d7,2026-02-03T09:46:42.764684,-26.20139300072838,28.06420179128505
b1d5dc84-83f6-44be-9a55-03e14483951b,2026-02-03T09:46:43.764684,-26.201656017743563,28.047683378934874
2354b862-fa94-4a9f-adfd-a9399c340138,2026-02-03T09:46:44.764684,-26.223910281892532,28.040527843657046
574d2c83-15cd-40fc-b18a-d3ef4f2f31cb,2026-02-03T09:46:45.764684,-26.216719777591585,28.029224864991473
16cc012f-753b-4c89-89f4-c9a53e3a9dc3,2026-02-03T09:46:46.764684,-26.189611048424442,28.047212441203413
e1a2c279-2b50-4159-97d2-b129b378fb98,2026-02-03T09:46:47.764684,-26.21430967886497,28.03591728779484
e2d8b69c-e86e-4a95-97b1-504ba899e379,2026-02-03T09:46:48.764684,-26.195067250102397,28.06615975381225
67ef89b8-2122-4d94-bb32-e7123b7beae7,2026-02-03T09:46:49.764684,-26.197988369357397,28.04064678887499
a77863a2-8a0d-474b-b645-d585b1aeb810,2026-02-03T09:46:50.764684,-26.192709863038253,28.042315593791255
7ea82564-f022-402e-8679-66b0c554970b,2026-02-03T09:46:51.764684,-26.194628856422877,28.06496476849788
3c632fd5-f9df-4045-83c3-8bdfd0092623,2026-02-03T09:46:52.764684,-26.207247760146256,28.050816024045723
bd141b69-6488-4e11-af8f-c3d9e105aced,2026-02-03T09:46:53.764684,-26.222865638578593,28.043199901365302
3071e7f0-e84a-4ebe-a936-522a5e639501,2026-02-03T09:46:54.764684,-26.205306303367887,28.06656752778891
9cdd2629-325c-4574-9284-e13f15a706b9,2026-02-03T09:46:55.764684,-26.19549951359288,28.055903586971393
9f7e5803-5572-470a-861b-25cebb63d3d9,2026-02-03T09:46:56.764684,-26.21037874626347,28.059958554722474
2a7d9eea-db42-4e11-b014-b212cf6e5b64,2026-02-03T09:46:57.764684,-26.20119919907995,28.05870944417576
33d61ed8-7f4e-4752-874f-1e3f0233ad5b,2026-02-03T09:46:58.764684,-26.203761976409346,28.02826605408999
008bf1c4-a50f-45c0-8ad2-ef9b3c22da38,2026-02-03T09:46:59.764684,-26.204574245137437,28.027354646310435
1d640ab8-4356-473b-9901-a95cbc9a061c,2026-02-03T09:47:00.764684,-26.21531392217192,28.051851565017948
3a643e4f-fc7b-4271-b356-0342dfc8d3e6,2026-02-03T09:47:01.764684,-26.20006138985132,28.034330519806883
fc5a80d4-89bc-4ea1-aaeb-d1f75e2c2aeb,2026-02-03T09:47:02.764684,-26.21022427703581,28.041657593778574
d3632ffc-7a26-4395-8b7c-0e150f49e0c0,2026-02-03T09:47:03.764684,-26.223448618227433,28.05042910773152
0c545f1c-c255-42cc-a55d-bb028d2c1db1,2026-02-03T09:47:04.764684,-26.19200497790984,28.047544103064148
92176f1e-1cac-41ae-b102-6c5af7b96300,2026-02-03T09:47:05.764684,-26.221912335911686,28.06343948944827
472e38c2-0e77-408c-95f8-415c44be2b5b,2026-02-03T09:47:06.764684,-26.221193038653425,28.059423533681006
8522e222-39e0-4d93-8e6d-96f900c60259,2026-02-03T09:47:07.764684,-26.205791976683084,28.056544193122814
5558ec5f-45d1-45ed-9891-ed7e76e13876,2026-02-03T09:47:08.764684,-26.194751241508175,28.03752611272794
3a108767-14ad-4277-a23c-84cb3d948f13,2026-02-03T09:47:09.764684,-26.217739875102932,28.04647592921764
7a160a8b-6ca9-41c2-b49a-7027af43656d,2026-02-03T09:47:10.764684,-26.206855112365712,28.05899182815684
bf82099b-bb6e-4014-90c8-597d17ac29f4,2026-02-03T09:47:11.764684,-26.21415920083945,28.06726713486688
0dd382fc-9c70-4466-a4cc-54ff5b0d6a3a,2026-02-03T09:47:12.764684,-26.210354908128362,28.03761725525562
c60e4cfb-93be-4a4d-9b68-d6ef624efa86,2026-02-03T09:47:13.764684,-26.22203467984638,28.066630364279618
554884fd-afc0-4d97-aeb4-a4192108d77c,2026-02-03T09:47:14.764684,-26.219417102127217,28.031647219598142
2119938b-df5b-45aa-bd88-30321a78799f,2026-02-03T09:47:15.764684,-26.18893204174828,28.028403682524033
d8973400-619e-4320-b293-b9dd1b3d61b7,2026-02-03T09:47:16.764684,-26.2090611986112,28.057887684852137
7c78a3c4-f618-4d54-82fe-5e45f5bc8092,2026-02-03T09:47:17.764684,-26.216833455424812,28.04031715788451
601425f7-71b6-4b25-9282-a8f1922ee0f0,2026-02-03T09:47:18.764684,-26.20773645708627,28.03804995807469
62b9ba2d-eac4-47ec-b2f5-2bad37fe4899,2026-02-03T09:47:19.764684,-26.202031370880412,28.053095735293258
db86f7d7-d2e1-41c5-b8c2-518f4e19ec04,2026-02-03T09:47:20.764684,-26.207655747081784,28.028712122463745
950a1de9-fcfa-420e-97a7-04df2192191b,2026-02-03T09:47:21.764684,-26.22171939814872,28.066408839795454
b21a7aa0-6756-47de-9a8d-f3b2e9a34c1d,2026-02-03T09:47:22.764684,-26.191066811562525,28.057824332278646
8702a9d8-a58f-4aea-8c9d-d8cd99e09618,2026-02-03T09:47:23.764684,-26.212231158292283,28.051606018614386
8264bded-436a-4cb1-9e4b-206e104898f0,2026-02-03T09:47:24.764684,-26.19428565957684,28.029342173399915
36cc0f35-49fc-4e4f-9795-1fc49a6fe261,2026-02-03T09:47:25.764684,-26.2100700347306,28.03900473493219
38e36cbc-0f7f-4590-a9cf-219d47864d3e,2026-02-03T09:47:26.764684,-26.18825194496828,28.051660705754937
871b020a-1030-4689-a934-2305e02f2373,2026-02-03T09:47:27.764684,-26.19545562174102,28.033986515977123
c4c73e22-3d32-4c6b-a437-4be36ceb5e36,2026-02-03T09:47:28.764684,-26.221256902156394,28.04954664603736
ecba074a-7842-4d32-82d9-f39b1f4b1cc1,2026-02-03T09:47:29.764684,-26.201810991495698,28.04018833066867
53b55aa1-015a-42a2-b8fe-95d73634bd33,2026-02-03T09:47:30.764684,-26.1931612104225,28.065794360648884
822d9a2b-f3a9-4844-ad24-d80da22f39c6,2026-02-03T09:47:31.764684,-26.208956100503283,28.02905211978816
b23bc0c2-cfc5-4cea-b13e-6a1394664fb4,2026-02-03T09:47:32.764684,-26.211613966670846,28.04119745946614
49177172-b68a-4325-b8bc-e3c5383df1b1,2026-02-03T09:47:33.764684,-26.207050861460687,28.044315370005496
e2b336e4-f590-4679-8c79-04e450d81e30,2026-02-03T09:47:34.764684,-26.213263875670666,28.064576599200947
2b366c05-a71e-4b9b-a95a-bf1dbf2661d6,2026-02-03T09:47:35.764684,-26.196781967292395,28.04877510008054
c0ae4318-cf2d-4737-af35-e1054994bb61,2026-02-03T09:47:36.764684,-26.214006071544954,28.03923471548556
80ec6a8c-42dc-4eef-8fd9-4eb796458237,2026-02-03T09:47:37.764684,-26.22074057590213,28.04663182519323
4b956208-e545-4a3d-98fc-ec96d9c43ea1,2026-02-03T09:47:38.764684,-26.196424201075995,28.04257606783944
537209a6-c09c-4631-83e8-e16ec3f48e02,2026-02-03T09:47:39.764684,-26.20853051944963,28.035018191918834
82d49cfb-02c0-4ba6-b3cd-349a52f0d5a7,2026-02-03T09:47:40.764684,-26.2059868397972,28.04737738146609
80142945-2f24-4ea4-bfc4-17e6693ce8f6,2026-02-03T09:47:41.764684,-26.188194062608215,28.055460638147323
eaf5a12c-1eb9-42a5-ae8d-16d391d637eb,2026-02-03T09:47:42.764684,-26.21351122152653,28.060215755192115
4381e7af-f6ee-48e7-8923-217d82cc5a30,2026-02-03T09:47:43.764684,-26.193350828965315,28.04860861332375
5f54c7b4-6355-40d7-9056-e801a91f5065,2026-02-03T09:47:44.764684,-26.201001548279375,28.060835110357846
9a76ea30-b3df-4ee5-acdc-88a49bc0688f,2026-02-03T09:47:45.764684,-26.20370227041087,28.031911698588367
2b3d1369-4c1d-40c3-977f-7b66dbabd66b,2026-02-03T09:47:46.764684,-26.196188371634257,28.061544044460184
4d3f0704-b83c-44d9-917b-f68a313440e5,2026-02-03T09:47:47.764684,-26.210368294759306,28.064273746248077
5687702b-3606-48d1-ac5a-af0ae5cd30a0,2026-02-03T09:47:48.764684,-26.19942703889475,28.038482524112254
8aa3069c-850c-4e13-a1cd-d06b064a49d8,2026-02-03T09:47:49.764684,-26.212677519128007,28.061885672566337
abe0f0fb-63d3-4b0a-abcc-b54a71b58970,2026-02-03T09:47:50.764684,-26.18501638181519,28.043930073381507
b7113d26-9652-4807-9116-487367b1a4d9,2026-02-03T09:47:51.764684,-26.213220479705218,28.029045512106503
5525f2bd-b50d-491e-8452-dedf2f89abd3,2026-02-03T09:47:52.764684,-26.222233314252183,28.037943481946918
493adb67-30a6-4fa6-b5dd-b8788fc9c51d,2026-02-03T09:47:53.764684,-26.211756768970748,28.060074754291964
8099f5be-474b-4a5d-b4bb-830ed66c37ab,2026-02-03T09:47:54.764684,-26.18714111891606,28.064073306628487
cfcdc312-c5a1-49d9-817e-3930769546cc,2026-02-03T09:47:55.764684,-26.18800490538615,28.04479958422725
1fe5d665-ccb2-4bf7-b367-eec684b35b57,2026-02-03T09:47:56.764684,-26.1846423552905,28.05698729323301
1253d7c3-9f7e-4bf3-8d16-740a8ca697fe,2026-02-03T09:47:57.764684,-26.223714614391664,28.055838970624464
30235cce-810a-40fd-aa49-3a8936b424d5,2026-02-03T09:47:58.764684,-26.21556142373782,28.046697553840136
c9a0cedf-12a0-474f-8ddb-a03e023d7254,2026-02-03T09:47:59.764684,-26.18821798909872,28.05259745907836
8bf147cc-5439-46f6-aeeb-d44c0c436984,2026-02-03T09:48:00.764684,-26.202215598605232,28.05570554945078
635d34f0-e705-4c73-8397-9ea4d93d016e,2026-02-03T09:48:01.764684,-26.205081292688917,28.044414056040427
d455b250-a27d-45cb-8616-d1f1a417a0d1,2026-02-03T09:48:02.764684,-26.217581265552255,28.044161630598598
cc587221-d84d-41c3-ab87-734408033bbf,2026-02-03T09:48:03.764684,-26.203725443916237,28.047996692563636
0c0384ed-5963-4cf8-a054-25d3b4efa7a6,2026-02-03T09:48:04.764684,-26.21174363106601,28.06005760650687
7ee15b9c-ae55-409e-aed5-6f2a751ae41c,2026-02-03T09:48:05.764684,-26.222274180330537,28.06512564171896
5051b17e-0c83-48f7-ab00-b106470fffa2,2026-02-03T09:48:06.764684,-26.208258510559634,28.052984531686842
9402baa1-ca93-44cc-a1c3-68c6db23de3b,2026-02-03T09:48:07.764684,-26.188280474172124,28.02825968366478
63dc36b6-21fd-4c65-924a-16ae3da7f83a,2026-02-03T09:48:08.764684,-26.208270047355324,28.052471285741017
5220c72b-4753-44c2-b309-926413e83a9f,2026-02-03T09:48:09.764684,-26.216601691492826,28.04075209000415
72e7239c-2b08-4082-9585-24369afb5cc9,2026-02-03T09:48:10.764684,-26.218189143357062,28.061467417053
a17ad5d1-77d3-4eb0-9c8c-b4f21eab2061,2026-02-03T09:48:11.764684,-26.202172015427205,28.040695218454317
71ed4ece-0468-4dfd-a53f-f1e3e0253405,2026-02-03T09:48:12.764684,-26.20462393575488,28.050014249045475
78091406-2ef3-4e78-adb6-5e1b24f862ae,2026-02-03T09:48:13.764684,-26.212500995173357,28.029177726517865
9ee9c1d0-66b2-4e04-a340-6b03141b0502,2026-02-03T09:48:14.764684,-26.215293170037214,28.05009732102078
556618af-8d21-485c-8c6c-9bc272b6436c,2026-02-03T09:48:15.764684,-26.206546322236154,28.044367033321144
8a8b3770-f1e6-4d47-86c3-1d5fd6f76aed,2026-02-03T09:48:16.764684,-26.203291862197975,28.049225846649417
06f9bda3-7c84-41b2-92c2-4f092cb32d7f,2026-02-03T09:48:17.764684,-26.211552163576552,28.064274395378963
db6391b7-3893-499a-8cbe-bbf28e81aeea,2026-02-03T09:48:18.764684,-26.192674262072195,28.060020448735916
cb83b509-1f9d-4f6a-9f12-4d69d0047ec7,2026-02-03T09:48:19.764684,-26.195573368919526,28.06577542953947
f90b2716-e612-49c7-916d-618cae1b27b2,2026-02-03T09:48:20.764684,-26.18996441095491,28.050692753531038
96d82457-a10f-41b0-ba73-448a138625e0,2026-02-03T09:48:21.764684,-26.18478353769688,28.04332627601682
8ee977bb-9e23-43ea-b203-110c1a081a06,2026-02-03T09:48:22.764684,-26.213076040953077,28.035329180123043
e31f8968-63e3-449a-9607-2ab271e5d6a8,2026-02-03T09:48:23.764684,-26.205162869946076,28.02785420884722
0502f3f1-4e85-486c-8757-015f114514f4,2026-02-03T09:48:24.764684,-26.2197319445536,28.047256887567887
5cf9482a-d99f-4b57-971b-414cf0ad39d1,2026-02-03T09:48:25.764684,-26.21223193567086,28.042320324330827
1930ac7b-98df-4dc9-8f1f-6ffae022efe8,2026-02-03T09:48:26.764684,-26.190046217625177,28.038346477822827
27e64bf5-9fa9-4d25-bcdb-a14d7337c4f7,2026-02-03T09:48:27.764684,-26.217998409543046,28.03417561816728
8b189e37-e5cc-4909-a556-5c5e7758cd46,2026-02-03T09:48:28.764684,-26.193120439376674,28.048727729352084
c7e4df9d-6a87-478c-a957-ed5179c44087,2026-02-03T09:48:29.764684,-26.222100741467546,28.06140431236425
cfe171d9-c5bc-4990-adb6-1477df85614b,2026-02-03T09:48:30.764684,-26.203898831322025,28.04448877716621
9463291b-bda8-44fd-a86d-4a740c9a199b,2026-02-03T09:48:31.764684,-26.219379494967143,28.046567588611843
3db4bf63-042c-4d7d-86f5-4a7c900f69c1,2026-02-03T09:48:32.764684,-26.201542477374034,28.05597891943266
698a3cf5-57f6-4708-99d9-226c69a5c2d3,2026-02-03T09:48:33.764684,-26.196683605910874,28.028517403551778
c63b2254-32e4-411c-96aa-72c6d321bb1c,2026-02-03T09:48:34.764684,-26.223236287412526,28.03888611442207
47db6a18-6864-4d8a-9942-e41e9d3d1114,2026-02-03T09:48:35.764684,-26.21596902799698,28.036066297541563
9cc18882-31bf-4ade-806d-6d6924fdffb4,2026-02-03T09:48:36.764684,-26.194722143657042,28.028742644443263
59c29e01-aef3-4e4f-b292-101a2b47e9db,2026-02-03T09:48:37.764684,-26.21948046700698,28.06486337751358
901a2589-626f-4801-8a28-537c6bc52bea,2026-02-03T09:48:38.764684,-26.196512526276873,28.053180363516713
05cf4436-87f9-4665-b2d7-c15fbceeb236,2026-02-03T09:48:39.764684,-26.197260922247793,28.045536427448152
90d5fc0d-8067-460b-9a6d-e80f51f90722,2026-02-03T09:48:40.764684,-26.22320428753653,28.06143946393013
a2a80004-a6c1-4ba2-9e1d-d414649431dc,2026-02-03T09:48:41.764684,-26.219533248365575,28.061744637112504
8db9c999-0f89-45f7-869c-0cda4b369ab0,2026-02-03T09:48:42.764684,-26.188195489185755,28.046337599847636
e2997722-85de-49db-a6c6-a5927e81dfcd,2026-02-03T09:48:43.764684,-26.186735719963888,28.05554626946997
06a9db23-1d20-4179-b1cf-8446d61c87b3,2026-02-03T09:48:44.764684,-26.220573908924923,28.040905146155325
def626dd-79cb-43d1-ad25-3c1b6a8b523c,2026-02-03T09:48:45.764684,-26.222665646858616,28.035729916671272
1531101a-cc72-4bb7-afef-29ad05531fe8,2026-02-03T09:48:46.764684,-26.2141119088713,28.06596873232788
15c8e54c-01d1-4975-972f-d32c4997da91,2026-02-03T09:48:47.764684,-26.1868374989378,28.047123093819756
61b6c38e-bdab-4656-93e5-054e24773300,2026-02-03T09:48:48.764684,-26.2050479454282,28.035908166867944
02b81780-a52d-46ee-80d9-74adefcdaa1c,2026-02-03T09:48:49.764684,-26.204812643396295,28.032191595464955
7d04b006-fc1a-48e8-be25-97252e293183,2026-02-03T09:48:50.764684,-26.19603839233899,28.03627275375628
cc52b6e6-bdd8-404d-b40d-0f39f361cd4c,2026-02-03T09:48:51.764684,-26.21051859274275,28.04225210975078
5d7585a1-9cc2-4319-97e0-f8b46683f79e,2026-02-03T09:48:52.764684,-26.209305049767178,28.038497206190524
39fa3d96-374a-478b-aa99-f42298de5554,2026-02-03T09:48:53.764684,-26.206677376370706,28.066388623017005
3e3e04a7-e5d0-492d-b973-76dd861c7a85,2026-02-03T09:48:54.764684,-26.202747015824265,28.057413568530507
6b868f88-052d-4407-81b5-90295380837f,2026-02-03T09:48:55.764684,-26.218842423689328,28.046647790739993
94cad9cd-a6bb-416a-82c4-80ed2dfedf1c,2026-02-03T09:48:56.764684,-26.19948278095505,28.055844126959773
af3bdf5b-dc1b-4397-86eb-591b896d17ca,2026-02-03T09:48:57.764684,-26.20804725669884,28.066364692424234
c4a2ad6f-7846-4180-8b50-01cc0941d89d,2026-02-03T09:48:58.764684,-26.21320404575775,28.0556821926155
8d06930a-fe09-4520-8c72-c50a2248a244,2026-02-03T09:48:59.764684,-26.191426058274025,28.054929761370634
af88bd35-e988-4824-a4d3-fc61f63521e5,2026-02-03T09:49:00.764684,-26.2101797764414,28.03205812384724
fee632a2-2e52-451f-9e7c-73987273a9aa,2026-02-03T09:49:01.764684,-26.219911375321715,28.03322872876866
a1cad196-0cff-4ba2-b3a4-6bf07509fee9,2026-02-03T09:49:02.764684,-26.203923989539817,28.060306921110637
6d9664bf-9300-4a9d-afcf-af8f0e0f51e3,2026-02-03T09:49:03.764684,-26.189717161468796,28.044314818974563
6b453653-1451-4b6e-96f7-27c632ca01ab,2026-02-03T09:49:04.764684,-26.210929628988694,28.06230853109218
74fd02d3-fbe5-4332-8ec7-057e765760b3,2026-02-03T09:49:05.764684,-26.20322512698298,28.037167067960862
01e005a9-5a0c-4deb-8843-795c20565588,2026-02-03T09:49:06.764684,-26.210697885660572,28.039349366713175
e40a6297-1d6c-4b3d-b2d5-ce3d65b6bac1,2026-02-03T09:49:07.764684,-26.185506051813842,28.032136630682952
639dc975-fe5e-4356-84ed-c0cff5ae281b,2026-02-03T09:49:08.764684,-26.184657047255584,28.04857249255427
00a2d64d-e1b9-4e7a-8c55-92a9fc9f2322,2026-02-03T09:49:09.764684,-26.207335237414487,28.058833076528455
a593cacb-3754-4580-a973-9765cf82a324,2026-02-03T09:49:10.764684,-26.195513436366188,28.03553920839115
7b808fd2-8f1d-487f-a3e2-f532fe5a4a43,2026-02-03T09:49:11.764684,-26.18582559887031,28.059946620591933
e32424fa-bc62-46d7-8d2d-0e1d47c6ae49,2026-02-03T09:49:12.764684,-26.218850230578166,28.048324290672006
b663850c-c030-48d0-be76-918e395eab87,2026-02-03T09:49:13.764684,-26.214844197896248,28.049576754527475
92dbc8b4-d863-4310-b9e9-9f2f8fdccecc,2026-02-03T09:49:14.764684,-26.190145534385774,28.04662908320915
0ef827cd-3e5e-44cd-aa6e-55e58ac29025,2026-02-03T09:49:15.764684,-26.21015207377822,28.035630701579453
c6022b62-47e5-4c0e-a7c1-6acd0f74f501,2026-02-03T09:49:16.764684,-26.20804089855286,28.046824901220468
fed70d6d-65ba-4b01-b8ea-b68ce35bf23d,2026-02-03T09:49:17.764684,-26.206396487451602,28.044951960353494
f8d297ea-d2e4-4e0d-bb14-1ddb65bf43bc,2026-02-03T09:49:18.764684,-26.19189652223613,28.033542633033466
d8f02ca7-c039-48b6-92e0-2387ceb29a69,2026-02-03T09:49:19.764684,-26.207635023131385,28.064687279142262
08e8f7cf-d8ec-4c05-95c4-8a70db791faa,2026-02-03T09:49:20.764684,-26.184178720104967,28.03403977817237
ffd18b5c-2828-43a0-8e6b-505492b66839,2026-02-03T09:49:21.764684,-26.213372676223717,28.06540981351115
2cf98501-241e-490d-b0cf-268d970e27ff,2026-02-03T09:49:22.764684,-26.218381529764642,28.05100322454902
b5bc93f1-b8f3-48ba-a904-f0b31920285a,2026-02-03T09:49:23.764684,-26.20857672548593,28.062749050821026
7fe27342-55c1-4a2d-8e0a-09459b1b21ba,2026-02-03T09:49:24.764684,-26.209094172395453,28.0643746452339
2dffdcf6-23c6-4e45-83e3-0d152039a40c,2026-02-03T09:49:25.764684,-26.20067875727952,28.028581845938
97c31fa3-1fc3-4885-ab81-74ed66eaae5c,2026-02-03T09:49:26.764684,-26.19787187983098,28.065415376976613
79cd71c7-0008-4d2a-9de1-f01d959bfbec,2026-02-03T09:49:27.764684,-26.207360504473854,28.06628270833914
ddf421ab-9f44-41c1-9980-03d0a5e234f7,2026-02-03T09:49:28.764684,-26.215806724959823,28.035653520049635
a42aa951-0f98-4feb-901d-d16a2cc61927,2026-02-03T09:49:29.764684,-26.217830985865856,28.03175958727895
612dc4d2-320d-41d0-a7e8-1f2efe54a8df,2026-02-03T09:49:30.764684,-26.218010642934154,28.039998311435447
dc44c414-10e7-4eb8-a6eb-46ec8b434435,2026-02-03T09:49:31.764684,-26.207838570109782,28.053790324121557
dfb0cc0d-d0f9-4dc6-b9af-4d4d87c36b3b,2026-02-03T09:49:32.764684,-26.192072004836177,28.033403888043562
c7ff9ce3-db71-4c90-97b9-7fc570f0cc01,2026-02-03T09:49:33.764684,-26.206643356695047,28.038024073507966
7560c4d3-169b-4edc-b405-156815cd14e3,2026-02-03T09:49:34.764684,-26.209749185966505,28.031210681523394
03a68894-819e-4ce1-a29b-6a41ffc4c9f0,2026-02-03T09:49:35.764684,-26.19009494159816,28.04005458662115
52ce68a4-0b68-4058-bdbc-c958eb80b883,2026-02-03T09:49:36.764684,-26.220702018431844,28.0322663956324
dcd78bda-5115-4213-b4c1-0a1490882d49,2026-02-03T09:49:37.764684,-26.193702933335047,28.043319698233454
df656dd7-bbdc-4cbc-bdb9-6056698c9069,2026-02-03T09:49:38.764684,-26.218527935868764,28.06519259385294
260b8b5c-63de-4854-a92d-068ce5692ae2,2026-02-03T09:49:39.764684,-26.212941383770897,28.039940489533556
f3704047-7360-4f32-8eef-696e83c7f1b2,2026-02-03T09:49:40.764684,-26.209532703766858,28.034578087459632
1eb60e3f-1106-4e67-aee8-df0f09a318b2,2026-02-03T09:49:41.764684,-26.195297378126916,28.03591524000248
b047be08-f4a6-48ea-882f-c4ad761ccc7d,2026-02-03T09:49:42.764684,-26.20911118248171,28.050722541383344
57fdb9f8-3aa6-477c-a432-205a24261475,2026-02-03T09:49:43.764684,-26.1853712984488,28.057162262228402
606ca607-2f86-4dbc-8966-7c67381f8556,2026-02-03T09:49:44.764684,-26.18714267385363,28.03142277243252
4b566551-3508-45f5-ba4b-22b3a083781f,2026-02-03T09:49:45.764684,-26.196826661644206,28.0343878656741
58401efb-a27d-421a-8c8d-ba37da908613,2026-02-03T09:49:46.764684,-26.19250750174983,28.058328321170467
7b113e63-de20-411d-bebc-284605f077a2,2026-02-03T09:49:47.764684,-26.194868366760293,28.037739971349076
bed826f4-8bfc-47dd-bc3e-4a5b09e51fe6,2026-02-03T09:49:48.764684,-26.20279592613106,28.029276726769456
b7b62553-9390-4bd2-a9a4-13f3240c2133,2026-02-03T09:49:49.764684,-26.21927680951407,28.059498670416037
3f154558-d638-4a0a-8178-2c6b96fe79f0,2026-02-03T09:49:50.764684,-26.21381490252619,28.0425231761258
670ecc6e-8b2d-45c7-8a82-a97b36cc8823,2026-02-03T09:49:51.764684,-26.20731674650009,28.03459124252277
05e5c2ea-959f-4f8f-87df-105e3fc1ca1a,2026-02-03T09:49:52.764684,-26.195794751432206,28.035456747906167
094c7ce7-8d26-4511-8f5c-6dda881a960b,2026-02-03T09:49:53.764684,-26.216870938193352,28.054213795030815
dd7a8939-d481-49eb-a2a8-acf767c808b2,2026-02-03T09:49:54.764684,-26.187040207129844,28.03256243945068
fc5594bf-6e2c-4097-9753-b5b13fd2ca1d,2026-02-03T09:49:55.764684,-26.206059193804474,28.050157126725008
d8828765-42cd-47a7-8999-6cebc757a694,2026-02-03T09:49:56.764684,-26.188898800602235,28.04343576967484
a20acc1a-1d18-4316-9df6-97440ddafedc,2026-02-03T09:49:57.764684,-26.200389048717742,28.061302112105295
6ad2619c-cda2-4367-ba80-597baf052821,2026-02-03T09:49:58.764684,-26.199028291916136,28.036057205504278
512ee757-f448-46e8-8db2-67986ab3281e,2026-02-03T09:49:59.764684,-26.191378842644017,28.05004698878183
045e8e5f-0d04-4133-b02e-806e2fd59b05,2026-02-03T09:50:00.764684,-26.211379585471274,28.03093111091311
37c02a9c-99a6-45db-b064-f2b66772a55a,2026-02-03T09:50:01.764684,-26.190781376233534,28.062431076239914
bf5f0c84-2c0c-4166-86f9-916ed3235998,2026-02-03T09:50:02.764684,-26.21030126788486,28.033266795811485
8b764f9f-4a55-4da0-b597-b9947d7725f6,2026-02-03T09:50:03.764684,-26.186260583192457,28.059982134787713
58cb7c45-f71c-4323-9b29-368a879ee314,2026-02-03T09:50:04.764684,-26.192922438969006,28.0587568763485
b19bbbfd-56f2-44bd-b545-9b3e98e3fef6,2026-02-03T09:50:05.764684,-26.187281994067728,28.049841417578904
609af9a1-767a-4fe5-9ac9-f7c89d073322,2026-02-03T09:50:06.764684,-26.217550296286756,28.043708581581615
eab393e1-57ac-4fd3-a7c6-ee540c935891,2026-02-03T09:50:07.764684,-26.215276885239895,28.0537060278319
8a07cd9a-f889-4897-aea7-f3d669fc6a0c,2026-02-03T09:50:08.764684,-26.21505199426956,28.03046811775952
9c50e540-e200-4d1a-b263-f4c97be524a2,2026-02-03T09:50:09.764684,-26.20646165887286,28.03509267475691
d10f196f-e490-48c0-9131-78d055371f95,2026-02-03T09:50:10.764684,-26.20823579277382,28.047667123976915
8949d8f9-09b3-4373-8ae3-8c52f2359c8c,2026-02-03T09:50:11.764684,-26.20826324592851,28.059105393228414
68cda3f9-7343-4b86-8be1-55f637c26b09,2026-02-03T09:50:12.764684,-26.194634919942988,28.05416572579276
5aeaff90-3b89-4dbc-ab56-0cec132a6102,2026-02-03T09:50:13.764684,-26.213024793030534,28.03575485158357
283e65fa-2c09-4478-9f2d-a1e0e87b5b5b,2026-02-03T09:50:14.764684,-26.2233621432462,28.029612348647564
c16f7bf4-7715-471e-9ab4-3bb002d42614,2026-02-03T09:50:15.764684,-26.197846113689195,28.048246435522064
a9c5ced1-1cde-43e4-98bd-402893f30a33,2026-02-03T09:50:16.764684,-26.20569193199591,28.060148710016698
bc0267b6-f2e3-45a8-ab82-875d36c0f00c,2026-02-03T09:50:17.764684,-26.215386841468707,28.052405619978206
dbb3d704-6fe9-4b1b-b0cb-e68b1fbd637b,2026-02-03T09:50:18.764684,-26.201145874005388,28.04180515621133
e989a0c2-07e7-4840-aef0-cf31426db5c2,2026-02-03T09:50:19.764684,-26.22368262315307,28.04733921957338
1f70509d-d4fc-439c-8a5a-eebd2c966c72,2026-02-03T09:50:20.764684,-26.19065565483759,28.04387823482281
35ad4f9d-ee46-4460-b62f-fba7824a12fb,2026-02-03T09:50:21.764684,-26.210438516606185,28.054252292509727
be14f5cd-3037-44c4-96bd-34282f519adb,2026-02-03T09:50:22.764684,-26.211946352982896,28.041702210728143
e8a178cf-55f7-41c3-9d66-7ea51370d243,2026-02-03T09:50:23.764684,-26.19315890087676,28.02837445109837
1329c8f3-a539-44d7-80ad-fb23e75c48c5,2026-02-03T09:50:24.764684,-26.19593673003959,28.03760489315666
339552ae-e6d6-4906-8d73-823b30b73170,2026-02-03T09:50:25.764684,-26.196392727733315,28.030168737061718
01f5a3cd-94c5-4d1f-8030-92488676d48c,2026-02-03T09:50:26.764684,-26.20763752178636,28.063547779233417
fe3ddaf5-9fc5-4dbc-bb43-7f713dcf7f6e,2026-02-03T09:50:27.764684,-26.197558186380782,28.049966241402807
f144899a-438a-4d54-ba3e-fb05cafabd33,2026-02-03T09:50:28.764684,-26.223011246432407,28.058469787784983
1210c6a8-224f-47ee-a100-2801cbf3656d,2026-02-03T09:50:29.764684,-26.20398431420062,28.052988357531813
594790f2-7955-4033-b496-bbe55f93d146,2026-02-03T09:50:30.764684,-26.213176392947922,28.028694765846527
30cba855-37da-4a52-9f80-ebfed16cc46a,2026-02-03T09:50:31.764684,-26.191805908901777,28.038651419721955
ad4fa83f-3802-4de9-9b9e-cc5f5e637322,2026-02-03T09:50:32.764684,-26.187376435016688,28.03155560116532
09fe113f-4380-4630-9b78-c57cadbe0cd8,2026-02-03T09:50:33.764684,-26.222810322837738,28.034130533924653
c1d373c8-5b84-4be1-b38d-4668d67e1e15,2026-02-03T09:50:34.764684,-26.206891937474026,28.05957343031399
349e8b72-54d5-4389-889d-537a6d198863,2026-02-03T09:50:35.764684,-26.187895435445558,28.038509160214325
1a53cfb8-a33b-4510-8b91-5969e439659e,2026-02-03T09:50:36.764684,-26.18685965230592,28.050552683735244
b8d96303-7d88-4e48-97ca-3be1718611f9,2026-02-03T09:50:37.764684,-26.221989727632614,28.065304400850412
20c3241e-38cc-41b9-ace6-82a01f113992,2026-02-03T09:50:38.764684,-26.18832710672295,28.040271887476234
4e4b6841-9c5b-438b-bbcd-c95114f81a5b,2026-02-03T09:50:39.764684,-26.220866534581447,28.066788689082077
8993777f-e19a-4770-a494-54e8da69fbf1,2026-02-03T09:50:40.764684,-26.21628703170536,28.043074083924434
d0380a2d-ca01-4e2e-97c4-828910ab2f4b,2026-02-03T09:50:41.764684,-26.193033385453532,28.054848452946782
c31a303e-a624-433b-a603-25c29606bd7c,2026-02-03T09:50:42.764684,-26.205244461686927,28.029745328887405
4a121c2e-a52b-4750-a6d4-fdc8a33fe2b4,2026-02-03T09:50:43.764684,-26.1921145863277,28.05310305220106
356a24ef-14fb-4952-865e-c10fb22d9065,2026-02-03T09:50:44.764684,-26.184741828052903,28.035757694894393
8797a17d-4192-46c7-ac79-9e158129a5f9,2026-02-03T09:50:45.764684,-26.206070310470565,28.062416631157397
b10648a3-9ad9-4a46-a003-8d5d3b147885,2026-02-03T09:50:46.764684,-26.21572637629624,28.02863884393033
7920e3f8-88b8-4ba8-a8d1-6d6cac771bb5,2026-02-03T09:50:47.764684,-26.206569900970827,28.041981654752952
c32c578e-1534-40bc-80ba-5e431f49963b,2026-02-03T09:50:48.764684,-26.188833032105467,28.030996323195758
d7760706-7335-4548-ad74-0af31f295752,2026-02-03T09:50:49.764684,-26.20580262516008,28.040618784938875
94bf10af-c352-4a29-9668-76d94b2ba09f,2026-02-03T09:50:50.764684,-26.20574709495632,28.06254572926686
d75c9e1e-ed60-498d-80f5-7be839a99412,2026-02-03T09:50:51.764684,-26.19218318798063,28.0467093818521
a7bee611-0160-44b7-8e54-b46e06a6944b,2026-02-03T09:50:52.764684,-26.184410079949735,28.031460986993096
7b03184d-b069-43df-997a-1f726321a7da,2026-02-03T09:50:53.764684,-26.206398786196125,28.032827525935943
5da89ddd-437e-4cb7-8cad-a95e73338c5d,2026-02-03T09:50:54.764684,-26.184394987099726,28.031286231666456
46d36dc2-87fa-4d5e-ac62-64be49f77331,2026-02-03T09:50:55.764684,-26.214213457986414,28.05952625910678
d11b5f8e-59d5-4343-9f50-3b444e9f44b1,2026-02-03T09:50:56.764684,-26.21058341244832,28.03169254241026
8284f6c6-07ed-466d-a912-40e38472ecc2,2026-02-03T09:50:57.764684,-26.205873854830692,28.039426758922374
06b07e5a-5917-47de-8f69-43aad5217251,2026-02-03T09:50:58.764684,-26.21343191330434,28.027487528111816
e4e0dc8b-8bea-4c63-bc05-23a06f35b32b,2026-02-03T09:50:59.764684,-26.20454198833434,28.067262336966806
3c0d3673-166a-41fb-9570-fa1b02b6bea7,2026-02-03T09:51:00.764684,-26.188692883862444,28.02829820674229
f525238a-9fba-4262-b0b6-af080d78d323,2026-02-03T09:51:01.764684,-26.200597951001555,28.04645656323405
902644e3-97fe-4ca2-b8a5-b4ad3b2c517f,2026-02-03T09:51:02.764684,-26.222779720880563,28.066561206172324
ec5a2bfa-7c8b-42a4-84bb-d75e0067c818,2026-02-03T09:51:03.764684,-26.21372853499768,28.0544217798103
733cb8fb-6901-486e-a5db-b9a424268e4b,2026-02-03T09:51:04.764684,-26.211452750668162,28.040138585214148
daa33d7d-8a61-4061-9317-fbfc7a1dc655,2026-02-03T09:51:05.764684,-26.219400787053136,28.05374067050994
cfc48f11-5a35-4b44-85fd-9c479e1b33c2,2026-02-03T09:51:06.764684,-26.223642357467288,28.06578841211086
d9813752-976d-4d50-aaf0-3d7acf73546b,2026-02-03T09:51:07.764684,-26.206503264933865,28.064845679312988
0e84674a-fc85-4626-ad5b-f4359bd386fb,2026-02-03T09:51:08.764684,-26.21433889736898,28.047442638108247
a33f37ac-0177-4f11-9909-e6543e68cf23,2026-02-03T09:51:09.764684,-26.193849351214123,28.037197677449587
3f02f34f-35c6-42ea-8be1-c60d599e4a26,2026-02-03T09:51:10.764684,-26.2179172071859,28.05566364047068
b01864ac-5602-4abb-a168-6b99eb16766b,2026-02-03T09:51:11.764684,-26.20927343955333,28.06226215219304
66268fb5-0e53-4b84-b113-aa3ccfea81ef,2026-02-03T09:51:12.764684,-26.19443637408741,28.040716702616137
870eb5d5-df51-40af-be50-e52baff578a1,2026-02-03T09:51:13.764684,-26.199651531440026,28.03572888543647
a9c34c9d-63f8-4e30-a115-98674784434d,2026-02-03T09:51:14.764684,-26.192198897683387,28.03931086339823
f6eb7f89-edf6-4d1c-803b-8e55738d8ab2,2026-02-03T09:51:15.764684,-26.21509984765286,28.033541276277912
1db93ce4-0c02-40e9-8bae-4c0226d8ee38,2026-02-03T09:51:16.764684,-26.200035946036934,28.043950634174337
886cb57a-aed6-4227-9b19-c3217f868b37,2026-02-03T09:51:17.764684,-26.217900017239874,28.065598804425836
4faaed29-5e74-4932-8044-0cb5c530c6a7,2026-02-03T09:51:18.764684,-26.211531885457347,28.06509910650007
34dc415c-0f1f-4d5e-9a79-411b5a7467a6,2026-02-03T09:51:19.764684,-26.217614694934266,28.03771106471241
ad9fd4af-9942-4824-b28b-d8c95c7c6242,2026-02-03T09:51:20.764684,-26.205802239774947,28.046849897930393
3c5fa144-9f39-4e1d-b0f9-a3055179259c,2026-02-03T09:51:21.764684,-26.20063346465041,28.06649978083
8ddf2c92-4a94-498b-b820-17fff155f818,2026-02-03T09:51:22.764684,-26.18666307591363,28.05862817346614
1bb69454-00c3-42fe-aa18-d8e2945687ad,2026-02-03T09:51:23.764684,-26.214241774700433,28.03467549743174
fc39af43-c19a-4ad1-ad3a-7e0cb1f7ef43,2026-02-03T09:51:24.764684,-26.22064492522299,28.05843913241696
7242879e-cacf-4c60-94dc-c8e08ee28011,2026-02-03T09:51:25.764684,-26.186811917454,28.05655441121482
f9f63a52-bb56-4818-8675-c10cd7ac82d9,2026-02-03T09:51:26.764684,-26.219926762083997,28.031630815829867
8c7a2957-fe93-4497-98ac-3b6a993ec26a,2026-02-03T09:51:27.764684,-26.215260289855994,28.0440531698673
6ecdc3a0-3776-451e-b3f7-347949b04586,2026-02-03T09:51:28.764684,-26.223466400907316,28.05745155809647
f1beba61-26b8-4493-856d-cb1f96e0d29c,2026-02-03T09:51:29.764684,-26.222093778152352,28.059441590604465
a3ccdc1d-b4e3-4725-bd14-0c0276a60acc,2026-02-03T09:51:30.764684,-26.217501391809016,28.058189582078594
f7ccc57e-cc39-4466-b8a1-08b625faa4bf,2026-02-03T09:51:31.764684,-26.208981685652194,28.035790202910437
8f95f80b-3610-42f6-8a7d-9cf057f0ac58,2026-02-03T09:51:32.764684,-26.221686407886914,28.046148511035497
d3a015d0-a68f-4e4f-a9f2-9daf5bf43e9c,2026-02-03T09:51:33.764684,-26.214989119650898,28.05970278651029
84011f56-c63f-4b30-9848-e7cc793b4c96,2026-02-03T09:51:34.764684,-26.201451350454928,28.063603697938373
fb193a68-3587-4e55-93a1-49bf4c60ff25,2026-02-03T09:51:35.764684,-26.206927430793908,28.046172031361284
78819410-6b07-4f0b-846f-f70250246d90,2026-02-03T09:51:36.764684,-26.1940105929956,28.03524549051743
a56efcd8-4a1d-48bd-ab44-0f2ea18050c0,2026-02-03T09:51:37.764684,-26.195782204637457,28.062537696202632
7f14a50d-3edb-49f5-b7cd-4c9d50774180,2026-02-03T09:51:38.764684,-26.199846304783378,28.04754361039943
65c2afa3-2e1c-4c71-91b6-de49e55e42ea,2026-02-03T09:51:39.764684,-26.205921398812933,28.04181998763566
474f535b-3b5a-4c5d-9bad-62d2544f1401,2026-02-03T09:51:40.764684,-26.218947159393103,28.065158381333873
10b80924-7744-4551-a50b-5f88f07bf12f,2026-02-03T09:51:41.764684,-26.217295418665987,28.030163980721817
096da7d9-9524-4b39-9166-9505a745c85f,2026-02-03T09:51:42.764684,-26.18967601376129,28.042473271806845
1228ba53-51e2-4d48-8d18-d91616658dee,2026-02-03T09:51:43.764684,-26.214557359568477,28.045642403411883
70711cd2-a34b-4f38-b3b9-e4544eedeb3d,2026-02-03T09:51:44.764684,-26.214135084625966,28.055226814527813
4149dddb-44bb-4925-9af2-e94ebd210b0a,2026-02-03T09:51:45.764684,-26.198279496933225,28.041228380523837
13fd06aa-8819-4ea4-8177-f908f279eec6,2026-02-03T09:51:46.764684,-26.192677038237804,28.03729720482737
ce008301-e4b0-4769-be50-e2118f6cbfc7,2026-02-03T09:51:47.764684,-26.18705179598888,28.053692739713963
077ecdc0-39f9-4c46-8d77-44467f5c4951,2026-02-03T09:51:48.764684,-26.208340883623148,28.06054098525181
2b1991d8-4681-434b-8df2-452ba321ff1d,2026-02-03T09:51:49.764684,-26.222874842943394,28.054505998984716
4ce824d5-4ebf-4761-a200-7ab0413f3d9b,2026-02-03T09:51:50.764684,-26.185903592753185,28.03799941039067
9c7d60d7-4111-4153-8e7d-8b79d9e20235,2026-02-03T09:51:51.764684,-26.222018340167484,28.048939057759164
c930a612-dfcc-47a4-9063-fcc49c3e971d,2026-02-03T09:51:52.764684,-26.20845825947301,28.050416522215347
4d9f97ca-121a-49a9-a3a7-43c88eb4d1e0,2026-02-03T09:51:53.764684,-26.217068355356563,28.066203879571834
5089c660-61e3-4a00-89de-4cc931663add,2026-02-03T09:51:54.764684,-26.18449863431986,28.05141023680508
e08d322d-e206-4598-972d-605785957ac7,2026-02-03T09:51:55.764684,-26.22076310717859,28.054432131556233
7882eea3-08b2-41bb-a6e0-e2ed4b9d0e95,2026-02-03T09:51:56.764684,-26.215732412397177,28.049532949766395
f2e647f0-5f82-470d-8d4b-d0aa3f26170d,2026-02-03T09:51:57.764684,-26.20730664300509,28.029580893062406
e39b0882-d0c7-48a6-91e4-66d3068a389c,2026-02-03T09:51:58.764684,-26.2091743747674,28.053624044393718
14a66e3f-6bb9-4c9f-afc1-901eb46a37d4,2026-02-03T09:51:59.764684,-26.221371504628447,28.031141269081754
6cfff577-2bad-4536-9ef0-6ece48b65702,2026-02-03T09:52:00.764684,-26.196377667381416,28.029281393591113
9b5e1535-8419-4c0c-9825-da4a5d04670e,2026-02-03T09:52:01.764684,-26.21122366492006,28.041585378530883
ff22a26a-9950-45e0-bd64-c479b2be2f39,2026-02-03T09:52:02.764684,-26.196922740491107,28.06044281743798
cc8453b4-fb4a-48ec-802f-e40e158b8647,2026-02-03T09:52:03.764684,-26.212363920225606,28.06714799370871
d560d00a-446c-4ee6-bd46-690a8e76e07b,2026-02-03T09:52:04.764684,-26.22237963612224,28.038650085370797
e575e05a-d749-4617-b5d2-a53e2d64ff0a,2026-02-03T09:52:05.764684,-26.197900995912452,28.06193204352898
928b50ed-9f30-4cba-931b-524156891b3c,2026-02-03T09:52:06.764684,-26.216139442082586,28.042745779295633
fddfed73-74b0-4416-a0aa-72109666100c,2026-02-03T09:52:07.764684,-26.19854682857088,28.059160145679236
d9d8efcd-e048-46b8-a7d5-674727b701da,2026-02-03T09:52:08.764684,-26.198716022171944,28.046973688692486
150efa68-9e4e-4efc-ae50-dc2937c80729,2026-02-03T09:52:09.764684,-26.21272193332218,28.0367518725251
fdc4d91d-54d0-4ecd-83f4-30d3f80ffbf6,2026-02-03T09:52:10.764684,-26.214405113955937,28.03695230631938
4d6c2f78-d0b5-47aa-b206-66c8ff997e59,2026-02-03T09:52:11.764684,-26.188469100927904,28.057183591783833
f0f44551-0916-40df-b45e-ead820a5bdc4,2026-02-03T09:52:12.764684,-26.21941953489918,28.043736706662592
bce21797-5479-4dac-af19-bd8952223a15,2026-02-03T09:52:13.764684,-26.212843988223913,28.055876872749675
8929a3ae-b7d8-4bf4-9f50-f1bd61c2e1a5,2026-02-03T09:52:14.764684,-26.193662694175007,28.05013653209377
0bde102e-e56b-4448-a790-45d751376a43,2026-02-03T09:52:15.764684,-26.219731627427695,28.058196736395523
14285189-cdbc-4da1-94b5-56845694575c,2026-02-03T09:52:16.764684,-26.199562010982042,28.039583387077588
8d18f2fc-16ee-4152-b0fb-7d367062fb0c,2026-02-03T09:52:17.764684,-26.187750726934024,28.03615159773401
4e567559-bcbd-457a-94cd-f532a647efaa,2026-02-03T09:52:18.764684,-26.22370947682099,28.050433527691403
b6f4a3a6-61ae-4283-b8f1-d2fcce7a45f3,2026-02-03T09:52:19.764684,-26.197921580599424,28.063555756692796
1418c5f3-0550-4baf-abd4-d70f2af90a01,2026-02-03T09:52:20.764684,-26.216908852582506,28.04385222801322
dac871a2-440d-4d0b-bf0f-8123d999bbab,2026-02-03T09:52:21.764684,-26.21806249896572,28.02995962275859
ffe59ce9-6266-463e-bb77-6afc881dbb70,2026-02-03T09:52:22.764684,-26.205350731772207,28.04457584015344
0030a97e-8238-42ca-86a2-704373ca9559,2026-02-03T09:52:23.764684,-26.186805837558307,28.035277453806163
cdbefc23-e1b7-43b5-9156-004f0a82806d,2026-02-03T09:52:24.764684,-26.214899041741866,28.04462894366451
57987cb8-24b6-46ba-bd98-84d0c0dbb7c8,2026-02-03T09:52:25.764684,-26.21803761562522,28.06224411710342
0eefafbd-c8e2-4310-ad0b-eb94693bed25,2026-02-03T09:52:26.764684,-26.19186227785762,28.0531246625043
062a09cd-31c9-44fa-bf97-0f766dd2a296,2026-02-03T09:52:27.764684,-26.19075462461286,28.052323022675242
e00e17a9-0cbb-48b7-ad50-879151550e4e,2026-02-03T09:52:28.764684,-26.21039495716174,28.04420707834048
f2b27fbc-c15e-494b-91c9-4dd36ac31e98,2026-02-03T09:52:29.764684,-26.20733298781299,28.055259359792135
f7ce6c1c-e279-4197-9c82-c47f88297d83,2026-02-03T09:52:30.764684,-26.18702351165931,28.057265736409438
6bdd5964-08d1-4fbe-a6aa-b20db3be3bc5,2026-02-03T09:52:31.764684,-26.189316017644302,28.042440763187543
6f5e316a-bbdf-45d0-9011-4d268523e9e8,2026-02-03T09:52:32.764684,-26.22091026794816,28.05813425777664
6ba648b9-643e-454e-a3c0-19225388f645,2026-02-03T09:52:33.764684,-26.18718097743656,28.02847562053891
e34a2c06-4d36-437e-a0d9-125067f998f5,2026-02-03T09:52:34.764684,-26.188169126345596,28.027668110298965
5aca19d0-2197-4181-a9c9-5a8318ab1400,2026-02-03T09:52:35.764684,-26.21581576542042,28.050530675798917
c97938f4-ecc4-42dc-a6cc-15df4e67693f,2026-02-03T09:52:36.764684,-26.19119799858145,28.034579315983304
1b70bfbd-2fe2-4371-ac58-e6e584c30b97,2026-02-03T09:52:37.764684,-26.209178677938294,28.036498358116184
923c7154-9c06-4e7b-8a53-cb3317920ace,2026-02-03T09:52:38.764684,-26.19364236444325,28.033790891189955
c67361c9-7971-40f5-bbf6-420efa0e970e,2026-02-03T09:52:39.764684,-26.214850472934856,28.04825422315417
d8f6d9cb-ca51-45ad-86fd-02fd5367b302,2026-02-03T09:52:40.764684,-26.201027030202745,28.03607599663827
816f9e86-f719-4f90-ae3d-4a0ea0225396,2026-02-03T09:52:41.764684,-26.21258072169899,28.056542373090295
fede802b-48ac-4860-9918-5aad6955d672,2026-02-03T09:52:42.764684,-26.191969779750277,28.03790914307621
012669b2-cf74-4da2-a865-2182c995afef,2026-02-03T09:52:43.764684,-26.217005092276867,28.03819279087533
9344877e-95d6-43e3-9e5b-10bdbddfbe8e,2026-02-03T09:52:44.764684,-26.1972755666495,28.054461896388716
e1fb8331-c83d-4849-80b6-cf52fbb1105b,2026-02-03T09:52:45.764684,-26.201828093568746,28.042764007370206
c8d20cfc-dc00-455b-986f-101922bc864b,2026-02-03T09:52:46.764684,-26.202834209944502,28.066975861478173
c4f8078b-9596-4c9e-8f6c-13527b198f04,2026-02-03T09:52:47.764684,-26.2136280846327,28.065940652837256
dfce336e-22f2-4a66-8397-801c26089f33,2026-02-03T09:52:48.764684,-26.204465034724766,28.063616147621136
7e0cef1c-fc4e-491f-ba7e-44608e29a4f8,2026-02-03T09:52:49.764684,-26.223924249037864,28.054158453868524
eb04fa86-f277-4eb7-b593-e82e01a0fc7f,2026-02-03T09:52:50.764684,-26.212063107886813,28.053174644008156
44417fa4-9295-4b87-964e-e504d4fe25a4,2026-02-03T09:52:51.764684,-26.201234632787003,28.05853022330579
38cac333-e98b-4c8b-a465-30a5b16ab96e,2026-02-03T09:52:52.764684,-26.209005505104805,28.030640161448893
d16de38c-fe4b-4192-b790-72400142e561,2026-02-03T09:52:53.764684,-26.193568476968682,28.034651437704806
df7fcf93-16ea-4f1c-ae6d-f3a75d709cee,2026-02-03T09:52:54.764684,-26.2167418280753,28.04756291205535
9e300ce2-5cf3-4d6b-a2e2-09dd274a28d8,2026-02-03T09:52:55.764684,-26.19677610732035,28.04178643861178
987bab81-b48e-43a9-a1b1-06a356305bc9,2026-02-03T09:52:56.764684,-26.21790874235042,28.055349328617666
14134409-1f1f-4367-bdf8-41c349872d66,2026-02-03T09:52:57.764684,-26.18536376131306,28.05963574698583
ffcc53dc-0908-4c22-88d4-0c09f4ef3570,2026-02-03T09:52:58.764684,-26.21513520096586,28.04791480168206
571a771c-da6e-414c-8da0-3ea330016948,2026-02-03T09:52:59.764684,-26.215572686089676,28.065464942337133
eab94d3e-a548-4d56-8ec7-a411b612baf7,2026-02-03T09:53:00.764684,-26.184117459560944,28.05597186134751
2c7a2db0-59e5-4668-a59e-4f656ad5501d,2026-02-03T09:53:01.764684,-26.185124752703825,28.037451959891346
9f47a005-46a7-4af3-8273-7d40840914a0,2026-02-03T09:53:02.764684,-26.19658681903838,28.05078704599296
ea951a4b-a1fc-4838-be2e-213a6ba1d70a,2026-02-03T09:53:03.764684,-26.18715489604829,28.03250719486666
4ce2e184-ff91-4623-901a-4f8b97472145,2026-02-03T09:53:04.764684,-26.186863520591647,28.04888841540143
c56df87c-b480-4545-ad0a-234021835234,2026-02-03T09:53:05.764684,-26.221236793503053,28.066329640548986
e9eb497f-64fa-4c17-a862-f0bebdc59fe1,2026-02-03T09:53:06.764684,-26.184982037728712,28.0424698203818
f40e8cce-d6b0-4545-8c19-ad90195f78b4,2026-02-03T09:53:07.764684,-26.20222711589515,28.029996936007045
aea27283-ab80-4e94-bd4f-035e2f69c2e8,2026-02-03T09:53:08.764684,-26.206922625486726,28.05300932915886
329608c5-08ee-49d4-8b58-46c5781102dd,2026-02-03T09:53:09.764684,-26.193845009881173,28.044886124364336
134c26ed-297a-4fcd-a7e7-a11b4f171a60,2026-02-03T09:53:10.764684,-26.212086566356508,28.052016607229476
2edf6814-bb27-4b52-a500-05674f309088,2026-02-03T09:53:11.764684,-26.2156924290914,28.06429213504262
66d71aa6-9d01-4d8a-ab89-354690984d37,2026-02-03T09:53:12.764684,-26.197611065034234,28.053049915129595
61214318-992e-4cd3-924c-e987e2ab703e,2026-02-03T09:53:13.764684,-26.19512695722256,28.05686159460237
a4fc8471-9bf7-437a-ae3c-c66b7da46ed6,2026-02-03T09:53:14.764684,-26.21269143107934,28.038436489038645
15fc981f-0b79-4b50-9bd2-654cf72d3158,2026-02-03T09:53:15.764684,-26.21884895194582,28.058166403522737
c0f2969f-1b6f-4d4c-b879-efa3eb171e61,2026-02-03T09:53:16.764684,-26.206061276667846,28.04742314139465
0f2d90a3-f088-424d-9bb6-8f0f089edad8,2026-02-03T09:53:17.764684,-26.20278355322577,28.03192078050175
e73da5bd-8b8c-4bbc-94f0-c11e1e8f69f8,2026-02-03T09:53:18.764684,-26.21776499538883,28.064715400596175
2f61bf62-99e0-425d-a7db-3d7b347dd364,2026-02-03T09:53:19.764684,-26.212388043298205,28.057475308596636
51ebcbc4-1a54-49f5-80ae-7f41af5a860c,2026-02-03T09:53:20.764684,-26.199989073333626,28.058250792987618
b80e8652-edb9-4ef6-83fd-ec00e4187879,2026-02-03T09:53:21.764684,-26.193275451543347,28.05890595731445
79b30c1c-9b6f-4080-a359-7c7538062f9f,2026-02-03T09:53:22.764684,-26.221813891228237,28.049075783997502
d80cdf6d-e59c-4f69-abdd-d82659f5b124,2026-02-03T09:53:23.764684,-26.201090528820437,28.064630427454965
e2150ffd-f75c-4bc2-9b79-0df934dd33bc,2026-02-03T09:53:24.764684,-26.19024838201052,28.05189994182011
5b2c7c42-7f6a-4fba-a9e3-5438d23e95d9,2026-02-03T09:53:25.764684,-26.187955199263303,28.054954285943914
2e6b69ae-0c30-43ae-9772-8aa2e44c17b5,2026-02-03T09:53:26.764684,-26.19177408394943,28.048264977538793
b497c670-ffce-44cb-bd08-3f990db859fc,2026-02-03T09:53:27.764684,-26.198959160830388,28.036324173201265
29a46802-93fc-4431-9c58-afcf26d29e72,2026-02-03T09:53:28.764684,-26.203568711351984,28.034516689764693
2cd6cc5f-8d60-4473-9c88-bef798f6140d,2026-02-03T09:53:29.764684,-26.200058626500738,28.028522487527244
fd5403d8-407f-4d44-833a-fc9d778cb741,2026-02-03T09:53:30.764684,-26.208768163758204,28.029186014238846
f1d7d5ba-99d9-4504-87aa-a388a43a0c75,2026-02-03T09:53:31.764684,-26.211444936413116,28.056098916521634
d5dcd464-2620-4ead-b60c-981431524203,2026-02-03T09:53:32.764684,-26.187229206430235,28.034809231174748
fec61801-4997-4d2a-862b-1864e1246468,2026-02-03T09:53:33.764684,-26.188823383505344,28.054527726596476
931ac277-0a80-44ee-88b5-25a32dbd9e1e,2026-02-03T09:53:34.764684,-26.223836010537052,28.05343381361054
1edbaa88-2f25-4771-bf3f-a9a61b9fe68f,2026-02-03T09:53:35.764684,-26.211885454916434,28.060859844255717
740269a6-1cda-4b4c-b796-fb98a030d1d8,2026-02-03T09:53:36.764684,-26.20933898900745,28.027424401779573
ce48d150-8869-4242-afe0-3dda74455f39,2026-02-03T09:53:37.764684,-26.208419832834974,28.067069629473846
6801cfb5-45b9-4801-8234-04b65aaf99c6,2026-02-03T09:53:38.764684,-26.206733784461797,28.033616285103328
03383136-497f-4e7f-895d-38986525e184,2026-02-03T09:53:39.764684,-26.19779436256529,28.028183330301104
ffa65e2d-c813-49e3-b6ed-b714fcb1bcd7,2026-02-03T09:53:40.764684,-26.192735824792646,28.04398961122911
22b66dd0-9b9a-4634-a937-5c7e7e7ae54b,2026-02-03T09:53:41.764684,-26.208398061950483,28.041134544787695
b23d7597-1888-4c1a-be44-c367e5e22499,2026-02-03T09:53:42.764684,-26.18653569391408,28.05059848271493
d8f40680-8790-425a-8aba-821275269194,2026-02-03T09:53:43.764684,-26.190356532258704,28.035873953396642
2147bd2b-f565-419e-84d8-c24611390923,2026-02-03T09:53:44.764684,-26.193586873821424,28.062592043946065
39a051f8-ce8c-4ad7-b77d-f75aa734418f,2026-02-03T09:53:45.764684,-26.194105632465746,28.028928264900184
f1c36152-d646-4bd5-a46e-147a4752d94f,2026-02-03T09:53:46.764684,-26.20227861581849,28.06099591946014
6d52109d-35c8-4997-ae42-f39ac632f51d,2026-02-03T09:53:47.764684,-26.200188462211905,28.060318668646147
1bd3e2ee-5c6c-440d-8610-37c0f36cb08d,2026-02-03T09:53:48.764684,-26.190330101409096,28.044379845849175
62d7b025-ee22-44e5-bcf1-6ecfd4ec9798,2026-02-03T09:53:49.764684,-26.19540510018844,28.041897589561056
3192e45a-646e-4b34-8c83-9ae8f352f9a4,2026-02-03T09:53:50.764684,-26.21268041305735,28.06231899332378
95c3590c-c5c6-4c61-8443-51f7fb5d8a19,2026-02-03T09:53:51.764684,-26.20923368514586,28.056324194037963
2dab3a4b-1712-4eb7-9b62-840cf126a194,2026-02-03T09:53:52.764684,-26.206105529448966,28.047230940697567
09ffbf93-c156-44c5-a686-78039709305c,2026-02-03T09:53:53.764684,-26.19261902592898,28.0615031673633
009ad212-a55a-467c-935d-25cfa437481e,2026-02-03T09:53:54.764684,-26.21620061977516,28.058807470271827
367a5fca-6ea1-4996-b834-f8600d9fa50b,2026-02-03T09:53:55.764684,-26.210778616272883,28.05705186399533
dfe7b15f-10ba-4339-98f1-f9550a78737b,2026-02-03T09:53:56.764684,-26.19778313068693,28.063492075458484
5dfb5142-4512-4622-9b01-62f6beb15af7,2026-02-03T09:53:57.764684,-26.18805698886203,28.04562198397658
43582f94-4c90-4508-af79-9933112ce6c8,2026-02-03T09:53:58.764684,-26.186325262557673,28.048249148846047
7fa06de1-3af2-458e-a1c7-b8ad4c26f733,2026-02-03T09:53:59.764684,-26.22319941926817,28.03447922431795
3ebf7688-36d1-4a21-9253-fc6c7925122b,2026-02-03T09:54:00.764684,-26.1906614251986,28.06623145625085
b472f364-4aee-4427-96d0-51b863ff1404,2026-02-03T09:54:01.764684,-26.199738456849243,28.04221786958189
2e3d0b98-b4c5-4af7-9b05-cac60a6fca4f,2026-02-03T09:54:02.764684,-26.196280134855847,28.038298028561464
7417f823-7464-4e29-aa15-97540551c128,2026-02-03T09:54:03.764684,-26.18916446726851,28.04709068034307
3d719334-fa9f-46a5-a76f-62bcedd8f041,2026-02-03T09:54:04.764684,-26.193592885914292,28.04902636048775
d72f06a4-0bc1-4696-b567-460e24230e7d,2026-02-03T09:54:05.764684,-26.19651715492625,28.02882044293581
fa25e736-e383-4ea1-884c-cd9157f95870,2026-02-03T09:54:06.764684,-26.220757876026926,28.053223297080205
e45802cb-60a4-46c0-bd23-0351bd7f2835,2026-02-03T09:54:07.764684,-26.223652211069236,28.03008240426895
30fd099a-70e6-42b7-8e66-4ac216779d03,2026-02-03T09:54:08.764684,-26.216650451040685,28.059788375857757
81ef9266-e9b1-40e0-a14e-59cadb4d35dd,2026-02-03T09:54:09.764684,-26.189034072820974,28.032514133061746
261d25a9-f34e-4178-8059-93b27f094b74,2026-02-03T09:54:10.764684,-26.193715377973742,28.03894925874638
d13a021e-d5c7-406e-953d-e47582e54768,2026-02-03T09:54:11.764684,-26.20355240654379,28.060439843546813
a4bb0b3c-a1b0-4a31-a807-ff9fbcc226e9,2026-02-03T09:54:12.764684,-26.191207519294977,28.065878232102154
8e5b0e7f-12a0-4ecb-9980-b13eb4c9d89f,2026-02-03T09:54:13.764684,-26.21589007300896,28.04997566759345
fd5def91-395a-485d-93a8-538ecb692a41,2026-02-03T09:54:14.764684,-26.210107984322242,28.05533092784101
8987a545-040d-46d3-973b-525ae988c32c,2026-02-03T09:54:15.764684,-26.189561897912107,28.028288677937283
e48a7db7-08dd-4505-bac6-f094c0a8f9b3,2026-02-03T09:54:16.764684,-26.198693566054203,28.048767173199195
cdda68ec-4a2b-4949-98a4-a80b3907fd6f,2026-02-03T09:54:17.764684,-26.205030741786516,28.032842054383174
03fd234d-ac8e-4b93-bbcc-6d2c2a8e6d57,2026-02-03T09:54:18.764684,-26.20560494009968,28.035341599436318
b3a25190-71de-4a24-8ead-e332afab9962,2026-02-03T09:54:19.764684,-26.193518658253502,28.066072501105154
b5e48b2c-4fcf-4fec-84e3-59cedebf948e,2026-02-03T09:54:20.764684,-26.212604522173706,28.051508296705506
b5041878-7e1e-4a47-a9eb-4a4491aaadb0,2026-02-03T09:54:21.764684,-26.192702120605375,28.027346099110346
3997213c-6a37-4d6a-bdab-f3eb3398ae8c,2026-02-03T09:54:22.764684,-26.197974126766166,28.05606083669899
26025e73-6feb-4bc6-ab74-0d83a986ed95,2026-02-03T09:54:23.764684,-26.215592666542538,28.067196599845374
233e1f5d-7673-4d29-9a7e-6936f01217ec,2026-02-03T09:54:24.764684,-26.21427112603586,28.0368399945945
98c63738-486b-4b06-a193-1413f364b5b7,2026-02-03T09:54:25.764684,-26.221183329199132,28.033896781033796
8bd7f381-6896-4bc7-8cb6-2a9a6f20eb80,2026-02-03T09:54:26.764684,-26.204945741389533,28.05532528904462
9f9cb609-d6d4-46b8-8120-dc12fda7d26e,2026-02-03T09:54:27.764684,-26.21895021309725,28.03919384372196
8e140742-5a99-4098-8c55-03fe9ad66d5c,2026-02-03T09:54:28.764684,-26.210659500607505,28.06406215385341
fb9a054a-802d-451e-921d-2fcb2547c8d5,2026-02-03T09:54:29.764684,-26.2215498391407,28.033272754619347
60d8eac6-3b16-4671-9e3e-48334a1fccdd,2026-02-03T09:54:30.764684,-26.21090295181568,28.060579827700828
6271a4d5-143f-4703-8b63-e6f50a6eb22c,2026-02-03T09:54:31.764684,-26.19904968201945,28.035011003738525
5b58b2c2-1c17-4eff-be2d-455824503566,2026-02-03T09:54:32.764684,-26.196123134226596,28.061243898934755
c116700e-339b-4fd1-a3a7-56d38667969c,2026-02-03T09:54:33.764684,-26.186461606051207,28.061073655259356
190f56db-3231-4e1d-b558-7e5bacc70e16,2026-02-03T09:54:34.764684,-26.204266158996727,28.058504600949025
ab271cf5-00e5-4550-ae01-5794fc57b953,2026-02-03T09:54:35.764684,-26.193161059215036,28.037045735132846
cc1c29d1-8b86-491f-bb73-1470d1d96f58,2026-02-03T09:54:36.764684,-26.187321337608683,28.045711619913952
420d6d73-f30c-4acf-a6e4-784e679c854c,2026-02-03T09:54:37.764684,-26.215727864011928,28.03376064395693
64c1fbf2-70de-40a0-a40f-83a6d5093370,2026-02-03T09:54:38.764684,-26.18835914725838,28.03275766071267
d4666cf0-fb1c-4449-87e0-c4816f1830c0,2026-02-03T09:54:39.764684,-26.20912385840112,28.047587627016206
b3e5464c-e76b-4211-a025-302cdd164284,2026-02-03T09:54:40.764684,-26.185887488330394,28.06302195622296
fb61001f-5727-4edf-97b8-3a199cc565de,2026-02-03T09:54:41.764684,-26.209219110014782,28.028737565879762
ea94881a-1aa6-4db9-ba44-dabd73275978,2026-02-03T09:54:42.764684,-26.18861748959029,28.04372059631195
e25a1c24-a67f-4894-97c0-6f36ead069bc,2026-02-03T09:54:43.764684,-26.21751951737153,28.045774644128784
83021768-9c9f-4755-89e0-990d1c125128,2026-02-03T09:54:44.764684,-26.197880223681057,28.066610147794208
c44460a2-9900-4d7a-8aa0-952166fc14e3,2026-02-03T09:54:45.764684,-26.197788891586868,28.041976870969886
e0dd56ed-19bf-4f42-bf7d-254f8795b9e8,2026-02-03T09:54:46.764684,-26.194122888331773,28.03749793805782
861bb0fd-22c6-49c2-836e-3897c2c38a34,2026-02-03T09:54:47.764684,-26.21990027480738,28.052446225289547
007992d9-a982-49c8-8d94-eaadf0de63c3,2026-02-03T09:54:48.764684,-26.188760497059253,28.05961506659082
6f902bd3-a343-40ec-9d76-212f2988b29b,2026-02-03T09:54:49.764684,-26.20867511604086,28.03675206272088
99bc307e-9f83-43a1-8fd5-203d47908fc9,2026-02-03T09:54:50.764684,-26.221752314414175,28.046998037193177
b447cfc2-d725-417b-8f15-5ff2d8e9a533,2026-02-03T09:54:51.764684,-26.214163451504835,28.034680603206958
1fc3cf87-bcd7-4d9b-9d80-5273c109c0ef,2026-02-03T09:54:52.764684,-26.216177698506247,28.04610386304349
e73a9db5-c272-4fa5-8b71-9b9bfacbc11f,2026-02-03T09:54:53.764684,-26.21966059307482,28.03240893981363
ddbe81c8-3dcf-4a8b-8cf4-e5d999b44c87,2026-02-03T09:54:54.764684,-26.18850283862634,28.059767531852206
45be7002-fc58-46ec-86b2-21f00719eb3f,2026-02-03T09:54:55.764684,-26.19023305410646,28.04748520302866
ab547e37-926d-4143-8030-92994aaf8d11,2026-02-03T09:54:56.764684,-26.199325194089333,28.065659039660567
bc8e21b4-941c-4679-8700-526a3a85b92b,2026-02-03T09:54:57.764684,-26.188469399270875,28.0653705239619
7c39beb8-0ecf-4ada-902c-ffe114d4b6a4,2026-02-03T09:54:58.764684,-26.22087829944456,28.04460230427501
5663536d-41f7-4425-8939-bcdd39190666,2026-02-03T09:54:59.764684,-26.19834263969456,28.047890013007528
523994c1-ebf3-4979-8372-f1a4c86269c5,2026-02-03T09:55:00.764684,-26.198108193118898,28.048304405101444
ceb68ff3-f6d0-4a59-b67d-094a197d1f09,2026-02-03T09:55:01.764684,-26.190418624641378,28.04449692618553
c31a45e8-4d85-4c84-9696-6470d08dbbcb,2026-02-03T09:55:02.764684,-26.21541687430872,28.036270394415382
a736820b-8dfd-45cc-94e6-0acd4406d906,2026-02-03T09:55:03.764684,-26.19729440365464,28.05595334047653
07666e83-a780-4afe-ad42-c307fa095be9,2026-02-03T09:55:04.764684,-26.19390261375916,28.0646529799271
50e23f47-888a-4257-98af-b9ca6ad7174b,2026-02-03T09:55:05.764684,-26.2202118169286,28.03006208694078
a49704ef-7e19-4564-b5a2-a813bece28d8,2026-02-03T09:55:06.764684,-26.212972999273507,28.065054316889896
b215b13c-db49-4d82-bbc2-2cceb6e19b49,2026-02-03T09:55:07.764684,-26.193838221121833,28.06265665387965
43e1ab4c-d9ff-4a2a-9a2b-10847b5c0bf9,2026-02-03T09:55:08.764684,-26.194854369590413,28.03669551930631
2976e37d-d37f-4081-bc1c-8108fb73e13d,2026-02-03T09:55:09.764684,-26.19730555832977,28.05614399464161
8e265175-e278-4662-bc63-8bf975404515,2026-02-03T09:55:10.764684,-26.209978432764743,28.055064004974806
f76ecefc-24be-4da4-b513-e6554566dc15,2026-02-03T09:55:11.764684,-26.19111095874265,28.03770855328193
64b8e319-b297-4c37-984e-c94fcc4bb7ce,2026-02-03T09:55:12.764684,-26.186648373202235,28.06484100974218
86391ff3-35fd-49ad-94b7-51d4127c2567,2026-02-03T09:55:13.764684,-26.2037091736722,28.06382433397177
bfbba4e6-e3a4-42c8-9096-56a6c88ff604,2026-02-03T09:55:14.764684,-26.198214708177712,28.064379265578452
59eaf746-2569-4c9b-849e-3b3a3a08f478,2026-02-03T09:55:15.764684,-26.2012568782834,28.06228946038811
03874a02-b17d-457a-87cc-1f4455283d0b,2026-02-03T09:55:16.764684,-26.198042390419108,28.043710963495112
5736c4c8-63d0-439d-b9b5-332378f4f9bc,2026-02-03T09:55:17.764684,-26.190750060454086,28.03330037511516
e7b37130-da6c-48c6-90db-98ccc010b9be,2026-02-03T09:55:18.764684,-26.196814256179692,28.02730420402929
8b84c7d2-e0cb-4dd7-b3fe-f5f6f9bb54a4,2026-02-03T09:55:19.764684,-26.199709450872493,28.059827339645583
1beeac43-e7d2-4936-a152-9a182f505d0b,2026-02-03T09:55:20.764684,-26.189576558946925,28.039765974383137
bb29c599-d679-4cb3-b55f-6830c00e6c62,2026-02-03T09:55:21.764684,-26.191262803068142,28.051702771267827
a04d57d5-5db4-4e1c-a90b-352a476c1a4d,2026-02-03T09:55:22.764684,-26.21425558360708,28.03886705028524
f6f52976-9224-44ef-823e-3c3e45049654,2026-02-03T09:55:23.764684,-26.18738051908851,28.0422750326502
c27e6d55-1295-4ded-956d-226c962e4fbf,2026-02-03T09:55:24.764684,-26.194763716804157,28.03958905831492
9aba7d64-5b90-4390-809e-d8f434a1d153,2026-02-03T09:55:25.764684,-26.190448782073016,28.028161577201292
b956e8d5-4622-423e-ae17-cfdd97c59285,2026-02-03T09:55:26.764684,-26.221043861349237,28.065733153081357
2b85d622-e823-489a-a86b-58734fbc3cc4,2026-02-03T09:55:27.764684,-26.194854801540043,28.038934035119755
53ac3214-4763-4725-b3c7-b1b93fa33d56,2026-02-03T09:55:28.764684,-26.219920553623396,28.04569944708312
45fd5da2-6619-4c4b-b917-7b9c7db989a8,2026-02-03T09:55:29.764684,-26.18726088021186,28.059878765887397
cc7dd543-e966-4abb-b93b-380dbf9b2e82,2026-02-03T09:55:30.764684,-26.186283418007296,28.05823148321605
78309503-4346-4c4f-8819-68e9819d9f8f,2026-02-03T09:55:31.764684,-26.212456391890367,28.063715693548218
d7bb8cc3-e185-4927-bd6b-553a316008ba,2026-02-03T09:55:32.764684,-26.190700622630057,28.040761232433542
ae85c3e1-748b-42a2-8678-dc6b158296de,2026-02-03T09:55:33.764684,-26.205454775066837,28.045335278831804
70f969bc-f1ea-4f07-b5a5-399a8e62d64e,2026-02-03T09:55:34.764684,-26.217209778264507,28.05739250645983
1ecfaaa6-73b6-4441-a0c9-06691779c35e,2026-02-03T09:55:35.764684,-26.185646495668795,28.031758031586502
4f337691-448b-4bf6-ba09-6822db7be349,2026-02-03T09:55:36.764684,-26.208436415182423,28.02822028682733
d49f346d-f3f1-4021-b0d4-bc6e1107d4f7,2026-02-03T09:55:37.764684,-26.192141078860768,28.029142115455176
65e4ac15-c2aa-43fa-a26b-8820f44e55e0,2026-02-03T09:55:38.764684,-26.205563564715,28.034236479269556
9b0eb30b-9dc0-44aa-bfcc-1ee248834469,2026-02-03T09:55:39.764684,-26.214368168528786,28.042900735640934
5eb45399-ea56-45bf-8558-c7399bbe10f1,2026-02-03T09:55:40.764684,-26.200535831711324,28.06652522535544
dbdb270f-7dc4-4a54-909c-b760363c35ff,2026-02-03T09:55:41.764684,-26.221009476168486,28.045887924131605
b1813955-92de-4190-b859-72637174aaab,2026-02-03T09:55:42.764684,-26.199585689918546,28.0572531978858
f56c96d2-dabf-4c95-80ae-78a8a7383f76,2026-02-03T09:55:43.764684,-26.192786322643034,28.06577433699247
058ca656-d1fd-4609-b93a-9c3860018a4b,2026-02-03T09:55:44.764684,-26.21535549884991,28.05588998693748
f4d8bddc-344b-4481-9fc7-31c8b90e7a4d,2026-02-03T09:55:45.764684,-26.190910493861157,28.063831802249307
bd2647cb-23fb-48be-b998-aaf05f6891e0,2026-02-03T09:55:46.764684,-26.215567757206497,28.03834567149736
0d5041cc-e82e-4286-b2d9-dbf4427cc4bf,2026-02-03T09:55:47.764684,-26.19125578965539,28.059374184520372
01098063-1a19-4473-bb5c-48f701ec8298,2026-02-03T09:55:48.764684,-26.199599376903308,28.03590144830353
08cadd00-d3a4-44e5-bbfe-eba7b8d3660e,2026-02-03T09:55:49.764684,-26.198702084113307,28.035198060296935
7771b2d0-8753-41ee-817b-b26826ed9258,2026-02-03T09:55:50.764684,-26.223587024451177,28.05534941722378
23fccef3-a1a3-4c09-aba3-91897609e612,2026-02-03T09:55:51.764684,-26.188913773122707,28.06241630423126
9aafc676-b90c-4063-b71a-0b3fc5f38d9d,2026-02-03T09:55:52.764684,-26.22071483985848,28.029944796917906
f6947234-6436-4556-9e27-d8813c553bf9,2026-02-03T09:55:53.764684,-26.194175636611813,28.06553848580378
2460452c-79eb-46fe-8f32-99702d8e6223,2026-02-03T09:55:54.764684,-26.22020969060172,28.065869650788095
3137288a-9830-4c4f-9fce-7340ab6ae2e3,2026-02-03T09:55:55.764684,-26.204255621622103,28.061580283528144
9915a4fa-69db-4487-8301-d362b162b878,2026-02-03T09:55:56.764684,-26.207729967392087,28.0601043311825
f0c4735e-5fa6-4bfa-9089-d14eb36c6d09,2026-02-03T09:55:57.764684,-26.208526521419145,28.050159531213623
c81aef0e-f5fc-4fbd-89b1-9fdd5cf26d07,2026-02-03T09:55:58.764684,-26.21204067689549,28.03473077411468
35645c39-3b32-40e3-92fe-bc2b10e26a8e,2026-02-03T09:55:59.764684,-26.2108484864343,28.032374274048355
4c829bf7-138e-4233-98af-51b2f526b1ab,2026-02-03T09:56:00.764684,-26.197604252615406,28.04763331725301
ade408f9-61da-4590-b300-ab94ffd100b4,2026-02-03T09:56:01.764684,-26.205272090842616,28.055368525274268
790bafc1-e664-4975-a9bd-b02581f51d35,2026-02-03T09:56:02.764684,-26.21175704361812,28.040062656849212
e0c4a41f-3ce0-47ef-ba63-5b94b64a0b4e,2026-02-03T09:56:03.764684,-26.20889748542021,28.041474465327376
ba5c3e4f-c08d-4f4c-8837-4472bfc387b7,2026-02-03T09:56:04.764684,-26.216349645828775,28.048598115519912
3dc060b3-594f-4755-a2b9-27d0cf1b472f,2026-02-03T09:56:05.764684,-26.218057400702836,28.040266812031753
84a7bf3f-a1f6-4889-b9cd-23d105214d08,2026-02-03T09:56:06.764684,-26.21550247675077,28.034567905048025
b3040f21-3e58-4223-90f0-cd517f096d55,2026-02-03T09:56:07.764684,-26.18936627998408,28.05874913445053
31dc9890-7170-4ca4-818c-4c2c3921b2b1,2026-02-03T09:56:08.764684,-26.22239063761372,28.0564545865133
064ca536-ccae-4c02-bcca-db62f9a66fea,2026-02-03T09:56:09.764684,-26.22310796775454,28.041109641024228
17851c06-e601-4494-aaff-ff9d4a8edc56,2026-02-03T09:56:10.764684,-26.193774953274062,28.03525349096351
61296ab1-77d7-4d1b-af9b-86e27abb4cc0,2026-02-03T09:56:11.764684,-26.206799889517765,28.033382670215754
a6752744-f756-4ba1-8d02-aae38f29d14f,2026-02-03T09:56:12.764684,-26.18512728988272,28.027432534173695
dacc1603-d7d6-4a45-8dc7-6dfb6ca46444,2026-02-03T09:56:13.764684,-26.192330117225737,28.049898926156786
1a71eb65-4821-442f-9d7e-eb066b4982bc,2026-02-03T09:56:14.764684,-26.18490999519001,28.06460128945968
9ab92451-fce7-49d5-8eed-0aa17b55e9f0,2026-02-03T09:56:15.764684,-26.194068292732208,28.031441439753763
311841d8-f192-4635-a90b-3889c133bb04,2026-02-03T09:56:16.764684,-26.214672941229352,28.051897072855215
d56495d4-a385-42c3-b4d6-c685623de5bf,2026-02-03T09:56:17.764684,-26.220322432467007,28.055052016217257
2a3701a8-4554-47e2-b26e-a0fa9967935f,2026-02-03T09:56:18.764684,-26.192205508609945,28.032269312882796
b660e850-ece1-4e81-b1c1-612bb5a659ca,2026-02-03T09:56:19.764684,-26.21818324014477,28.02777938870716
33e8a170-c56f-43eb-944d-94c2a4f164d5,2026-02-03T09:56:20.764684,-26.202725871642794,28.03476984321278
32ab10a3-52cd-4e18-89dc-6ea36741e3fe,2026-02-03T09:56:21.764684,-26.21466528598395,28.054829573157708
776b2db7-745d-4b91-a503-b67a465e3646,2026-02-03T09:56:22.764684,-26.219415394219062,28.045181481924693
aa6da0b8-888d-4262-bd40-2840ff2c933e,2026-02-03T09:56:23.764684,-26.207359300486235,28.048183820239707
3eca6ae2-cc46-4df9-88ec-3264ac5ef3d9,2026-02-03T09:56:24.764684,-26.185564920765685,28.04967270633036
71cb5560-88b9-4f5c-a8ff-42bfbc6e44ac,2026-02-03T09:56:25.764684,-26.195679759556747,28.052422637545895
9fa5e8e4-d638-43a8-81dd-09222edce025,2026-02-03T09:56:26.764684,-26.198395301700998,28.060399722722618
6d579c01-2af7-42ac-bc39-bd623a2268b7,2026-02-03T09:56:27.764684,-26.1861102561463,28.051326838511077
14b08d1f-fc59-4a81-a766-b9649febdbef,2026-02-03T09:56:28.764684,-26.218728820956766,28.04447278474423
daf4ae76-8d85-4368-9457-240a8fe8b6eb,2026-02-03T09:56:29.764684,-26.220475864989044,28.06094768174904
bcd459cd-34b3-4726-a2fc-939d18166c22,2026-02-03T09:56:30.764684,-26.201341409463005,28.061672504120818
c2cbb732-3c19-4ebe-8491-6ec246e368bf,2026-02-03T09:56:31.764684,-26.21643651203444,28.05287557497824
06affe64-0b2a-4fec-8e7a-2517680ba9a3,2026-02-03T09:56:32.764684,-26.20014518370634,28.055835247689426
957419d7-fd24-423f-b7a3-1ec875fa486d,2026-02-03T09:56:33.764684,-26.194673835841208,28.059831488475954
fe002403-622f-4180-9234-d2d94ad76fce,2026-02-03T09:56:34.764684,-26.214465934581156,28.060495404511165
5a631ae5-808d-44a2-b8c5-f286bfc65b35,2026-02-03T09:56:35.764684,-26.208188716210532,28.056795963498995
681dcf7a-51a9-4552-9a73-c2394752aac8,2026-02-03T09:56:36.764684,-26.189850960702643,28.053334485703353
5c8cc34b-2e80-4330-8da3-da82c959f1da,2026-02-03T09:56:37.764684,-26.18527468665984,28.03035529938456
d65dc525-6ba9-496b-ad4f-3c540ab7bf45,2026-02-03T09:56:38.764684,-26.216873783114618,28.039696749578017
26c88d04-eda3-4b34-8009-91d898ea5ccd,2026-02-03T09:56:39.764684,-26.219745390849212,28.03269170420464
fbd11930-f2c3-47c8-9967-539484851faf,2026-02-03T09:56:40.764684,-26.19151378799248,28.03674058846795
b7779cb9-bfcd-4f2d-8a22-931a9fc949f9,2026-02-03T09:56:41.764684,-26.19922071818923,28.05908582611609
73b26f19-e59b-40bc-a661-08b24854f743,2026-02-03T09:56:42.764684,-26.19380533278405,28.042136802645846
32ece306-4b17-4bd7-a094-0008ef895d73,2026-02-03T09:56:43.764684,-26.220551492451836,28.051245684365224
7cf04c0d-8b1c-4bc8-8a66-d1822ecc17cd,2026-02-03T09:56:44.764684,-26.197858913679674,28.039140232896045
89fcd510-cbd9-42dc-9602-aae8aae613c1,2026-02-03T09:56:45.764684,-26.184240091651123,28.053449692526762
9b1c9007-f285-4d7d-8900-313f2acacbd2,2026-02-03T09:56:46.764684,-26.20680622488966,28.051928482890485
3fc81fb9-2455-48c6-8a2f-b419bce4291a,2026-02-03T09:56:47.764684,-26.221757579147525,28.037431386780455
f8f698d3-facb-4ba7-9a68-2acc8cc139a7,2026-02-03T09:56:48.764684,-26.204923468898308,28.060806873766136
5ff44f4a-9fed-466e-bb94-eb6bc003d244,2026-02-03T09:56:49.764684,-26.208008360534915,28.051956230348072
dfe0e76e-e73d-42f3-aa3a-29cc9ecd4a05,2026-02-03T09:56:50.764684,-26.217935425207735,28.053987372657854
db5c9355-20aa-44ea-8ba3-630be58c81c5,2026-02-03T09:56:51.764684,-26.189455964688026,28.057423343556955
c86a9812-49e5-4247-840a-ea5a0cc0c1fb,2026-02-03T09:56:52.764684,-26.21563056211192,28.04341725729987
6e6b0acc-4cac-4081-bf2d-aa30526a49ae,2026-02-03T09:56:53.764684,-26.20600959164321,28.034101374300178
d4a2555b-ac3c-4431-82b9-6c287497c2cf,2026-02-03T09:56:54.764684,-26.200264704406596,28.03999094002882
90da59b8-da1e-469e-b830-0c1c80b63211,2026-02-03T09:56:55.764684,-26.205462617019887,28.04438517203361
dca11f8a-6f6d-4e73-b20a-5b28897d5127,2026-02-03T09:56:56.764684,-26.209652636303797,28.0583209918479
42ec3b1d-d3b4-4fef-b676-9b144d631d5b,2026-02-03T09:56:57.764684,-26.19910020862004,28.046378239358756
9cf3aa15-b70b-44cd-ac24-9b2d5d1b315c,2026-02-03T09:56:58.764684,-26.199060477475793,28.06070311589758
4f87aa57-6d28-4d78-bb26-67f5335d9e44,2026-02-03T09:56:59.764684,-26.19799620201996,28.04719519939479
37623cb8-9262-4861-b5db-fa934ed87b6e,2026-02-03T09:57:00.764684,-26.209098584900065,28.057894460614513
f83cae35-28d4-4ebb-8dae-1570cb7ccfd2,2026-02-03T09:57:01.764684,-26.223657370449953,28.050153633444225
e6803875-10fc-4ebb-87bb-5e39dcc6aab4,2026-02-03T09:57:02.764684,-26.184735201259155,28.04864026086068
b48d37ba-e342-45e5-b61c-574cb4f4926d,2026-02-03T09:57:03.764684,-26.19089012080968,28.05225706175312
a0079e91-bf58-419b-bd27-1edaee8e392e,2026-02-03T09:57:04.764684,-26.209504388793107,28.067288730177555
c123d978-0c1b-4934-9c26-0b0c68311c56,2026-02-03T09:57:05.764684,-26.20420018552607,28.0302255284333
b396e211-05f4-4d3f-b8a7-1dfc8f5f2d17,2026-02-03T09:57:06.764684,-26.202187675441692,28.052758736728777
9cee70b1-5b79-4df8-9948-bc43b8616a60,2026-02-03T09:57:07.764684,-26.196701366813894,28.066430676555836
d3846f39-6097-4cd9-8f7e-34cd67ad2012,2026-02-03T09:57:08.764684,-26.206504295838187,28.02996558728531
b39315e2-e03b-4cbb-b276-b1bc7542dc27,2026-02-03T09:57:09.764684,-26.207436736866214,28.03903166842093
51d6946c-0caa-490d-b62e-72c609ecbae0,2026-02-03T09:57:10.764684,-26.21195541945644,28.046052520677165
7e82acfc-b123-4e00-8ef0-729cf6f5087c,2026-02-03T09:57:11.764684,-26.217036141486755,28.05744189283538
da4c31db-0bf3-45a3-8a61-7f70b2f5d233,2026-02-03T09:57:12.764684,-26.200851237209136,28.051749771982784
ef2f8853-8399-41bd-8c16-83874078e563,2026-02-03T09:57:13.764684,-26.189555589105748,28.036028357757928
ffb2350a-b5d2-4068-b27a-02a5e8d1d3d8,2026-02-03T09:57:14.764684,-26.223695109619424,28.046746310761744
619f2b02-0326-400d-8ad8-58a24202ed26,2026-02-03T09:57:15.764684,-26.18610551530922,28.043708029928087
2c0c1371-f1ec-4b20-8a6f-319f292d27fa,2026-02-03T09:57:16.764684,-26.221334490812822,28.03353355060728
142d3be1-bb0a-4a00-afff-a34f6ed05773,2026-02-03T09:57:17.764684,-26.215738006102026,28.040180255826463
a2d1e5bd-468d-416a-b2b1-3caa2565cb20,2026-02-03T09:57:18.764684,-26.20679780967266,28.054576144758876
591f2c21-9d8e-47ed-8cfe-0c337058ca64,2026-02-03T09:57:19.764684,-26.20581650700769,28.04241316197331
71a2e4cd-a4d7-4488-aa6a-2050c4163335,2026-02-03T09:57:20.764684,-26.215993149765765,28.02937953679067
b941b1a7-6798-42a4-bf63-71dbf1927b6a,2026-02-03T09:57:21.764684,-26.20309323861576,28.03053966933243
e3d1a092-2eb1-45aa-a20a-99b334eed39d,2026-02-03T09:57:22.764684,-26.199896310354838,28.045998536689904
dbd29905-bbb2-4d48-8366-b7e649349f41,2026-02-03T09:57:23.764684,-26.213579707540536,28.043997739186008
d4af6e01-dafb-4000-ae00-2bf34837ce6f,2026-02-03T09:57:24.764684,-26.222635972981358,28.049726278046673
f153321f-1661-48f9-a4c9-04938ea95b2a,2026-02-03T09:57:25.764684,-26.22130544357752,28.032160835184666
72b5e2d2-2634-4b7e-a5f4-1263663756a7,2026-02-03T09:57:26.764684,-26.202940761858308,28.0618316347124
afde7cde-6707-4318-89f1-69cb54e611b5,2026-02-03T09:57:27.764684,-26.20042694334083,28.06370275169261
12f148b0-152e-44c0-b3f3-655d54406887,2026-02-03T09:57:28.764684,-26.19489299278674,28.060824692540002
8957e118-326f-48fc-a434-c2f1f3fff454,2026-02-03T09:57:29.764684,-26.197049265960416,28.05181669867923
05bc484a-3aba-44e5-8e03-a0137d807b1f,2026-02-03T09:57:30.764684,-26.215563843206084,28.054595106118178
b5c0e92c-b864-4cbf-92a6-fabe4316999b,2026-02-03T09:57:31.764684,-26.215218094611732,28.040884218933602
cc131c97-1c0d-4d1a-a126-7aafa36ad327,2026-02-03T09:57:32.764684,-26.207187664250775,28.02804893640441
40b368f5-17fd-4172-b184-6be3d31bebb8,2026-02-03T09:57:33.764684,-26.218985347443027,28.065422522133634
29e77a48-2c82-4e32-a6e6-6560b1c4f801,2026-02-03T09:57:34.764684,-26.216107076860464,28.04640959953892
0066fa14-9689-432f-a967-8d2349cd6e0a,2026-02-03T09:57:35.764684,-26.213855924914824,28.0495197335901
902874a0-8eba-4bfe-a89e-4ee0ce5d1a0f,2026-02-03T09:57:36.764684,-26.21718317831053,28.045504206637958
0b40dec6-dc5b-41b0-a70f-d3b050e573c6,2026-02-03T09:57:37.764684,-26.205232100498204,28.056423291741318
410195f2-0ea2-4f5e-88c1-1d161bc8195b,2026-02-03T09:57:38.764684,-26.192292402330708,28.02761333138345
bb406618-70cb-46f5-942c-a37b6ac5e84b,2026-02-03T09:57:39.764684,-26.187461187380435,28.03553969148533
87156171-c6d5-4b06-80db-d999dfbb79ba,2026-02-03T09:57:40.764684,-26.207715715716816,28.03239968567239
37edf354-e5dd-4782-9ac9-074ffaa3b247,2026-02-03T09:57:41.764684,-26.18717271131978,28.06149742836405
cf08a797-d6a2-42e9-860b-6123d2ca59cc,2026-02-03T09:57:42.764684,-26.184837081591887,28.02764092222546
2c73a7e4-a0c0-48e0-9ba0-e71f9131d31a,2026-02-03T09:57:43.764684,-26.197897359883605,28.058837350277717
b95ea447-0406-439c-9f4c-3c39505d8a53,2026-02-03T09:57:44.764684,-26.185060538851925,28.06343805881774
c38ac884-aac9-40df-9c39-8bc583a960f3,2026-02-03T09:57:45.764684,-26.213163308089214,28.04500612278794
40263353-9b49-41d5-8cdf-3c0aba87cd55,2026-02-03T09:57:46.764684,-26.20912858163548,28.03986095738814
5cc1f211-85f3-4a26-9ef4-0da6bb837d68,2026-02-03T09:57:47.764684,-26.202199394365802,28.047007714261333
e2a17c7a-63b3-4654-b9ef-b2179de3ae7e,2026-02-03T09:57:48.764684,-26.20616115894103,28.033158679551203
bbbaf25d-3984-415f-b050-706cf9ce02f9,2026-02-03T09:57:49.764684,-26.19354692436574,28.062863741381168
f6af8aff-752f-46fc-8438-90796f187ab4,2026-02-03T09:57:50.764684,-26.215926316034597,28.045010590227232
89f529fc-14ee-4a8d-8957-86aec528f746,2026-02-03T09:57:51.764684,-26.22114715690598,28.033613944183962
5f2dc1de-57bb-4713-92bb-41115f43dcbc,2026-02-03T09:57:52.764684,-26.2226011988906,28.038739849717036
3c3e307e-178c-4f68-8d9d-214d59b80a4b,2026-02-03T09:57:53.764684,-26.192068919274607,28.063977370548002
cf435a7d-3fa7-48e2-bec5-fbc0287f7e00,2026-02-03T09:57:54.764684,-26.191104067013768,28.028848300935728
75c10498-0429-499f-8c2e-0e8c63315ee7,2026-02-03T09:57:55.764684,-26.21715043160483,28.03573089538524
f22d63cf-c9a0-4f9f-95d0-7243639275f2,2026-02-03T09:57:56.764684,-26.21423669305488,28.052751048652766
b19a0ad3-5aa1-4d5f-9bf7-9706fd5e1c68,2026-02-03T09:57:57.764684,-26.208553447043546,28.03583019560458
782d5ffa-8b62-476b-b6ce-43ce55f37587,2026-02-03T09:57:58.764684,-26.195948521334078,28.05283351723031
19b350fd-36a7-4497-a64e-e5f4aca4d3dd,2026-02-03T09:57:59.764684,-26.212343584912983,28.05088869301274
3d096b95-9320-4124-9ef2-3a45f19008c4,2026-02-03T09:58:00.764684,-26.184433795465438,28.066292796433537
8b7a7d5e-487f-4cfe-9418-b02c48694fcc,2026-02-03T09:58:01.764684,-26.19288865483452,28.055250395808326
374c7f29-89bf-423b-b685-aef879c76801,2026-02-03T09:58:02.764684,-26.195925680761114,28.060615946983386
e7b9d39e-4fc9-433e-817f-9c89db08092e,2026-02-03T09:58:03.764684,-26.190802760177235,28.0385308001262
8a50b31a-9781-4ce4-8d19-ef4842a3ced7,2026-02-03T09:58:04.764684,-26.201454199843965,28.052714448562647
f40e49f3-fcce-4c0b-b7b6-3f847e11418f,2026-02-03T09:58:05.764684,-26.199836982394658,28.045664833375934
6d27fbe0-90ed-4804-9336-e8c585272397,2026-02-03T09:58:06.764684,-26.18650699645802,28.040184939240646
d277e555-47b5-42b1-9770-fbc0e55f6571,2026-02-03T09:58:07.764684,-26.194628934834363,28.05067634941994
45f272b2-0e1e-484b-89c9-52dff677113c,2026-02-03T09:58:08.764684,-26.197340857115964,28.056867354148732
4896b752-7578-4422-9bdd-1f042217df4b,2026-02-03T09:58:09.764684,-26.191392864417367,28.051273697277185
17647406-b016-4ed6-a415-223659499218,2026-02-03T09:58:10.764684,-26.204067940343222,28.03936785570493
b1f8c355-968f-4ffb-b2ca-fb2b7e822df0,2026-02-03T09:58:11.764684,-26.21821402875989,28.04237646043582
2039b713-8d26-433b-848a-7675a498ea22,2026-02-03T09:58:12.764684,-26.21577357028719,28.065193471837727
98dd5ae1-6748-40ba-9c20-a310634ea5e2,2026-02-03T09:58:13.764684,-26.201653934293237,28.060798012064627
3e9cb180-e8cc-4aa5-9908-5da73d160871,2026-02-03T09:58:14.764684,-26.210530493431513,28.054739435975623
eeea3399-66c2-4cba-8f63-813429c52d1e,2026-02-03T09:58:15.764684,-26.212479336603778,28.05307662586968
2ef87b98-55cc-43aa-93a9-544444abfeb6,2026-02-03T09:58:16.764684,-26.194109965389544,28.039494949091594
d044aed3-6691-470d-8db9-d2082d038b4f,2026-02-03T09:58:17.764684,-26.19332069817693,28.06540927410194
e5b662d3-e101-4aa0-9292-ac1c11cd764a,2026-02-03T09:58:18.764684,-26.201010601656225,28.041843400945954
31d488ed-7a92-4502-9701-495601ef586f,2026-02-03T09:58:19.764684,-26.201436097741876,28.05624660342369
6dae3410-e5e1-463a-92ef-a381b3417640,2026-02-03T09:58:20.764684,-26.194103152191563,28.054865075135105
79058c7b-3e61-4c40-b4e8-2049d2ac370e,2026-02-03T09:58:21.764684,-26.208474260779862,28.066241640538756
2b5cfe96-8335-498c-8476-a3ce8184b84e,2026-02-03T09:58:22.764684,-26.190132416063292,28.054695943369094
12cc1757-36d0-4da0-ac3c-9d3cb9472fc6,2026-02-03T09:58:23.764684,-26.18451384514717,28.031175937295156
0d597bac-dae3-4cac-b191-e1811ff0984f,2026-02-03T09:58:24.764684,-26.189049296367564,28.04650752076015
22f18ea9-6e3d-4269-a60b-81e65fcc43f2,2026-02-03T09:58:25.764684,-26.21929390859605,28.060767379350025
4dfbc5f7-e7f6-4544-bb68-6cb869a95915,2026-02-03T09:58:26.764684,-26.187546824604134,28.059396442471034
be379963-a926-4788-8575-feceaa6ab036,2026-02-03T09:58:27.764684,-26.207005376071695,28.028147033325784
0d89c054-23d5-4070-93a7-c88b0377658d,2026-02-03T09:58:28.764684,-26.20620966661015,28.047707604780793
519ebb13-71cd-4788-9479-dcf6b35ed0dc,2026-02-03T09:58:29.764684,-26.215789208560654,28.048267053064254
ac4071a9-d8ea-4cdb-a203-541462a05ccd,2026-02-03T09:58:30.764684,-26.222444056560175,28.057495529455633
969f6587-04fb-46a0-91ae-3ec8ba5fd395,2026-02-03T09:58:31.764684,-26.203589597271343,28.039057653723866
c8f2d47f-a877-49d9-b1b2-d8d85c6bd71f,2026-02-03T09:58:32.764684,-26.189059346652268,28.034820887190783
6037307a-c79d-43fa-84f4-96438de94e22,2026-02-03T09:58:33.764684,-26.19420683536582,28.04519396115534
8f03a179-0161-476d-b4b2-0b6657e9ac9c,2026-02-03T09:58:34.764684,-26.2192538672972,28.043583799992085
c2274dd4-5f1b-4893-83d2-f5c50de836ae,2026-02-03T09:58:35.764684,-26.200850683682624,28.052002967990514
7d6025c8-04bd-4e68-b163-b6b61bc90d3c,2026-02-03T09:58:36.764684,-26.220080566519343,28.033666701542014
164001d1-1d15-48b1-a025-b43f76c152ff,2026-02-03T09:58:37.764684,-26.193940103859678,28.03635053413763
fcf3be11-5af5-4d28-a22e-3d0020ea4355,2026-02-03T09:58:38.764684,-26.208403725472603,28.06660136357426
79f02986-8a06-4c5b-9ecc-50e354396c47,2026-02-03T09:58:39.764684,-26.18811935701853,28.037650193076296
38828206-695c-45d3-a0b6-e192aedddef2,2026-02-03T09:58:40.764684,-26.201735805784825,28.052991977393987
5ae7087d-d99e-4e88-b912-a01919dadc77,2026-02-03T09:58:41.764684,-26.19716012048975,28.03671980400064
c0013ffc-1e60-49d0-aabc-f5a9a82e3303,2026-02-03T09:58:42.764684,-26.219734858210593,28.033572600273317
e67dc64b-d033-459d-a1d6-c7a0528f99c0,2026-02-03T09:58:43.764684,-26.221245893254775,28.028561975575993
bf065a64-d0b5-47bd-82c2-a60e4e9d72a6,2026-02-03T09:58:44.764684,-26.21412199892901,28.04096524926166
fb85783f-50b7-48e0-8801-556e3c4fb7d5,2026-02-03T09:58:45.764684,-26.20229338515169,28.033138732586785
f8578e80-8aee-495a-9880-937750f2ffce,2026-02-03T09:58:46.764684,-26.2219625774069,28.05647250343312
fcc4376f-8450-4d30-b382-80002cc28975,2026-02-03T09:58:47.764684,-26.197556800339864,28.065084664616844
74d23e2e-a5d1-4062-9b91-1ec64e6c9e8a,2026-02-03T09:58:48.764684,-26.209208056912207,28.04119124104883
f8a1e9b4-7f42-49fa-be87-cd9f60bee957,2026-02-03T09:58:49.764684,-26.200625394052675,28.02837265093921
e7951bd1-1766-4176-b5da-0596ab51c6d6,2026-02-03T09:58:50.764684,-26.217843408663455,28.058112194053304
992e9b95-d3a4-446f-bdf8-23e232c18fc8,2026-02-03T09:58:51.764684,-26.195045906029975,28.03869765395007
dc43774f-e2c2-42b4-a478-4ec066964c86,2026-02-03T09:58:52.764684,-26.193085331169726,28.047593410393937
c92f34d2-b1c4-45d9-88cb-267419435011,2026-02-03T09:58:53.764684,-26.19912450140131,28.043558722512692
a93dce4b-0844-4d6e-8f86-98e2bc35eb3c,2026-02-03T09:58:54.764684,-26.212127604379962,28.029768351801394
226366c3-f4f8-489c-86ec-2fe453f3e6f8,2026-02-03T09:58:55.764684,-26.208462248077453,28.04038487762524
a7e38dd4-8681-4f1a-9d81-ae609e444ae5,2026-02-03T09:58:56.764684,-26.185905740816203,28.049570780731273
08c0a9aa-734e-41e8-a52a-87f424dab897,2026-02-03T09:58:57.764684,-26.211461159561853,28.04250763833304
af07ffbf-44a4-462b-af4e-1ffa195eb8de,2026-02-03T09:58:58.764684,-26.215964938936825,28.02960313294688
2c031f03-0c41-425f-88ad-8cdce7cb67d9,2026-02-03T09:58:59.764684,-26.209084842040355,28.034172498603397
d48e4632-8db4-47b8-a1a5-de2a0be426f1,2026-02-03T09:59:00.764684,-26.184700781646175,28.03497425159693
2e703472-d243-4922-81c9-23c97cfd39ce,2026-02-03T09:59:01.764684,-26.19101689417782,28.040852693982632
bd664e06-07ea-4674-82eb-56818644ba6d,2026-02-03T09:59:02.764684,-26.216668772546278,28.029633363022647
93c73a3e-bd3a-4284-98bf-5ab1399f883e,2026-02-03T09:59:03.764684,-26.212164467242896,28.052013656350695
443a51b5-753e-4925-aec6-004eac391a11,2026-02-03T09:59:04.764684,-26.21002247985132,28.0457402330954
45f7a60b-8c97-49c8-9795-40aa84c4ed40,2026-02-03T09:59:05.764684,-26.20796336723166,28.02795884790453
9ef2d73e-f981-499e-a946-43a3a465cf89,2026-02-03T09:59:06.764684,-26.195156423867346,28.045511878613706
b3b9ccce-f4ce-4ed4-aac8-184ed4e1d062,2026-02-03T09:59:07.764684,-26.21281880918191,28.062320347388
23c850dd-f686-4f20-93e7-666b178f8e5b,2026-02-03T09:59:08.764684,-26.188327218023616,28.05726450609612
1588bfbf-ab37-4147-bb17-daee721dbe13,2026-02-03T09:59:09.764684,-26.211007130942594,28.056627685936995
088cb2ef-1ae1-4def-8205-031b28e7a192,2026-02-03T09:59:10.764684,-26.188430326514975,28.03221819259207
6a018ecc-c669-4b50-87fd-ff9c7afab090,2026-02-03T09:59:11.764684,-26.209989573550924,28.051629168961032
13d65ded-971b-47f4-9eeb-daeb1a54616a,2026-02-03T09:59:12.764684,-26.192238466393206,28.059732515199038
68c9d5c4-7e82-48e3-8115-34ea8e83c100,2026-02-03T09:59:13.764684,-26.199119176041822,28.066155706127198
f79ca943-7b83-4816-b614-b5b9709601cd,2026-02-03T09:59:14.764684,-26.22181101284756,28.04650200989025
d6b508eb-1ed1-4035-8edf-7af77f2c7c9b,2026-02-03T09:59:15.764684,-26.186396166007036,28.061544361226982
61694328-385d-4f2a-a6e5-86a19631f5da,2026-02-03T09:59:16.764684,-26.18794702572424,28.034346665345897
9cedab3a-3ca7-4894-9cf5-333122b69b20,2026-02-03T09:59:17.764684,-26.2235097335032,28.062515546918977
b1df159f-93f1-4635-ab01-63f7ccc332d5,2026-02-03T09:59:18.764684,-26.19604847286906,28.0601592510342
5f37e976-c872-4a3d-a80f-2a3c79ec2827,2026-02-03T09:59:19.764684,-26.199336393496473,28.06404122050562
9310a8f2-4faa-4057-bae0-60f2b14b34dd,2026-02-03T09:59:20.764684,-26.19982228460702,28.03160289160568
112a964d-ae20-4430-afed-e42c86ce75ac,2026-02-03T09:59:21.764684,-26.195056782700203,28.06036247949419
93007615-3151-4ed9-9162-ff2d5a86469d,2026-02-03T09:59:22.764684,-26.22211713775323,28.0575183278809
e5de5708-0ae1-4a4c-b62b-10ef3af38fab,2026-02-03T09:59:23.764684,-26.19443146451532,28.03730395814623
53b9d62b-73d8-4dfc-bcc2-fca755c372dc,2026-02-03T09:59:24.764684,-26.206258178802535,28.06607495869698
fa53a513-3df8-4d4e-8035-188b56c4ed57,2026-02-03T09:59:25.764684,-26.20332488630725,28.050297387039016
a89c2b49-f0a6-451f-98ed-5ff431cccea1,2026-02-03T09:59:26.764684,-26.210449980968722,28.051462707821557
677ba992-510a-4713-af30-9ad3a48a712a,2026-02-03T09:59:27.764684,-26.185491101251102,28.041761005790292
ca2c63fe-03a1-452b-887e-7c5fd055bb1e,2026-02-03T09:59:28.764684,-26.2224393699861,28.0473148589596
f34ab9e4-2bf6-4d70-88d7-c0f9ff117d21,2026-02-03T09:59:29.764684,-26.19995036346504,28.051862169833846
27efa237-bfcf-42f5-b12a-4fbc2375754c,2026-02-03T09:59:30.764684,-26.220901743573286,28.033689908285492
30012e18-dee0-4770-9696-585d2bfe4b24,2026-02-03T09:59:31.764684,-26.202215127721736,28.046963834570093
b21f3da4-84b1-4027-b35b-a55875527cd2,2026-02-03T09:59:32.764684,-26.20505825656013,28.054365502544293
f11394ee-49da-465b-9049-c3f4dc350b6a,2026-02-03T09:59:33.764684,-26.213092612321383,28.04241698811978
6401fde0-dec3-43fa-bc77-00c42e354b0f,2026-02-03T09:59:34.764684,-26.200512160353895,28.030399262065806
1d0db974-c59d-447a-be59-687879a86e56,2026-02-03T09:59:35.764684,-26.191871058847674,28.040835178665652
daed6045-2be6-4e64-a8df-c07d1c227595,2026-02-03T09:59:36.764684,-26.223990733629883,28.03999515456542
ce7cb272-a820-4546-a25d-8ed4b0e57c11,2026-02-03T09:59:37.764684,-26.188340848592247,28.03617174701226
162c90db-0e67-439b-a804-d79a51a6970f,2026-02-03T09:59:38.764684,-26.219642738261328,28.066203402683236
f6329390-a99b-41c0-ab8a-441016d8f929,2026-02-03T09:59:39.764684,-26.20027172618749,28.041140392456033
da4c9ff1-26c0-405d-b083-1793822eb56b,2026-02-03T09:59:40.764684,-26.210209100815714,28.049001188057744
7223b317-c620-45c4-b796-a92d279e6e14,2026-02-03T09:59:41.764684,-26.217440630025543,28.04380039202459
88ad7b9c-c58f-4e8f-a905-34cb69d786d0,2026-02-03T09:59:42.764684,-26.21406523179581,28.053675519017073
8f11bca5-8d96-4711-81c5-6cbddcbff33d,2026-02-03T09:59:43.764684,-26.20325676740606,28.064024326057115
dc08c63d-8493-43c7-8bf3-795bdf3c80ff,2026-02-03T09:59:44.764684,-26.18999760539778,28.05470884122425
8fcaf781-49fa-45e9-93ec-f6457bde059d,2026-02-03T09:59:45.764684,-26.201215748554517,28.056421781703254
f89c25c3-fe55-493e-aae9-301c47834276,2026-02-03T09:59:46.764684,-26.18507822917299,28.053203304014424
54f333c8-3909-4c2c-83dd-210dd6adb38d,2026-02-03T09:59:47.764684,-26.190664829689933,28.053290771472366
6750ac0b-9bcc-42f1-9bb6-4b57430ecb0f,2026-02-03T09:59:48.764684,-26.20397445206429,28.05032101856808
069343a3-fd1c-49f0-98c7-af8cb396c55c,2026-02-03T09:59:49.764684,-26.201297360500583,28.060020224842773
1c7adf56-de8c-4753-b5b2-70aa98433af0,2026-02-03T09:59:50.764684,-26.198554014392478,28.033670853952298
6b512e31-2064-4dcc-9fb8-98673bb1871d,2026-02-03T09:59:51.764684,-26.202455726901366,28.031716368247377
2e6344bc-50ed-4a94-ba95-5292bea49fcb,2026-02-03T09:59:52.764684,-26.217849011530475,28.03963506973097
d1cfcb66-5409-4d10-b4bf-853c1cbc23aa,2026-02-03T09:59:53.764684,-26.214228275237044,28.036915202582257
7610182a-06ab-43ca-a468-37c4f4fb084b,2026-02-03T09:59:54.764684,-26.223433136890232,28.03337030705883
014e862a-02f9-40a8-80f5-d9a9bf66a8e5,2026-02-03T09:59:55.764684,-26.2217921136945,28.029423830180043
2d75c4d9-3260-4bdc-9c25-a54d5c0d1639,2026-02-03T09:59:56.764684,-26.21591344463376,28.06214170802453
fba6c7fd-b10e-4c93-b135-68647bef8351,2026-02-03T09:59:57.764684,-26.19689646537237,28.02809990450575
d293b517-9866-4cd5-a450-bad64e6240b2,2026-02-03T09:59:58.764684,-26.191575397202012,28.056058167277563
095ad1ee-b9f5-45cc-8963-76825e941881,2026-02-03T09:59:59.764684,-26.20995076344837,28.052679260095534
2587ea34-49b9-46cc-b3d1-72850f9d76a1,2026-02-03T10:00:00.764684,-26.200572145324642,28.059059465325333
bec272d7-dabc-461e-9c6e-319386f87f54,2026-02-03T10:00:01.764684,-26.21388246000008,28.06337005279387
8f64884c-f6b4-4f0c-889f-9fda72213b47,2026-02-03T10:00:02.764684,-26.20424795345912,28.03848144097282
118c64de-ed86-4a75-b0f4-e6264366bf47,2026-02-03T10:00:03.764684,-26.220060464070954,28.047796215119423
6d369013-19b8-4257-b601-400bb699c68d,2026-02-03T10:00:04.764684,-26.21338043239032,28.034031363180503
ff14ce0f-5848-4ec3-bda2-4f48b6b9422e,2026-02-03T10:00:05.764684,-26.21540823152827,28.043467371573254
c1c92472-badf-4e0c-8530-140241b7ba37,2026-02-03T10:00:06.764684,-26.19550027644159,28.06445079418349
c277af01-c8b7-4559-ac47-375b6e20eef4,2026-02-03T10:00:07.764684,-26.18673968706521,28.029869807305083
c8dc373c-49f0-4414-ae52-cadff3023ff7,2026-02-03T10:00:08.764684,-26.223074032927954,28.060905768478484
7e08c698-0a59-4e9e-8424-6195db1bdef4,2026-02-03T10:00:09.764684,-26.188448534050078,28.029300489978024
76110879-0279-4ed8-b9b7-76bd91427f5b,2026-02-03T10:00:10.764684,-26.204019697367197,28.060450617875468
6f14b572-d445-4150-8f6b-563a33511e2c,2026-02-03T10:00:11.764684,-26.190252431926965,28.052373114634484
c21b2d15-27af-4ef7-a092-4f6f6baa8670,2026-02-03T10:00:12.764684,-26.210254921610822,28.050603458120452
d7a628f9-23b1-43f5-9e8b-6f849b49a37f,2026-02-03T10:00:13.764684,-26.195082471327453,28.049588256169194
5611c72f-169c-4dd2-969c-c1dc97ab1df4,2026-02-03T10:00:14.764684,-26.197217502720054,28.040672929033583
36389c76-b726-45fc-a52a-e701283e5e2f,2026-02-03T10:00:15.764684,-26.191562722463335,28.05177844106698
f1acfeb3-b998-4b96-991e-8d1a4cfe09f9,2026-02-03T10:00:16.764684,-26.188730227771753,28.058281430766677
bfa04eaa-5f83-4d13-99c6-e434b11c63ba,2026-02-03T10:00:17.764684,-26.202935149747766,28.04045853613756
41370db3-b51a-4ce2-a2cb-ea71fa5c56fa,2026-02-03T10:00:18.764684,-26.188079737719892,28.05390189805713
df7aa9b0-180c-4908-b92a-f5b39f00c2ae,2026-02-03T10:00:19.764684,-26.21409122784825,28.059628174680284
b3d64b4f-e05d-4dcc-8208-a9582b5c1095,2026-02-03T10:00:20.764684,-26.19442020423534,28.043893212926125
753d46ce-41fc-4ada-872c-e467a3749bdb,2026-02-03T10:00:21.764684,-26.187992285949978,28.041232171479777
ad62fb46-37b2-47ed-8b3f-8fe155e24b83,2026-02-03T10:00:22.764684,-26.21581121852689,28.051995038155322
f2e7f083-25c3-4f3c-8b9f-6f39eeb815e5,2026-02-03T10:00:23.764684,-26.185826689606944,28.056176198597367
2b61a143-bd40-4326-a246-f3629c61bde5,2026-02-03T10:00:24.764684,-26.198484412636773,28.037440852360316
d0654754-be51-4df8-9736-8d5b9eebd272,2026-02-03T10:00:25.764684,-26.216039088210604,28.041049346110224
76d08916-689c-4ed5-8e56-d73801cd0706,2026-02-03T10:00:26.764684,-26.192005446058193,28.044460404853076
2bbf9a66-e56c-4867-81cb-b2208f91ffbf,2026-02-03T10:00:27.764684,-26.194745345221122,28.041414586820505
ce9560e8-0708-4fab-af89-43e3855db741,2026-02-03T10:00:28.764684,-26.18633304561923,28.030511933017063
6c28210b-5ce6-4b51-87eb-53467fae1223,2026-02-03T10:00:29.764684,-26.223205282884756,28.045592740109864
40ba964e-641a-41e9-b611-300039093b24,2026-02-03T10:00:30.764684,-26.196143209301315,28.06038938221725
f5820007-9f14-4ca8-ba69-724743de7ba8,2026-02-03T10:00:31.764684,-26.210612550256347,28.035573793962815
a4f49bf6-ab2e-41db-8b56-98645d8ae3a1,2026-02-03T10:00:32.764684,-26.18440816208547,28.05037157844131
1bb0203b-a067-4518-8b67-d3a25300ee99,2026-02-03T10:00:33.764684,-26.19828284990545,28.052418530182695
67b45079-a5f4-41d1-a734-2b3858dcfc12,2026-02-03T10:00:34.764684,-26.205384897025258,28.044223930812887
397d0b7e-45a1-4c24-afd6-4d914b6f3ea0,2026-02-03T10:00:35.764684,-26.221331305452924,28.063245052030698
8cf16743-b3ed-4d59-bc44-c52369de4622,2026-02-03T10:00:36.764684,-26.203792294960074,28.030824153214738
5e89d03a-b995-4535-b1b8-274882c6ec61,2026-02-03T10:00:37.764684,-26.21498126523833,28.0293624696815
d59867f1-43fc-49c4-b088-f8ff28a1f52a,2026-02-03T10:00:38.764684,-26.1946350076142,28.061239301167074
c665128c-b506-4e79-94f0-46334712602f,2026-02-03T10:00:39.764684,-26.185839931257817,28.05943554908954
854c78c7-0be6-49a9-9fea-8ff35ca0c5ad,2026-02-03T10:00:40.764684,-26.19245841270197,28.040023411855362
b2818d37-c29b-4091-99d1-f4135934fa78,2026-02-03T10:00:41.764684,-26.188650799714868,28.057114865316226
1a95a253-898e-4b16-8169-b6ca9fb8eab2,2026-02-03T10:00:42.764684,-26.187859302121673,28.032801740210264
a3709fc7-f27a-429c-af65-cd89c07df15d,2026-02-03T10:00:43.764684,-26.221898041572643,28.047453070553953
9db5fc2f-3069-4ee9-9350-36b1f98a7699,2026-02-03T10:00:44.764684,-26.217875859390617,28.056005563013056
8e0a682a-ce48-4e6b-bac3-39fbcadbe779,2026-02-03T10:00:45.764684,-26.217529333239813,28.045097053895443
1eaf6461-c028-486a-b653-205afcd5a06b,2026-02-03T10:00:46.764684,-26.197071620026524,28.029873075155518
b71b559c-87f2-42e3-96f4-773e65d52a12,2026-02-03T10:00:47.764684,-26.200354293367674,28.052355343246525
846dc8e6-61f1-411b-98cc-19d795caf1af,2026-02-03T10:00:48.764684,-26.20619026320629,28.05344580024917
9ca61fd2-8a28-4da3-87ff-5986e62ae903,2026-02-03T10:00:49.764684,-26.201327197463133,28.02754024146295
cee0bea7-4fd0-4d4d-b153-52a7962f38a0,2026-02-03T10:00:50.764684,-26.195467118650072,28.04762271648941
30dd81ac-ec6f-4e6d-a858-61df45df3182,2026-02-03T10:00:51.764684,-26.200339145517276,28.053751376012
8e27d438-828b-4205-bd6a-4dfc87d7e9a1,2026-02-03T10:00:52.764684,-26.2057993564068,28.047923385789232
d99e90d7-8739-47a4-8310-0f17b95acde1,2026-02-03T10:00:53.764684,-26.20165706106843,28.037009227497318
6acebd03-fe15-4152-86f9-3c474fc274e1,2026-02-03T10:00:54.764684,-26.18618107789136,28.040320270591316
b3d25e9e-2891-423d-9883-4023d43f4c12,2026-02-03T10:00:55.764684,-26.222883638361225,28.060410215276605
c0611896-7769-4ac9-ba19-2540ebc8a466,2026-02-03T10:00:56.764684,-26.18549772763431,28.05028105312777
99881878-b5c6-436a-a540-b5b1bfd0312f,2026-02-03T10:00:57.764684,-26.21552149413468,28.043548047367572
248b39ce-4eab-43f6-bd4f-cf0011a6d538,2026-02-03T10:00:58.764684,-26.222194222102672,28.055289087346292
2efb8d8c-c37c-45a2-9279-b5d0be35a7c4,2026-02-03T10:00:59.764684,-26.221904149250435,28.03614258259445
cd9307cb-ecf7-4248-acfc-4a0cac1a8b8c,2026-02-03T10:01:00.764684,-26.19794778336586,28.048689534213967
84c911d4-55ea-4322-b4ef-b204f081bded,2026-02-03T10:01:01.764684,-26.20785949697794,28.047845910146965
77e7b79f-1097-45a3-bc88-aa406ad8ce7f,2026-02-03T10:01:02.764684,-26.197350359464597,28.061757521128264
c8f97373-b45d-4ac8-a9c1-84ea68efaad4,2026-02-03T10:01:03.764684,-26.192877301627277,28.04889603614538
8760d27d-f496-4a99-9c80-4012f72b2cae,2026-02-03T10:01:04.764684,-26.21524217813387,28.06729921754809
b3d88e55-d5ac-4f50-a016-9b1c6be7b6e6,2026-02-03T10:01:05.764684,-26.18437128118129,28.037369406200604
b25ae3a6-49df-4592-8dd0-03e0c61f49ed,2026-02-03T10:01:06.764684,-26.188461394808986,28.062020037429125
ca8a7d80-6c26-4fbd-85d6-346a13e2866a,2026-02-03T10:01:07.764684,-26.22168899784044,28.06581660179009
b1b90a98-267c-4425-9896-0d55808708f6,2026-02-03T10:01:08.764684,-26.213695042722286,28.042187493320903
9612c297-b389-46f8-8ef4-b12082804eb1,2026-02-03T10:01:09.764684,-26.194173305284565,28.05110490571102
2b66dd76-02c2-40f4-886d-10174a30ba48,2026-02-03T10:01:10.764684,-26.22127611172776,28.056732205463565
e5add7a7-a27d-4577-8c14-6f666d3be718,2026-02-03T10:01:11.764684,-26.189209693029937,28.04189048014874
5058c3c3-1163-4b54-bee5-4483a7f23091,2026-02-03T10:01:12.764684,-26.202402093078806,28.06502587330924
83441e85-af40-44ec-ba40-ee7a75763429,2026-02-03T10:01:13.764684,-26.205594213122772,28.035729775231722
55899c7f-ecfc-447d-94b0-8cfe9e606b56,2026-02-03T10:01:14.764684,-26.203321051857603,28.034976486922673
5e9a60d0-f93e-4bcb-b1e5-1b5f8d67476c,2026-02-03T10:01:15.764684,-26.21293046135233,28.029219797228325
6bcec15b-c8c3-4ef5-a4fb-593f41cb1c64,2026-02-03T10:01:16.764684,-26.2165582607661,28.066628452363894
7595fbbc-6548-42f4-8649-739911632226,2026-02-03T10:01:17.764684,-26.22353159359554,28.059678362140385
8c053543-8633-4aaf-855f-ac34fe4c90aa,2026-02-03T10:01:18.764684,-26.186893237696296,28.0602824001069
830eda8c-87b6-491e-941c-062431b0a6ff,2026-02-03T10:01:19.764684,-26.19796509395603,28.03319545971968
581ac28f-ea42-48bd-92df-40eb5f35fff0,2026-02-03T10:01:20.764684,-26.200154981103353,28.06708578680998
baf62d26-4466-413d-83a8-d4f0c2abd875,2026-02-03T10:01:21.764684,-26.19809099480513,28.066366220971837
5622b887-ffcb-41a9-8cce-f76c0a8ab2df,2026-02-03T10:01:22.764684,-26.19636231872233,28.028222122165364
6a91d944-c400-48e4-98d2-bf94263b8996,2026-02-03T10:01:23.764684,-26.215417672274853,28.043418444602292
b740428d-e7f5-413d-be49-0e7f71c259bb,2026-02-03T10:01:24.764684,-26.189232717830897,28.036420904215557
9a24e7c8-80f0-438f-a3ea-fdc1d8b842c8,2026-02-03T10:01:25.764684,-26.188855985179995,28.05485186138316
05ef5532-6092-4ef6-8efa-15ba7f824f2a,2026-02-03T10:01:26.764684,-26.20753630190583,28.065305722388104
68febdf5-27ce-4058-92c5-f25f08b694a9,2026-02-03T10:01:27.764684,-26.198086165574598,28.05082158125513
2d26129e-cf42-46f6-89d3-c9ce083c7963,2026-02-03T10:01:28.764684,-26.198523806948607,28.032528021917834
b2667397-f554-4c43-8d94-a17e3270dccf,2026-02-03T10:01:29.764684,-26.222022840940067,28.063116848667107
0b1ea40f-3aa3-4d9e-8d87-8efe3fcbba0b,2026-02-03T10:01:30.764684,-26.195901662969877,28.034110139915683
5f667b9d-f5d3-4f84-8acb-217e75afd6c7,2026-02-03T10:01:31.764684,-26.217573412886974,28.03022227696954
2d9efc05-2815-4f6d-8ed3-4e4383197c39,2026-02-03T10:01:32.764684,-26.22123147626992,28.062693862015916
28940f44-f25d-459d-bf2d-d21b85125f15,2026-02-03T10:01:33.764684,-26.19190749356925,28.065084505596957
62822d86-d2f6-4272-a592-ad78e43fb87c,2026-02-03T10:01:34.764684,-26.19912566230197,28.030814000050576
2b5fbc35-a5d5-430c-b251-67e91583da4e,2026-02-03T10:01:35.764684,-26.20517869200122,28.042213502958727
de5315ec-1cc0-4773-931c-cc1bfac82c25,2026-02-03T10:01:36.764684,-26.18504851510283,28.032643657265144
4ea46dc0-5ead-4ae6-ad0c-c9a952cf6504,2026-02-03T10:01:37.764684,-26.197108697333228,28.036514650675553
4bc08610-0f21-4013-ae80-d7d65d55fb7c,2026-02-03T10:01:38.764684,-26.209778014331256,28.054438883271576
31216ef6-ee1c-4f58-aa2a-8811b03d9c43,2026-02-03T10:01:39.764684,-26.18639201163513,28.02865706112997
575fec84-0da6-4b88-80cb-42a7d47cee65,2026-02-03T10:01:40.764684,-26.208951236373643,28.032071861316435
1e1f1814-fdb2-476c-8a66-110196ade8f3,2026-02-03T10:01:41.764684,-26.216058356071414,28.038663514598507
cb71ee35-48f5-490b-b53c-ea7e437b5cf2,2026-02-03T10:01:42.764684,-26.197146672957984,28.04496772516938
30eac0c7-7d81-4d5c-bba5-78fa30d7a923,2026-02-03T10:01:43.764684,-26.209704472099638,28.043349862458907
d3a9bc02-1d1f-461f-b411-7f771eb2e5ba,2026-02-03T10:01:44.764684,-26.21627936555812,28.05103901908376
37c9acfd-5be1-40b8-872c-f74b88895909,2026-02-03T10:01:45.764684,-26.22134808720821,28.042293661048483
8274ed03-d308-43fd-9deb-f4229c9a5054,2026-02-03T10:01:46.764684,-26.203645667889536,28.04033467880622
9fa66afa-fbc9-4766-9337-f92ad612af8a,2026-02-03T10:01:47.764684,-26.203024477801772,28.03422818145363
d94c5151-93c5-4cef-a4b4-0da5f5b9aba5,2026-02-03T10:01:48.764684,-26.184630812218725,28.040800661997896
767d5712-00a8-4e07-bc6c-b13267f45713,2026-02-03T10:01:49.764684,-26.197226143729065,28.033922491391777
ecf285cc-f11f-4b19-a0b0-e72b9242aed3,2026-02-03T10:01:50.764684,-26.20209389804049,28.0664007537371
1dd2b5f2-9651-4e1e-b152-dff374f298c3,2026-02-03T10:01:51.764684,-26.18626167406313,28.029466580300326
90b6bf69-66fe-484a-9a47-4a0358e06ce5,2026-02-03T10:01:52.764684,-26.185555574694202,28.05034577892732
3130e1cb-0dbe-4f22-a843-a6c763928e34,2026-02-03T10:01:53.764684,-26.189532567332392,28.05406277826875
bfc65896-fe5a-4110-a801-78d91e6d2dd8,2026-02-03T10:01:54.764684,-26.21666932188644,28.051182388313737
65ce5d94-6c37-4f97-99f0-e088e6c5d6ab,2026-02-03T10:01:55.764684,-26.188205221739597,28.047365698170655
49c9b2c1-8569-4b15-a4a4-fc29388b42bb,2026-02-03T10:01:56.764684,-26.19376072632531,28.050265774526412
07e6f59e-04d6-49d6-8f63-546acd49b611,2026-02-03T10:01:57.764684,-26.2063464690849,28.05182793304627
a1f7910d-b585-4680-88e1-79d36ec5a0f3,2026-02-03T10:01:58.764684,-26.18668269498887,28.04891563152682
63637e18-f6a4-49ba-8843-ac5c6a124709,2026-02-03T10:01:59.764684,-26.201374361738463,28.048545250526036
287f25e2-2f9f-4904-b603-8fb060dfad25,2026-02-03T10:02:00.764684,-26.19635104598236,28.040398448406844
d46586ce-cce6-4a59-8130-dc4d573f9818,2026-02-03T10:02:01.764684,-26.20352260193736,28.051808546492953
c74517f5-f1d1-4992-b367-3075878e954d,2026-02-03T10:02:02.764684,-26.19282023899215,28.032890685757305
a1905f75-7c96-4113-8f52-9520aacc6a1b,2026-02-03T10:02:03.764684,-26.190033278023044,28.043943675313738
cd04180c-2d9b-4472-9f6d-e3520a2bd394,2026-02-03T10:02:04.764684,-26.18443091495916,28.032961296830695
bd7a8c3f-bae9-4377-9549-918d06ca1301,2026-02-03T10:02:05.764684,-26.219499327077568,28.04184433284935
374b30e4-25e5-4c1a-831e-d1bfe345659e,2026-02-03T10:02:06.764684,-26.207819340885187,28.06114800087827
de8a9cce-270b-4548-a2b9-49d7f2bfaab3,2026-02-03T10:02:07.764684,-26.19524073096683,28.05020769193383
366261d1-44b5-4f50-9ded-1963453ed873,2026-02-03T10:02:08.764684,-26.205609363345,28.031484313763933
2d330d92-c46f-46fc-a469-9b07fdbc3829,2026-02-03T10:02:09.764684,-26.189218691397905,28.03658741988257
8bf1e2df-5cf8-42e7-8350-4291f186fe08,2026-02-03T10:02:10.764684,-26.206760848963768,28.06454252079085
481a510f-491e-4281-b933-ea74bde6e6c7,2026-02-03T10:02:11.764684,-26.21775881949954,28.066187235285373
2dfd57c6-6e15-47d8-968d-7148d80b53f0,2026-02-03T10:02:12.764684,-26.216019096223093,28.065234567499367
ea72d1ed-423c-4876-b622-d6d7773f1c7f,2026-02-03T10:02:13.764684,-26.193734761479828,28.027896818741013
0001873a-7bea-4f1f-bd7e-bc49969aef20,2026-02-03T10:02:14.764684,-26.201319806816777,28.047468761413707
b20ac169-0f56-478e-bd13-66c03edd9d78,2026-02-03T10:02:15.764684,-26.203461614387574,28.044999321095155
c07656c6-e5ba-4cc7-a256-c56c51990d4d,2026-02-03T10:02:16.764684,-26.188898329433222,28.05119971977029
6ffb4194-0f8a-49b1-af8f-725c0d908c89,2026-02-03T10:02:17.764684,-26.204269081900197,28.043386267314627
9c30c0c1-f0ed-42c3-8036-287a801af5c1,2026-02-03T10:02:18.764684,-26.220978560945557,28.038361884936144
50f3a961-8a50-4c49-a46b-90b29a384238,2026-02-03T10:02:19.764684,-26.185583363796745,28.06193963185149
25d33364-f930-4884-9bc4-af1896a811aa,2026-02-03T10:02:20.764684,-26.196085506113157,28.045206239387504
4b4470d5-ae12-4f0f-a63b-e23414c98d01,2026-02-03T10:02:21.764684,-26.212982988329948,28.064626979535834
647e175a-5063-4783-9dab-0d12b62f73fb,2026-02-03T10:02:22.764684,-26.214062230202114,28.050916686210286
082d22b4-c5f0-44ae-b86b-b37561cc63a1,2026-02-03T10:02:23.764684,-26.21853475490051,28.040120980505225
ee50a971-a99a-46ff-be58-830f2ded69b1,2026-02-03T10:02:24.764684,-26.1946480336512,28.05615088568057
b7023aa9-54b7-45cb-a135-0a916a48f710,2026-02-03T10:02:25.764684,-26.19290152581201,28.033961181306722
ff3d32dc-a323-4ec5-84a0-0264cb4a1adc,2026-02-03T10:02:26.764684,-26.214911328036134,28.035973487063718
0d98ca7e-8717-4142-ba3f-c6ceb83852a4,2026-02-03T10:02:27.764684,-26.21522885122119,28.03076253459784
bea682f6-c558-4c33-a09b-e4ecf7eb3f18,2026-02-03T10:02:28.764684,-26.1927292442996,28.041948271639658
099818d8-7266-480e-90e8-b9f4aac443a7,2026-02-03T10:02:29.764684,-26.204929322225574,28.059341342829175
b66371b1-9d3f-4b5b-a533-82ba3c26f23b,2026-02-03T10:02:30.764684,-26.202204825520155,28.06400509376294
f14a8b96-6ce3-44bc-b07d-f10db7bbce9b,2026-02-03T10:02:31.764684,-26.204738587602993,28.049495116795832
c7336d92-d1eb-4cb4-b3ff-ccabcc64d324,2026-02-03T10:02:32.764684,-26.206377457375943,28.036326935525793
d26a879a-5c0f-4b97-9bad-3a1c299e0554,2026-02-03T10:02:33.764684,-26.21814726341123,28.050341111828274
fd64430f-c239-4ccb-a658-c9ae4d58ddc1,2026-02-03T10:02:34.764684,-26.215151186403077,28.049023892279838
ad2ae893-37be-4987-a95c-181f36e46243,2026-02-03T10:02:35.764684,-26.20597622314553,28.054061003856543
0828716e-0912-432f-83a0-bcf953380c44,2026-02-03T10:02:36.764684,-26.219756852133013,28.047273012024682
e9ec14ed-a40d-46e7-b4ac-ecc71dcc4766,2026-02-03T10:02:37.764684,-26.196928220681713,28.059066576111004
b55867f3-af17-4dee-9b04-b9cf3d5f1410,2026-02-03T10:02:38.764684,-26.197255601524443,28.029789021897106
6339c070-5b92-4e9a-9a60-611604535dac,2026-02-03T10:02:39.764684,-26.21011355342586,28.034122996465186
105c935a-3ec5-4dd9-9094-393252b0499d,2026-02-03T10:02:40.764684,-26.20625037280787,28.037987654891385
ec14deff-caf2-48fa-9738-5df6beb5c9b1,2026-02-03T10:02:41.764684,-26.190133027869404,28.06652995060189
0e4a7356-f4eb-461b-818e-0bc9e90153a2,2026-02-03T10:02:42.764684,-26.202702444306617,28.059878722959425
c3f1bf6d-0a4e-483f-a73e-eb7ba6153371,2026-02-03T10:02:43.764684,-26.19536192534252,28.063387812359743
b93d62ea-0aef-444d-ba6e-b9c88379f868,2026-02-03T10:02:44.764684,-26.215246222988625,28.052263527432086
e3ddb71d-5eaa-45fe-aff3-9755129b4f6c,2026-02-03T10:02:45.764684,-26.188943074331092,28.04089735453308
862e0b48-0a54-4e33-956f-d1df157ab6fb,2026-02-03T10:02:46.764684,-26.21083494149962,28.045125990732185
c56ca0f9-384d-42c9-858e-ae913db53769,2026-02-03T10:02:47.764684,-26.222509013611376,28.04136470189569
32cd971f-aebe-48f7-bf9c-1d09bd3ebd1e,2026-02-03T10:02:48.764684,-26.213777822036914,28.034219955745186
b88bc5d3-56ea-4b3f-8220-319ce935dad5,2026-02-03T10:02:49.764684,-26.21582816762815,28.0331485401064
ef88964c-83b3-4300-9e6d-b83faa11022c,2026-02-03T10:02:50.764684,-26.20562449325177,28.064220133413652
e2212db7-9d6e-451b-9473-ecc6cb93c8e5,2026-02-03T10:02:51.764684,-26.186205338892982,28.057337846346883
6a0fdb51-3c76-4967-929b-cde98af193e4,2026-02-03T10:02:52.764684,-26.209235254432684,28.040641541822918
a48a68ba-c327-473f-95a5-383f0e04f941,2026-02-03T10:02:53.764684,-26.202150357774343,28.06312525734656
91b18e46-de9e-42f1-beb0-f5fd04d3aea8,2026-02-03T10:02:54.764684,-26.204041419238308,28.05775411789264
cbbb524d-fe7b-4f8f-9096-8974ecad9226,2026-02-03T10:02:55.764684,-26.20584475095925,28.062876193538994
1d195d0a-991a-459f-afef-00fb1f9833df,2026-02-03T10:02:56.764684,-26.194283988498256,28.032741510964588
1e7add7a-b309-4d00-9f22-1b80e4b9f9aa,2026-02-03T10:02:57.764684,-26.18553428090315,28.05473439101334
74c897ac-3539-4873-900f-33817086eef8,2026-02-03T10:02:58.764684,-26.20963611217809,28.048037385253938
4461738f-faa7-4d26-a6d7-b7b1041653ad,2026-02-03T10:02:59.764684,-26.223647181426028,28.02880225633721
c0849e65-064a-4071-b49b-33271af694ab,2026-02-03T10:03:00.764684,-26.219484646262988,28.048921594817806
75629350-99d3-481a-ac13-b8c14f374562,2026-02-03T10:03:01.764684,-26.194325848495044,28.041417784591584
fb504550-8e35-4200-9029-aae05944e8a4,2026-02-03T10:03:02.764684,-26.211364596829153,28.056558026083014
6fb7a0e4-ea8b-43da-967d-c5ca237e0861,2026-02-03T10:03:03.764684,-26.21644672501735,28.047224528306927
1102d787-f7e9-438f-a5ea-98a1a09dd8c5,2026-02-03T10:03:04.764684,-26.193180725929146,28.062785174518677
6e0b42a7-1302-427f-b824-07646a0c1c19,2026-02-03T10:03:05.764684,-26.2146091596972,28.060978424705386
3f675518-833b-4f6e-bb2f-e9bc5d9b0fce,2026-02-03T10:03:06.764684,-26.209917517554807,28.06677297171234
c4dc9ac3-b32f-4cf6-9c0b-be425df796ec,2026-02-03T10:03:07.764684,-26.22246559019298,28.0380830046862
94606e78-d26e-49b1-990b-5e313de963a3,2026-02-03T10:03:08.764684,-26.219270250582348,28.034500301096816
96455206-d3b2-4223-95ac-9b8a8b2f1823,2026-02-03T10:03:09.764684,-26.206609572784018,28.06406501002003
6d447e7d-1942-4972-b1b4-1b06c1a68e65,2026-02-03T10:03:10.764684,-26.215226655360418,28.05028983344505
a908e573-642d-402a-a566-3b114f0d5195,2026-02-03T10:03:11.764684,-26.22073214410188,28.051994824361174
835fa3a4-64df-4ad5-b1f7-ccfd30ea20fc,2026-02-03T10:03:12.764684,-26.21203220611068,28.02952014021379
cb2369fa-30f8-4637-b020-d2d54809cc15,2026-02-03T10:03:13.764684,-26.22091032000903,28.03774682223211
1266b401-8b0c-4e94-8818-d8c364748f80,2026-02-03T10:03:14.764684,-26.20328352792935,28.04937759001203
a7d27205-d4ed-43b8-8ff9-6c67be7cf445,2026-02-03T10:03:15.764684,-26.22217825889276,28.040857253476357
f9af171c-bb45-4979-94fc-868c2edfb1b6,2026-02-03T10:03:16.764684,-26.18743928447342,28.064728252131104
69be8277-1297-4d71-859e-f6ee8ca2a97e,2026-02-03T10:03:17.764684,-26.204366550132917,28.051944053711125
0a50421f-809c-4024-89d1-24a616250d57,2026-02-03T10:03:18.764684,-26.20272065516841,28.05811715567735
fa17419e-c13f-4143-bc69-4efcc171c013,2026-02-03T10:03:19.764684,-26.214209020890777,28.061417619890108
91c8904a-b63f-4cfd-93f1-e75f606e6b0d,2026-02-03T10:03:20.764684,-26.189000605471602,28.033909185102388
ec8295fd-9ec5-4218-8232-b91fd1dbf654,2026-02-03T10:03:21.764684,-26.21943778466114,28.03691738400256
5b7f4659-ee48-466e-adcc-c6f062bd7e62,2026-02-03T10:03:22.764684,-26.200554285300495,28.048183278646494
cbfdf956-495d-4c77-928b-6f1cc2780134,2026-02-03T10:03:23.764684,-26.1857323548145,28.056825539798055
729c17ea-f7f8-47fc-990e-987b7899f19e,2026-02-03T10:03:24.764684,-26.223814603020433,28.033788971364512
78839d8c-7b42-4528-949c-499a347ba81a,2026-02-03T10:03:25.764684,-26.188187717752662,28.03776469870493
3afb9191-aa37-4091-afeb-afb845b7a4e1,2026-02-03T10:03:26.764684,-26.202488996271477,28.05972929449849
599ac612-d38c-4470-b780-95b841b06720,2026-02-03T10:03:27.764684,-26.2154653528418,28.051598770664366
53f41ea1-feb2-45af-9489-c545e5047620,2026-02-03T10:03:28.764684,-26.204606574965357,28.031397035045977
07a7e5d7-a28b-4412-aee7-e84cfd18cebe,2026-02-03T10:03:29.764684,-26.21051383880243,28.046505776444086
c3da8f8f-b3ce-40bd-b7fa-db92b124ff29,2026-02-03T10:03:30.764684,-26.202049037253094,28.062417618391702
fb185ab2-a5aa-44a1-a505-0282dce00f1d,2026-02-03T10:03:31.764684,-26.216927238044917,28.037601253065553
7913a3fd-aac5-4a2f-8535-43cde069dad2,2026-02-03T10:03:32.764684,-26.212876848251344,28.05853797510182
30fe9c5e-0ecd-4191-ab8a-2a37d1a4ccbd,2026-02-03T10:03:33.764684,-26.22311697432253,28.05394297969893
1df026bf-510f-4336-b627-4149339f2f3a,2026-02-03T10:03:34.764684,-26.18465133039687,28.049921601518765
638bef50-856c-44ac-a9ca-dc0edeb51559,2026-02-03T10:03:35.764684,-26.185876073458456,28.06017277361235
559b267c-5f1a-4b5c-a839-e61bd9aa0490,2026-02-03T10:03:36.764684,-26.207485977772002,28.060969021396883
831be886-9c6b-4c3c-9e04-70dbd74ee338,2026-02-03T10:03:37.764684,-26.21303236355252,28.03001344227682
3cda5af0-7bce-489d-adc3-96e952bc6142,2026-02-03T10:03:38.764684,-26.207480091846985,28.03558603327491
6167e89f-ba67-4dd0-a5ba-ce1c514c69f9,2026-02-03T10:03:39.764684,-26.22085420192269,28.048884664614217
b7fcf026-3baf-47a6-af3d-f489e91b2164,2026-02-03T10:03:40.764684,-26.20501848893215,28.064547421479045
0a1ef60a-cf49-4d78-9c78-f73c531b0822,2026-02-03T10:03:41.764684,-26.193569565532602,28.030649417935365
2118056a-f4e7-4caf-a811-78e8a9dbeade,2026-02-03T10:03:42.764684,-26.21368670915748,28.03891912067802
9d8eae8f-f1fa-409e-8c62-ef0983710441,2026-02-03T10:03:43.764684,-26.186176358938102,28.058465240868586
16627b92-4349-4ce7-8224-31cae1f4a826,2026-02-03T10:03:44.764684,-26.199383830681704,28.046290044227554
e4074643-85e9-4608-aeab-2e0f44960de7,2026-02-03T10:03:45.764684,-26.219658077908313,28.04519803007565
a54d2ed1-7d84-49ab-8e4c-41f9a768aa67,2026-02-03T10:03:46.764684,-26.205144606796797,28.04639213684322
4a6c1e83-1d20-4bcb-8a9f-5d3427f08292,2026-02-03T10:03:47.764684,-26.21594002791258,28.030962813103976
510c942d-6079-4585-88ba-a1ca699838a7,2026-02-03T10:03:48.764684,-26.213788249804537,28.05902680961249
c1ce08e2-3bdb-4cf0-91de-362647685f42,2026-02-03T10:03:49.764684,-26.215243793136143,28.027765595402556
d2285bd1-da9c-465c-91f7-0d6275f88864,2026-02-03T10:03:50.764684,-26.218607453822973,28.0366861871999
7a5bcd1d-c80e-4d16-ba3d-c0aa1275c7cc,2026-02-03T10:03:51.764684,-26.186668124300425,28.05672648009868
41589e75-c38e-4eab-945a-5a15b2f8e6d9,2026-02-03T10:03:52.764684,-26.212296046473725,28.06634082069531
c936a8e1-4831-411c-8d0b-4c1408554faf,2026-02-03T10:03:53.764684,-26.186743140126264,28.03280259019523
b6a2b27c-b48e-471a-bb5d-fc8cbf3cb374,2026-02-03T10:03:54.764684,-26.207695941047888,28.048574883683177
c5b93c31-0c8b-4c0e-92d4-164c11fc5b59,2026-02-03T10:03:55.764684,-26.20829428069007,28.056897763771005
fa23b058-9d86-4ce8-b120-ca0545291de9,2026-02-03T10:03:56.764684,-26.211070919957816,28.05300221326355
1122544b-7d5e-4315-ac85-844723a419db,2026-02-03T10:03:57.764684,-26.188279333067236,28.03894719614312
ca72a101-7676-4d0e-9bbb-5b01d6ea6443,2026-02-03T10:03:58.764684,-26.22033810535926,28.048255067427988
ac5a291d-2d66-413e-8b30-194978391b0b,2026-02-03T10:03:59.764684,-26.185470344717174,28.056900152697224
c854437c-0d26-4920-bdc1-3d9d9c8448bb,2026-02-03T10:04:00.764684,-26.1890882180191,28.066179480359693
d5b9c08b-99fb-4990-a4ca-46326050cc19,2026-02-03T10:04:01.764684,-26.202415035856685,28.05814429176593
f7687cc3-c84e-4d6e-8750-e59f96eeeeb1,2026-02-03T10:04:02.764684,-26.218982983687518,28.065595790772775
ab251391-b38b-43df-9742-31e14d8854d3,2026-02-03T10:04:03.764684,-26.196776688327116,28.037101774792895
01d28e79-2c7a-47a0-b6d7-3eb031300816,2026-02-03T10:04:04.764684,-26.196204441937898,28.053700237262394
43112086-f6ec-4bf8-bc59-229b44775a9f,2026-02-03T10:04:05.764684,-26.198532772537675,28.041579403979487
f1466f2f-8798-42dd-b57a-1dec5f8ce9a6,2026-02-03T10:04:06.764684,-26.217077743343648,28.035019983044652
3928a60c-3c25-49a0-a214-46798a4c512d,2026-02-03T10:04:07.764684,-26.197975497394097,28.03842714299637
8ef2dc9b-a6b6-44b5-8daf-48090b6dc24f,2026-02-03T10:04:08.764684,-26.205863393676537,28.064702938716078
9f0ac50f-9bef-4272-99de-a417552ab594,2026-02-03T10:04:09.764684,-26.20473760604842,28.036229631141094
295b7d2d-f6ca-491e-927c-7bd3d0fce9bb,2026-02-03T10:04:10.764684,-26.22191420393845,28.04537344041704
df66ad0a-9ded-4915-af96-78defa874da8,2026-02-03T10:04:11.764684,-26.18786623661965,28.040507776998062
81fd85d7-31b8-43ff-844f-0ddb76151a04,2026-02-03T10:04:12.764684,-26.21553156099951,28.051101674232495
52595e49-6e60-4da7-b5c8-f06f50e83886,2026-02-03T10:04:13.764684,-26.192485474895836,28.036871145247247
0f6fc167-bbde-46f5-83b8-70c64e9e3739,2026-02-03T10:04:14.764684,-26.19633092337858,28.053477206815508
86ceb0d5-3051-418b-a8a6-bfceea994459,2026-02-03T10:04:15.764684,-26.205435865539954,28.058911302886646
99159576-4a37-4763-852c-ec3f2325e72e,2026-02-03T10:04:16.764684,-26.197118611486953,28.05391893273566
2804269a-0992-4098-afca-e11adf036cd6,2026-02-03T10:04:17.764684,-26.192037908770402,28.06384635909155
4adecde3-a49b-4e61-b4bd-9b6814e953ca,2026-02-03T10:04:18.764684,-26.18957616266181,28.04938957972215
cac54e4c-3f50-4d00-b07c-0c062ff31353,2026-02-03T10:04:19.764684,-26.212093937441676,28.0610115886278
78397e90-de68-4238-b998-51046276652b,2026-02-03T10:04:20.764684,-26.20318878434716,28.065377876875814
7e392613-5fed-4b28-82bf-116d4b8070eb,2026-02-03T10:04:21.764684,-26.197048969527795,28.066846544964736
4eb80e09-5d57-4512-a521-36aa377b254a,2026-02-03T10:04:22.764684,-26.19193759766481,28.067180807619657
755bb9fc-7d3f-408e-b764-194d9a33c259,2026-02-03T10:04:23.764684,-26.195697354595364,28.038489294804712
36f78cf8-7727-4cf6-8f20-d6d5c3a8d768,2026-02-03T10:04:24.764684,-26.198361831550066,28.051642438151784
2cd95c30-dd45-4c66-bd82-30f5c394e0cd,2026-02-03T10:04:25.764684,-26.19476773656389,28.06040662940338
6de47d0e-97be-4e67-87b9-c7a09acb59d0,2026-02-03T10:04:26.764684,-26.191555334976737,28.046297567589225
d0e0287d-df34-40f8-af6c-451e343930ed,2026-02-03T10:04:27.764684,-26.212956280999748,28.040646218565076
658029e2-d951-431a-a86a-980ce813bf4e,2026-02-03T10:04:28.764684,-26.201304171253927,28.047603828750965
a6cf0802-9332-4fe7-bb87-7f983149fd7a,2026-02-03T10:04:29.764684,-26.207545375257858,28.029557374525897
c7b7861a-3d50-422d-babd-fa11357ed634,2026-02-03T10:04:30.764684,-26.21608612151122,28.047898676189533
09fc988e-f266-40bb-9385-1a19954f521a,2026-02-03T10:04:31.764684,-26.184964630270304,28.058115983169113
4e5be9e9-6672-422f-8359-b94c5e9c7bf9,2026-02-03T10:04:32.764684,-26.21445112010917,28.050600826975298
26f9c82f-4e5a-4499-ab56-d5dbd513711a,2026-02-03T10:04:33.764684,-26.193106305114753,28.04059665870626
6aa711d4-a096-4a79-bd36-0d4a62693db8,2026-02-03T10:04:34.764684,-26.19451419103167,28.06444267669873
f169e6a3-7afb-4b6d-a0a5-230ba6b9a2e4,2026-02-03T10:04:35.764684,-26.185790337697362,28.06217019335858
b727ce93-4098-460a-8611-295688744088,2026-02-03T10:04:36.764684,-26.209898818654754,28.040998247108426
9dea9a60-3ae0-48a6-8831-b18c116c7f9c,2026-02-03T10:04:37.764684,-26.222472295913875,28.060867025086278
c1a84cee-a6c1-455a-993e-1e90b27bf34c,2026-02-03T10:04:38.764684,-26.18993909419512,28.06493240904869
94467305-41cc-452b-99ec-305e0c751a23,2026-02-03T10:04:39.764684,-26.18881790525534,28.030174149654748
aa6265a1-f4db-43d8-a611-0cf8afb4dfcf,2026-02-03T10:04:40.764684,-26.217536417336603,28.053314964700395
48997e31-a4d4-4401-869b-1d81b1565d3a,2026-02-03T10:04:41.764684,-26.21621753749893,28.06294554535986
19ab4fe5-6072-45ef-b16c-17e2847ff363,2026-02-03T10:04:42.764684,-26.187941180944744,28.05512647355197
4bcaf9e8-1e53-40e6-a3bc-046a6fc4d15b,2026-02-03T10:04:43.764684,-26.212827919091847,28.053421700418458
30091f1e-ac11-4e70-b9e1-54b43a45368c,2026-02-03T10:04:44.764684,-26.184436676259445,28.054662203147725
7091d0bb-8ec1-4d1c-90eb-7a5e60cf47a7,2026-02-03T10:04:45.764684,-26.188884424409512,28.05874828220147
52055ed7-6c5b-4b3f-8472-984617e93774,2026-02-03T10:04:46.764684,-26.199967736927512,28.043478446908935
ad2c63c1-29fe-4e8d-ad59-080d72c3d018,2026-02-03T10:04:47.764684,-26.21783857806591,28.03474633486253
1f80b5fc-e1f8-4225-b162-3602582046ce,2026-02-03T10:04:48.764684,-26.20951408172156,28.0383991458584
5958ea51-b2f6-4a8f-89f6-699fdf6eb226,2026-02-03T10:04:49.764684,-26.216900957525194,28.03851539696649
009cb135-feac-4fcf-8048-1e1edac855fc,2026-02-03T10:04:50.764684,-26.198216091117494,28.038176245099763
87da5e3f-af2f-4c91-98c5-7e1471e0213c,2026-02-03T10:04:51.764684,-26.188799334057904,28.059486265877315
ae982a66-732f-4be6-bcaf-7cf1426ee368,2026-02-03T10:04:52.764684,-26.18661653891255,28.04693675407458
50053aed-22d4-40b5-9126-5f7518f87d8a,2026-02-03T10:04:53.764684,-26.21927467142759,28.044178950637853
01c263bb-f7eb-40d3-8abf-8ce00098a8ba,2026-02-03T10:04:54.764684,-26.21191401678092,28.037701133392098
f1ed698d-500f-40aa-b64a-8e6f801cfea8,2026-02-03T10:04:55.764684,-26.208343611437808,28.053685261857694
45b554a9-4f26-4ba3-ad57-86adcdec4ec9,2026-02-03T10:04:56.764684,-26.19329540555517,28.06462934465555
d007cace-9328-44ae-aa28-3bb057fb92e4,2026-02-03T10:04:57.764684,-26.21953623958185,28.0565271017179
f6501637-d4b5-453b-b330-2b6b21b4a861,2026-02-03T10:04:58.764684,-26.18462807227624,28.04064000362633
be09ddec-c24c-40bb-9ce5-048dff8874af,2026-02-03T10:04:59.764684,-26.18745730685485,28.04165908189945
6dc872df-7b93-4185-8ab5-a6f68605c2f9,2026-02-03T10:05:00.764684,-26.19336590206121,28.04179107854158
26b396d6-074a-4e46-bcac-97cf95e672d6,2026-02-03T10:05:01.764684,-26.198231393625267,28.048579303202583
faed97e4-3602-4b8e-8515-981f0eb3a81f,2026-02-03T10:05:02.764684,-26.21846097757749,28.051591266748144
176f33b2-71a8-45b2-b4a8-c607b7400fdb,2026-02-03T10:05:03.764684,-26.196831535426494,28.04482163912551
29482d07-fcbe-47df-9e94-8704206805b6,2026-02-03T10:05:04.764684,-26.22294332603996,28.042701817696123
aee1667b-9d5c-4df1-a75f-a05f286f11c4,2026-02-03T10:05:05.764684,-26.20487006316528,28.045314306301826
08e64a1e-4d6f-4b1a-bae6-94144274e920,2026-02-03T10:05:06.764684,-26.223965251247424,28.034516937221227
3818b92b-f518-4c28-8723-ee4dd3fb7584,2026-02-03T10:05:07.764684,-26.204172977179514,28.047252051371423
96276772-2039-4733-bb8c-baae57d9e729,2026-02-03T10:05:08.764684,-26.20093773278743,28.040112842832283
c88c674d-35ec-4756-9d73-553fffe51fbc,2026-02-03T10:05:09.764684,-26.19153487642204,28.064704899090483
c475f6e1-f7e5-4251-a5a8-8694dd2eef64,2026-02-03T10:05:10.764684,-26.19023634305801,28.048574831071118
069adfab-868d-475a-bbf6-55fe07cffebf,2026-02-03T10:05:11.764684,-26.214818538810352,28.065290262478555
8cc281f8-065d-42c0-879b-6ae1bbb5ed56,2026-02-03T10:05:12.764684,-26.187664630595286,28.049041512101198
181d1e60-70f7-4f1b-b7c5-d59a6fe8f421,2026-02-03T10:05:13.764684,-26.206001444245704,28.065560138982985
fdf0b4b0-6b52-40b0-9206-a99de90caba4,2026-02-03T10:05:14.764684,-26.18524337759946,28.06304352025236
31f810ce-b18b-4d06-9192-a91c76daf60b,2026-02-03T10:05:15.764684,-26.203007124198027,28.05122591051879
a4dc5726-acf2-4b27-8814-2cb9f2a17fb1,2026-02-03T10:05:16.764684,-26.20070414484034,28.03697398510937
bb61f7b1-ee55-4309-8712-a1e5570394e6,2026-02-03T10:05:17.764684,-26.20038918050042,28.03461729133369
ff0938d2-208f-4332-8d0e-1acbd3a91e7e,2026-02-03T10:05:18.764684,-26.212327090122393,28.040843722209985
8cf969c5-5795-42f4-8923-2f446b9504e2,2026-02-03T10:05:19.764684,-26.18460390832816,28.03380856742054
24931a81-d32c-4acf-be72-214074d0be74,2026-02-03T10:05:20.764684,-26.203757992666937,28.05042159337421
cd0f8b07-3ea1-41e1-9dcf-d90fb0c2b1a4,2026-02-03T10:05:21.764684,-26.199070429633718,28.030886973134947
fd36825f-2a41-49cc-a153-0dbb768d6e67,2026-02-03T10:05:22.764684,-26.223663916762376,28.040965124981234
8ae82cb8-8947-4f69-91d9-12fd196eb16c,2026-02-03T10:05:23.764684,-26.193857590158373,28.034702508192016
04626851-288c-4acc-af21-636900e16156,2026-02-03T10:05:24.764684,-26.204553732385047,28.050740184520876
962d4303-a645-476d-b6bf-9ad717616e3d,2026-02-03T10:05:25.764684,-26.221479535458204,28.034821074139867
eccb7439-de88-4480-a98b-50f2fc340bfe,2026-02-03T10:05:26.764684,-26.19457250041984,28.042522084682517
d31d6bf0-45a3-474f-8c3f-b32565501b1a,2026-02-03T10:05:27.764684,-26.19755685002609,28.05949077197994
160b219a-46f0-4e14-b9a6-c522590015a0,2026-02-03T10:05:28.764684,-26.218720390751848,28.05806284541444
76f84908-10d3-4dca-85be-7fd5149b673f,2026-02-03T10:05:29.764684,-26.189373614499196,28.0423329923355
9cd4dced-8d88-48f9-ada9-ff29898fb51a,2026-02-03T10:05:30.764684,-26.219788924605552,28.053406277658453
3b4b8976-4a78-4687-8576-1968675883a1,2026-02-03T10:05:31.764684,-26.220999573011287,28.036896779183188
d7448e43-5f36-4de6-a4ef-d97323223b16,2026-02-03T10:05:32.764684,-26.194620694698038,28.06073427906077
fa0920ba-a5f2-4c8e-b6be-a0efa880f1f2,2026-02-03T10:05:33.764684,-26.208085814152884,28.044613339190203
1c1aa678-f25e-42f9-9bed-0039fa44024d,2026-02-03T10:05:34.764684,-26.191099870851403,28.042650965787935
5f903966-4b1f-443f-aeca-abbb24077ccd,2026-02-03T10:05:35.764684,-26.216485991090305,28.059297793063113
2b8fe028-4988-4c3d-95a9-e8cbeb1b922b,2026-02-03T10:05:36.764684,-26.196573292259874,28.05314914411661
fe94fef6-b6ad-434f-b94d-334a0ab902ca,2026-02-03T10:05:37.764684,-26.198014159401318,28.046932858786533
21741294-aad7-447b-a7bd-d2f91965824b,2026-02-03T10:05:38.764684,-26.21767498440541,28.056961975834856
f177831f-2aa7-421d-87f3-49385a8ef960,2026-02-03T10:05:39.764684,-26.2172723677416,28.047474697050546
e447a659-dd33-44fe-83d3-b3784eb8f046,2026-02-03T10:05:40.764684,-26.21000660468459,28.057977352684233
19732c87-4d75-4916-92ee-5a8ad883e854,2026-02-03T10:05:41.764684,-26.218547271406518,28.05651233855198
03cdb06b-34ad-41fd-8651-686c77c57105,2026-02-03T10:05:42.764684,-26.18768440970866,28.043866462417004
8f75f6b6-a874-4927-8a2e-d11f772146df,2026-02-03T10:05:43.764684,-26.193514058622746,28.039082611292056
00226f35-b7c6-46ae-a0c2-d970bc0889e6,2026-02-03T10:05:44.764684,-26.191778423237547,28.03791628400254
99251e5f-62ff-4ddf-aaf6-c5f2cf61b8b0,2026-02-03T10:05:45.764684,-26.193069522723636,28.03030897253441
18cc1a45-61b3-4d96-a4db-032b2bcd3a6e,2026-02-03T10:05:46.764684,-26.217215531731412,28.05971632759668
815dc761-2322-45e7-97b3-2b0765cf034c,2026-02-03T10:05:47.764684,-26.204340482554137,28.04256177858956
ad8df79f-7d58-4ed4-822e-71a810ecc807,2026-02-03T10:05:48.764684,-26.21371561294649,28.05720310663797
1aa873c9-b405-454b-8d1f-254fb6306f52,2026-02-03T10:05:49.764684,-26.192216023176005,28.041954547700914
beb3ac6b-93da-4bc6-b1e5-f235f1946cb5,2026-02-03T10:05:50.764684,-26.197877742591547,28.04506665386833
ef22b178-e73e-4fbe-9613-681ee7a27926,2026-02-03T10:05:51.764684,-26.20605727691869,28.047441083679292
e4ef5831-7d92-4a7b-8610-c044492507f7,2026-02-03T10:05:52.764684,-26.208675521552394,28.065758378287377
5c1153c7-eae5-4a11-835f-e4ba525e8853,2026-02-03T10:05:53.764684,-26.206037868080255,28.030605212714658
4ef6e363-8c9a-4324-bd4e-3bf13312af34,2026-02-03T10:05:54.764684,-26.20225497224535,28.041834855706217
09702060-d92a-45f8-8561-04b2cf3f4745,2026-02-03T10:05:55.764684,-26.215930689378126,28.05174407296037
f564de35-23a4-4163-a257-0a3d85ec730e,2026-02-03T10:05:56.764684,-26.22249938408182,28.05119391931157
61214bac-a816-4b26-a39a-70e0cfc53a7c,2026-02-03T10:05:57.764684,-26.219087730472697,28.03359098122135
53f8feb9-7de1-49be-b31d-81096ed0fa3f,2026-02-03T10:05:58.764684,-26.206499799791033,28.05818542823169
ddef9604-4f64-4c92-914b-cb5d2ffbb702,2026-02-03T10:05:59.764684,-26.19476639835537,28.04394358520186
e0bd5a2b-632e-4448-bf07-03c704420ff2,2026-02-03T10:06:00.764684,-26.194006863843214,28.061794826520497
a13b487a-eef4-4003-a60f-3961d0beeebc,2026-02-03T10:06:01.764684,-26.200779721166217,28.061529070599477
90dccaa2-4b02-4200-af39-aa4eea4f1f99,2026-02-03T10:06:02.764684,-26.20426878818656,28.052726517870767
459d3bd6-8e50-4408-b21c-675c23d95f90,2026-02-03T10:06:03.764684,-26.18910059363862,28.03882411734409
c4286867-e415-457a-84d2-3d57b3dd3c94,2026-02-03T10:06:04.764684,-26.1976376173949,28.04569886635148
ac79e7d0-28f6-4395-b374-41dcaa19fd38,2026-02-03T10:06:05.764684,-26.1937497413715,28.066489882395697
c96d7696-3a15-44cf-ab4b-eea6f833fa55,2026-02-03T10:06:06.764684,-26.214035556311664,28.0654327947705
fdead4cb-223c-472d-86e2-26d8f19f40a1,2026-02-03T10:06:07.764684,-26.21391359910536,28.05446412985896
46eb6656-70ff-4de7-ba78-f6ad7e339b0a,2026-02-03T10:06:08.764684,-26.206127211092205,28.062154113362368
7b3a6180-a1c6-4808-b166-b2a7a96e13b0,2026-02-03T10:06:09.764684,-26.191685553420818,28.044183697189933
44462a21-b2dd-4845-829e-49114f55977f,2026-02-03T10:06:10.764684,-26.215689960226317,28.059964426057324
711155b6-2fc8-457d-8854-f816d9f95506,2026-02-03T10:06:11.764684,-26.214591597651165,28.057490699500804
06afbc77-e60b-4266-8fe0-1bdc7fe6b945,2026-02-03T10:06:12.764684,-26.22223179399794,28.05309914070539
54d2b08b-39eb-40e1-a33a-7725c195b2c6,2026-02-03T10:06:13.764684,-26.189037867553154,28.05548501883979
d15523d6-3af1-46e2-a4ba-09d401e8e2da,2026-02-03T10:06:14.764684,-26.18528405849269,28.049334556085732
abe51dee-3efb-45be-bb54-5e8d45ba2f1f,2026-02-03T10:06:15.764684,-26.188236664703346,28.05762768133744
8ff30f6d-9526-4135-848e-8ecb268565e4,2026-02-03T10:06:16.764684,-26.196350478385778,28.043930189740372
a0d33fd4-aa5c-444e-ba6f-68a57642981e,2026-02-03T10:06:17.764684,-26.198555666134002,28.034960843492343
d70eba2d-f24b-48d2-843c-b7e257f22429,2026-02-03T10:06:18.764684,-26.204427705238164,28.030466360520432
bcb903c5-6c3c-45de-a242-d61d4183cef6,2026-02-03T10:06:19.764684,-26.211887225902444,28.03509882686178
213cbee6-53c6-4d4b-b78a-a534cb594073,2026-02-03T10:06:20.764684,-26.218200237349258,28.049425006969248
